# WaveFront *.obj file (generated by Autodesk ATF)

mtllib Cat Print.mtl

g Body1

v 5.100000 5.110000 1.500000
v 5.086516 5.097465 1.500000
v 5.075154 5.083475 1.500000
v 5.065901 5.068042 1.500000
v 5.058730 5.051195 1.500000
v 5.050372 5.013519 1.500000
v 5.049154 4.971379 1.500000
v 5.082217 4.789661 1.500000
v 5.151873 4.585962 1.500000
v 5.274767 4.328751 1.500000
v 5.472984 3.931007 1.500000
v 5.632745 3.690613 1.500000
v 5.723838 3.571997 1.500000
v 5.787118 3.475814 1.500000
v 5.803200 3.436087 1.500000
v 5.810118 3.398090 1.500000
v 5.809153 3.310087 1.500000
v 5.808467 3.058994 1.500000
v 5.824682 2.828734 1.500000
v 5.890964 2.619515 1.500000
v 6.073727 2.217054 1.500000
v 6.165676 2.025917 1.500000
v 6.180469 1.987099 1.500000
v 6.188638 1.950852 1.500000
v 6.189455 1.915290 1.500000
v 6.183617 1.878362 1.500000
v 6.138851 1.685734 1.500000
v 6.117851 1.409870 1.500000
v 6.109914 1.116722 1.500000
v 6.115038 0.861476 1.500000
v 6.118682 0.603917 1.500000
v 6.107142 0.482147 1.500000
v 6.082121 0.388016 1.500000
v 6.011151 0.235036 1.500000
v 5.939797 0.019552 1.500000
v 5.670796 -0.824055 1.500000
v 5.539785 -1.238868 1.500000
v 5.473062 -1.422511 1.500000
v 5.388828 -1.650619 1.500000
v 5.224153 -2.030561 1.500000
v 5.080355 -2.483551 1.500000
v 4.941467 -2.944756 1.500000
v 4.919550 -3.184062 1.500000
v 4.897839 -3.469402 1.500000
v 4.890680 -4.051724 1.500000
v 4.949772 -4.590312 1.500000
v 5.081592 -5.153749 1.500000
v 5.204406 -5.448749 1.500000
v 5.369024 -5.732100 1.500000
v 5.541642 -5.952067 1.500000
v 5.714118 -6.125442 1.500000
v 5.897583 -6.258841 1.500000
v 6.114808 -6.355811 1.500000
v 6.352795 -6.438514 1.500000
v 6.555742 -6.465476 1.500000
v 6.819489 -6.465901 1.500000
v 7.192804 -6.467433 1.500000
v 7.564127 -6.457752 1.500000
v 7.823678 -6.459868 1.500000
v 7.999957 -6.480020 1.500000
v 8.208800 -6.509781 1.500000
v 8.753255 -6.606656 1.500000
v 9.300000 -6.650000 1.500000
v 9.300000 -6.650000 1.600000
v 8.753255 -6.606656 1.600000
v 8.208800 -6.509781 1.600000
v 7.999957 -6.480020 1.600000
v 7.823678 -6.459868 1.600000
v 7.564127 -6.457752 1.600000
v 7.192804 -6.467433 1.600000
v 6.819489 -6.465901 1.600000
v 6.555742 -6.465476 1.600000
v 6.352795 -6.438514 1.600000
v 6.114808 -6.355811 1.600000
v 5.897583 -6.258841 1.600000
v 5.714118 -6.125442 1.600000
v 5.541642 -5.952067 1.600000
v 5.369024 -5.732100 1.600000
v 5.204406 -5.448749 1.600000
v 5.081592 -5.153749 1.600000
v 4.949772 -4.590312 1.600000
v 4.890680 -4.051724 1.600000
v 4.897839 -3.469402 1.600000
v 4.919550 -3.184062 1.600000
v 4.941467 -2.944756 1.600000
v 5.080355 -2.483551 1.600000
v 5.224153 -2.030561 1.600000
v 5.388828 -1.650619 1.600000
v 5.473062 -1.422511 1.600000
v 5.539785 -1.238868 1.600000
v 5.670796 -0.824055 1.600000
v 5.939797 0.019552 1.600000
v 6.011151 0.235036 1.600000
v 6.082121 0.388016 1.600000
v 6.107142 0.482147 1.600000
v 6.118682 0.603917 1.600000
v 6.115038 0.861476 1.600000
v 6.109914 1.116722 1.600000
v 6.117851 1.409870 1.600000
v 6.138851 1.685734 1.600000
v 6.183617 1.878362 1.600000
v 6.189455 1.915290 1.600000
v 6.188638 1.950852 1.600000
v 6.180469 1.987099 1.600000
v 6.165676 2.025917 1.600000
v 6.073727 2.217054 1.600000
v 5.890964 2.619515 1.600000
v 5.824682 2.828734 1.600000
v 5.808467 3.058994 1.600000
v 5.809153 3.310087 1.600000
v 5.810118 3.398090 1.600000
v 5.803200 3.436087 1.600000
v 5.787118 3.475814 1.600000
v 5.723838 3.571997 1.600000
v 5.632745 3.690613 1.600000
v 5.472984 3.931007 1.600000
v 5.274767 4.328751 1.600000
v 5.151873 4.585962 1.600000
v 5.082217 4.789661 1.600000
v 5.049154 4.971379 1.600000
v 5.050372 5.013519 1.600000
v 5.058730 5.051195 1.600000
v 5.065901 5.068042 1.600000
v 5.075154 5.083475 1.600000
v 5.086516 5.097465 1.600000
v 5.100000 5.110000 1.600000
v 9.303265 -6.600096 0.000000
v 9.302231 -6.600050 0.000000
v 8.759553 -6.557054 0.000000
v 8.217807 -6.461037 0.000000
v 8.006428 -6.430034 0.000000
v 7.827408 -6.410077 0.000000
v 7.562616 -6.407799 0.000000
v 7.191884 -6.416740 0.000000
v 6.820522 -6.416114 0.000000
v 6.556995 -6.415433 0.000000
v 6.365600 -6.390188 0.000000
v 6.132933 -6.309447 0.000000
v 5.922276 -6.214485 0.000000
v 5.747489 -6.088429 0.000000
v 5.578828 -5.918813 0.000000
v 5.410090 -5.703313 0.000000
v 5.249582 -5.427004 0.000000
v 5.128960 -5.137762 0.000000
v 4.999250 -4.582547 0.000000
v 4.939882 -4.048217 0.000000
v 4.947850 -3.473160 0.000000
v 4.968798 -3.187780 0.000000
v 4.991484 -2.952863 0.000000
v 5.128188 -2.497506 0.000000
v 5.196054 -2.256996 0.000000
v 5.269991 -2.050834 0.000000
v 5.436162 -1.667111 0.000000
v 5.519657 -1.440678 0.000000
v 5.587266 -1.254706 0.000000
v 5.718932 -0.838193 0.000000
v 5.986798 0.004209 0.000000
v 6.057800 0.216284 0.000000
v 6.128763 0.370291 0.000000
v 6.156270 0.474211 0.000000
v 6.168331 0.601882 0.000000
v 6.165268 0.863303 0.000000
v 6.159903 1.116332 0.000000
v 6.167529 1.408296 0.000000
v 6.188592 1.677782 0.000000
v 6.232872 1.867988 0.000000
v 6.239346 1.911550 0.000000
v 6.238129 1.956700 0.000000
v 6.228161 2.001107 0.000000
v 6.211630 2.045386 0.000000
v 6.119657 2.238176 0.000000
v 5.937140 2.638847 0.000000
v 5.874002 2.837374 0.000000
v 5.858464 3.060415 0.000000
v 5.859172 3.308006 0.000000
v 5.860086 3.402883 0.000000
v 5.851207 3.450026 0.000000
v 5.831366 3.498746 0.000000
v 5.517054 3.954378 0.000000
v 5.426499 4.141835 0.000000
v 5.319095 4.351878 0.000000
v 5.198113 4.605180 0.000000
v 5.130434 4.802438 0.000000
v 5.099598 4.973334 0.000000
v 5.100164 5.007779 0.000000
v 5.105809 5.034646 0.000000
v 5.110245 5.045409 0.000000
v 5.115890 5.054855 0.000000
v 5.122921 5.063330 0.000000
v 5.131512 5.071180 0.000000
v 5.134423 5.073543 0.000000
v 5.134423 5.073543 1.600000
v 5.131512 5.071180 1.600000
v 5.122921 5.063330 1.600000
v 5.115890 5.054855 1.600000
v 5.110245 5.045409 1.600000
v 5.105809 5.034646 1.600000
v 5.100164 5.007779 1.600000
v 5.099598 4.973334 1.600000
v 5.130434 4.802438 1.600000
v 5.198113 4.605180 1.600000
v 5.319095 4.351878 1.600000
v 5.426499 4.141835 1.600000
v 5.517054 3.954378 1.600000
v 5.831366 3.498746 1.600000
v 5.851207 3.450026 1.600000
v 5.860086 3.402883 1.600000
v 5.859172 3.308006 1.600000
v 5.858464 3.060415 1.600000
v 5.874002 2.837374 1.600000
v 5.937140 2.638847 1.600000
v 6.119657 2.238176 1.600000
v 6.211630 2.045386 1.600000
v 6.228161 2.001107 1.600000
v 6.238129 1.956700 1.600000
v 6.239346 1.911550 1.600000
v 6.232872 1.867988 1.600000
v 6.188592 1.677782 1.600000
v 6.167529 1.408296 1.600000
v 6.159903 1.116332 1.600000
v 6.165268 0.863303 1.600000
v 6.168331 0.601882 1.600000
v 6.156270 0.474211 1.600000
v 6.128763 0.370291 1.600000
v 6.057800 0.216284 1.600000
v 5.986798 0.004209 1.600000
v 5.718932 -0.838193 1.600000
v 5.587266 -1.254706 1.600000
v 5.519657 -1.440678 1.600000
v 5.436162 -1.667111 1.600000
v 5.269991 -2.050834 1.600000
v 5.196054 -2.256996 1.600000
v 5.128188 -2.497506 1.600000
v 4.991484 -2.952863 1.600000
v 4.968798 -3.187780 1.600000
v 4.947850 -3.473160 1.600000
v 4.939882 -4.048217 1.600000
v 4.999250 -4.582547 1.600000
v 5.128960 -5.137762 1.600000
v 5.249582 -5.427004 1.600000
v 5.410090 -5.703313 1.600000
v 5.578828 -5.918813 1.600000
v 5.747489 -6.088429 1.600000
v 5.922276 -6.214485 1.600000
v 6.132933 -6.309447 1.600000
v 6.365600 -6.390188 1.600000
v 6.556995 -6.415433 1.600000
v 6.820522 -6.416114 1.600000
v 7.191884 -6.416740 1.600000
v 7.562616 -6.407799 1.600000
v 7.827408 -6.410077 1.600000
v 8.006428 -6.430034 1.600000
v 8.217807 -6.461037 1.600000
v 8.759553 -6.557054 1.600000
v 9.302231 -6.600050 1.600000
v 9.303265 -6.600096 1.600000
v 8.759553 -6.557054 0.533333
v 5.131512 5.071180 1.066667
v 5.131512 5.071180 0.266667
v 5.122921 5.063330 0.266667
v 5.115890 5.054855 0.266667
v 5.110245 5.045409 0.266667
v 5.105809 5.034646 0.266667
v 5.100164 5.007779 0.266667
v 5.099598 4.973334 0.266667
v 5.130434 4.802438 0.266667
v 5.198113 4.605180 0.266667
v 5.319095 4.351878 0.266667
v 5.426499 4.141835 0.266667
v 5.517054 3.954378 0.266667
v 5.831366 3.498746 0.266667
v 5.851207 3.450026 0.266667
v 5.860086 3.402883 0.266667
v 5.859172 3.308006 0.266667
v 5.858464 3.060415 0.266667
v 5.874002 2.837374 0.266667
v 5.937140 2.638847 0.266667
v 6.119657 2.238176 0.266667
v 6.211630 2.045386 0.266667
v 6.228161 2.001107 0.266667
v 6.238129 1.956700 0.266667
v 6.239346 1.911550 0.266667
v 6.232872 1.867988 0.266667
v 6.188592 1.677782 0.266667
v 6.167529 1.408296 0.266667
v 6.159903 1.116332 0.266667
v 6.165268 0.863303 0.266667
v 6.168331 0.601882 0.266667
v 6.156270 0.474211 0.266667
v 6.128763 0.370291 0.266667
v 6.057800 0.216284 0.266667
v 5.986798 0.004209 0.266667
v 5.718932 -0.838193 0.266667
v 5.587266 -1.254706 0.266667
v 5.519657 -1.440678 0.266667
v 5.436162 -1.667111 0.266667
v 5.269991 -2.050834 0.266667
v 5.196054 -2.256996 0.266667
v 5.128188 -2.497506 0.266667
v 4.991484 -2.952863 0.266667
v 4.968798 -3.187780 0.266667
v 4.947850 -3.473160 0.266667
v 4.939882 -4.048217 0.266667
v 4.999250 -4.582547 0.266667
v 5.128960 -5.137762 0.266667
v 5.249582 -5.427004 0.266667
v 5.410090 -5.703313 0.266667
v 5.578828 -5.918813 0.266667
v 5.747489 -6.088429 0.266667
v 5.922276 -6.214485 0.266667
v 6.132933 -6.309447 0.266667
v 6.365600 -6.390188 0.266667
v 6.556995 -6.415433 0.266667
v 6.820522 -6.416114 0.266667
v 7.191884 -6.416740 0.266667
v 7.562616 -6.407799 0.266667
v 7.827408 -6.410077 0.266667
v 8.006428 -6.430034 0.266667
v 8.217807 -6.461037 0.266667
v 8.759553 -6.557054 0.266667
v 8.759553 -6.557054 1.333333
v 8.217807 -6.461037 1.333333
v 8.006428 -6.430034 1.333333
v 7.827408 -6.410077 1.333333
v 7.562616 -6.407799 1.333333
v 7.191884 -6.416740 1.333333
v 6.820522 -6.416114 1.333333
v 6.556995 -6.415433 1.333333
v 6.365600 -6.390188 1.333333
v 6.132933 -6.309447 1.333333
v 5.922276 -6.214485 1.333333
v 5.747489 -6.088429 1.333333
v 5.578828 -5.918813 1.333333
v 5.410090 -5.703313 1.333333
v 5.249582 -5.427004 1.333333
v 5.128960 -5.137762 1.333333
v 4.999250 -4.582547 1.333333
v 4.939882 -4.048217 1.333333
v 4.947850 -3.473160 1.333333
v 4.968798 -3.187780 1.333333
v 4.991484 -2.952863 1.333333
v 5.128188 -2.497506 1.333333
v 5.196054 -2.256996 1.333333
v 5.269991 -2.050834 1.333333
v 5.436162 -1.667111 1.333333
v 5.519657 -1.440678 1.333333
v 5.587266 -1.254706 1.333333
v 5.718932 -0.838193 1.333333
v 5.986798 0.004209 1.333333
v 6.057800 0.216284 1.333333
v 6.128763 0.370291 1.333333
v 6.156270 0.474211 1.333333
v 6.168331 0.601882 1.333333
v 6.165268 0.863303 1.333333
v 6.159903 1.116332 1.333333
v 6.167529 1.408296 1.333333
v 6.188592 1.677782 1.333333
v 6.232872 1.867988 1.333333
v 6.239346 1.911550 1.333333
v 6.238129 1.956700 1.333333
v 6.228161 2.001107 1.333333
v 6.211630 2.045386 1.333333
v 6.119657 2.238176 1.333333
v 5.937140 2.638847 1.333333
v 5.874002 2.837374 1.333333
v 5.858464 3.060415 1.333333
v 5.859172 3.308006 1.333333
v 5.860086 3.402883 1.333333
v 5.851207 3.450026 1.333333
v 5.831366 3.498746 1.333333
v 5.517054 3.954378 1.333333
v 5.426499 4.141835 1.333333
v 5.319095 4.351878 1.333333
v 5.198113 4.605180 1.333333
v 5.130434 4.802438 1.333333
v 5.099598 4.973334 1.333333
v 5.100164 5.007779 1.333333
v 5.105809 5.034646 1.333333
v 5.110245 5.045409 1.333333
v 5.115890 5.054855 1.333333
v 5.122921 5.063330 1.333333
v 5.131512 5.071180 1.333333
v 5.131512 5.071180 0.533333
v 5.122921 5.063330 0.533333
v 5.115890 5.054855 0.533333
v 5.110245 5.045409 0.533333
v 5.105809 5.034646 0.533333
v 5.100164 5.007779 0.533333
v 5.099598 4.973334 0.533333
v 5.130434 4.802438 0.533333
v 5.198113 4.605180 0.533333
v 5.319095 4.351878 0.533333
v 5.426499 4.141835 0.533333
v 5.517054 3.954378 0.533333
v 5.831366 3.498746 0.533333
v 5.851207 3.450026 0.533333
v 5.860086 3.402883 0.533333
v 5.859172 3.308006 0.533333
v 5.858464 3.060415 0.533333
v 5.874002 2.837374 0.533333
v 5.937140 2.638847 0.533333
v 6.119657 2.238176 0.533333
v 6.211630 2.045386 0.533333
v 6.228161 2.001107 0.533333
v 6.238129 1.956700 0.533333
v 6.239346 1.911550 0.533333
v 6.232872 1.867988 0.533333
v 6.188592 1.677782 0.533333
v 6.167529 1.408296 0.533333
v 6.159903 1.116332 0.533333
v 6.165268 0.863303 0.533333
v 6.168331 0.601882 0.533333
v 6.156270 0.474211 0.533333
v 6.128763 0.370291 0.533333
v 6.057800 0.216284 0.533333
v 5.986798 0.004209 0.533333
v 5.718932 -0.838193 0.533333
v 5.587266 -1.254706 0.533333
v 5.519657 -1.440678 0.533333
v 5.436162 -1.667111 0.533333
v 5.269991 -2.050834 0.533333
v 5.196054 -2.256996 0.533333
v 5.128188 -2.497506 0.533333
v 4.991484 -2.952863 0.533333
v 4.968798 -3.187780 0.533333
v 4.947850 -3.473160 0.533333
v 4.939882 -4.048217 0.533333
v 4.999250 -4.582547 0.533333
v 5.128960 -5.137762 0.533333
v 5.249582 -5.427004 0.533333
v 5.410090 -5.703313 0.533333
v 5.578828 -5.918813 0.533333
v 5.747489 -6.088429 0.533333
v 5.922276 -6.214485 0.533333
v 6.132933 -6.309447 0.533333
v 6.365600 -6.390188 0.533333
v 6.556995 -6.415433 0.533333
v 6.820522 -6.416114 0.533333
v 7.191884 -6.416740 0.533333
v 7.562616 -6.407799 0.533333
v 7.827408 -6.410077 0.533333
v 8.006428 -6.430034 0.533333
v 8.217807 -6.461037 0.533333
v 8.759553 -6.557054 1.066667
v 5.131512 5.071180 0.800000
v 5.122921 5.063330 0.800000
v 5.115890 5.054855 0.800000
v 5.110245 5.045409 0.800000
v 5.105809 5.034646 0.800000
v 5.100164 5.007779 0.800000
v 5.099598 4.973334 0.800000
v 5.130434 4.802438 0.800000
v 5.198113 4.605180 0.800000
v 5.319095 4.351878 0.800000
v 5.426499 4.141835 0.800000
v 5.517054 3.954378 0.800000
v 5.831366 3.498746 0.800000
v 5.851207 3.450026 0.800000
v 5.860086 3.402883 0.800000
v 5.859172 3.308006 0.800000
v 5.858464 3.060415 0.800000
v 5.874002 2.837374 0.800000
v 5.937140 2.638847 0.800000
v 6.119657 2.238176 0.800000
v 6.211630 2.045386 0.800000
v 6.228161 2.001107 0.800000
v 6.238129 1.956700 0.800000
v 6.239346 1.911550 0.800000
v 6.232872 1.867988 0.800000
v 6.188592 1.677782 0.800000
v 6.167529 1.408296 0.800000
v 6.159903 1.116332 0.800000
v 6.165268 0.863303 0.800000
v 6.168331 0.601882 0.800000
v 6.156270 0.474211 0.800000
v 6.128763 0.370291 0.800000
v 6.057800 0.216284 0.800000
v 5.986798 0.004209 0.800000
v 5.718932 -0.838193 0.800000
v 5.587266 -1.254706 0.800000
v 5.519657 -1.440678 0.800000
v 5.436162 -1.667111 0.800000
v 5.269991 -2.050834 0.800000
v 5.196054 -2.256996 0.800000
v 5.128188 -2.497506 0.800000
v 4.991484 -2.952863 0.800000
v 4.968798 -3.187780 0.800000
v 4.947850 -3.473160 0.800000
v 4.939882 -4.048217 0.800000
v 4.999250 -4.582547 0.800000
v 5.128960 -5.137762 0.800000
v 5.249582 -5.427004 0.800000
v 5.410090 -5.703313 0.800000
v 5.578828 -5.918813 0.800000
v 5.747489 -6.088429 0.800000
v 5.922276 -6.214485 0.800000
v 6.132933 -6.309447 0.800000
v 6.365600 -6.390188 0.800000
v 6.556995 -6.415433 0.800000
v 6.820522 -6.416114 0.800000
v 7.191884 -6.416740 0.800000
v 7.562616 -6.407799 0.800000
v 7.827408 -6.410077 0.800000
v 8.006428 -6.430034 0.800000
v 8.217807 -6.461037 0.800000
v 8.759553 -6.557054 0.800000
v 5.122921 5.063330 1.066667
v 5.115890 5.054855 1.066667
v 5.110245 5.045409 1.066667
v 5.105809 5.034646 1.066667
v 5.100164 5.007779 1.066667
v 5.099598 4.973334 1.066667
v 5.130434 4.802438 1.066667
v 5.198113 4.605180 1.066667
v 5.319095 4.351878 1.066667
v 5.426499 4.141835 1.066667
v 5.517054 3.954378 1.066667
v 5.831366 3.498746 1.066667
v 5.851207 3.450026 1.066667
v 5.860086 3.402883 1.066667
v 5.859172 3.308006 1.066667
v 5.858464 3.060415 1.066667
v 5.874002 2.837374 1.066667
v 5.937140 2.638847 1.066667
v 6.119657 2.238176 1.066667
v 6.211630 2.045386 1.066667
v 6.228161 2.001107 1.066667
v 6.238129 1.956700 1.066667
v 6.239346 1.911550 1.066667
v 6.232872 1.867988 1.066667
v 6.188592 1.677782 1.066667
v 6.167529 1.408296 1.066667
v 6.159903 1.116332 1.066667
v 6.165268 0.863303 1.066667
v 6.168331 0.601882 1.066667
v 6.156270 0.474211 1.066667
v 6.128763 0.370291 1.066667
v 6.057800 0.216284 1.066667
v 5.986798 0.004209 1.066667
v 5.718932 -0.838193 1.066667
v 5.587266 -1.254706 1.066667
v 5.519657 -1.440678 1.066667
v 5.436162 -1.667111 1.066667
v 5.269991 -2.050834 1.066667
v 5.196054 -2.256996 1.066667
v 5.128188 -2.497506 1.066667
v 4.991484 -2.952863 1.066667
v 4.968798 -3.187780 1.066667
v 4.947850 -3.473160 1.066667
v 4.939882 -4.048217 1.066667
v 4.999250 -4.582547 1.066667
v 5.128960 -5.137762 1.066667
v 5.249582 -5.427004 1.066667
v 5.410090 -5.703313 1.066667
v 5.578828 -5.918813 1.066667
v 5.747489 -6.088429 1.066667
v 5.922276 -6.214485 1.066667
v 6.132933 -6.309447 1.066667
v 6.365600 -6.390188 1.066667
v 6.556995 -6.415433 1.066667
v 6.820522 -6.416114 1.066667
v 7.191884 -6.416740 1.066667
v 7.562616 -6.407799 1.066667
v 7.827408 -6.410077 1.066667
v 8.006428 -6.430034 1.066667
v 8.217807 -6.461037 1.066667
v 5.136949 5.076314 0.000000
v 5.151338 5.089722 0.000000
v 5.167587 5.100276 0.000000
v 5.185944 5.108036 0.000000
v 5.206659 5.113060 0.000000
v 5.255498 5.115032 0.000000
v 5.309826 5.105150 0.000000
v 5.368772 5.081954 0.000000
v 5.435827 5.043058 0.000000
v 5.610178 4.923010 0.000000
v 5.813553 4.791376 0.000000
v 5.978793 4.703074 0.000000
v 6.105885 4.633540 0.000000
v 6.140490 4.617826 0.000000
v 6.178984 4.606091 0.000000
v 6.220592 4.602264 0.000000
v 6.262062 4.607165 0.000000
v 6.300142 4.620662 0.000000
v 6.333839 4.638584 0.000000
v 6.393381 4.679089 0.000000
v 6.524771 4.761984 0.000000
v 6.947758 5.013820 0.000000
v 7.296988 5.124982 0.000000
v 7.337012 5.148489 0.000000
v 7.374846 5.178527 0.000000
v 7.439688 5.256113 0.000000
v 7.487929 5.351203 0.000000
v 7.517925 5.457205 0.000000
v 7.555136 5.915823 0.000000
v 7.593472 6.154743 0.000000
v 7.666998 6.385142 0.000000
v 7.716641 6.484702 0.000000
v 7.771647 6.563345 0.000000
v 7.799858 6.592016 0.000000
v 7.826865 6.612340 0.000000
v 7.852124 6.624775 0.000000
v 7.863936 6.628187 0.000000
v 7.875115 6.629809 0.000000
v 7.885994 6.629762 0.000000
v 7.897237 6.628090 0.000000
v 7.921145 6.619328 0.000000
v 7.947441 6.602433 0.000000
v 7.976581 6.576409 0.000000
v 8.103522 6.405116 0.000000
v 8.340264 6.016814 0.000000
v 8.490450 5.665921 0.000000
v 8.557603 5.422740 0.000000
v 8.642140 5.149142 0.000000
v 8.741700 4.882764 0.000000
v 8.838829 4.652089 0.000000
v 9.028994 4.253302 0.000000
v 9.120576 4.066285 0.000000
v 9.179592 3.905158 0.000000
v 9.211526 3.719645 0.000000
v 9.227877 3.467313 0.000000
v 9.209393 3.204669 0.000000
v 9.145397 2.987979 0.000000
v 9.069304 2.783906 0.000000
v 9.048296 2.671276 0.000000
v 9.049489 2.551375 0.000000
v 9.073946 2.429533 0.000000
v 9.121601 2.310955 0.000000
v 9.262841 2.093274 0.000000
v 9.409927 1.887838 0.000000
v 9.517206 1.669278 0.000000
v 9.577860 1.420823 0.000000
v 9.602245 1.172379 0.000000
v 9.604163 0.978161 0.000000
v 9.604774 0.814670 0.000000
v 9.633107 0.584108 0.000000
v 9.702729 0.305257 0.000000
v 9.752567 0.183856 0.000000
v 9.810678 0.086767 0.000000
v 9.934796 -0.058907 0.000000
v 10.053344 -0.237578 0.000000
v 10.145792 -0.447119 0.000000
v 10.276899 -0.827760 0.000000
v 10.506503 -1.338456 0.000000
v 10.695561 -1.781043 0.000000
v 10.881458 -2.303712 0.000000
v 10.973969 -2.827011 0.000000
v 11.020345 -3.125708 0.000000
v 11.067016 -3.482434 0.000000
v 11.066813 -3.888145 0.000000
v 10.984172 -4.294224 0.000000
v 10.923277 -4.471789 0.000000
v 10.866356 -4.615172 0.000000
v 10.830153 -4.717988 0.000000
v 10.825954 -4.738575 0.000000
v 10.825329 -4.760983 0.000000
v 10.827630 -4.774835 0.000000
v 10.830137 -4.782360 0.000000
v 10.833863 -4.789999 0.000000
v 10.839043 -4.797536 0.000000
v 10.845914 -4.804757 0.000000
v 10.854125 -4.810802 0.000000
v 10.862943 -4.815144 0.000000
v 10.871964 -4.817975 0.000000
v 10.880781 -4.819486 0.000000
v 10.896195 -4.819321 0.000000
v 10.919286 -4.813404 0.000000
v 10.955510 -4.791304 0.000000
v 11.039311 -4.717480 0.000000
v 11.228684 -4.479739 0.000000
v 11.375497 -4.192513 0.000000
v 11.460253 -3.902483 0.000000
v 11.561459 -3.283541 0.000000
v 11.592325 -2.914688 0.000000
v 11.600322 -2.505214 0.000000
v 11.557378 -1.691613 0.000000
v 11.533072 -1.349789 0.000000
v 11.528489 -1.049253 0.000000
v 11.556486 -0.762292 0.000000
v 11.624743 -0.471911 0.000000
v 11.729546 -0.193257 0.000000
v 11.865758 0.056152 0.000000
v 12.225779 0.496905 0.000000
v 12.440511 0.671256 0.000000
v 12.549491 0.723889 0.000000
v 12.602587 0.738556 0.000000
v 12.654043 0.745467 0.000000
v 12.703345 0.744695 0.000000
v 12.749980 0.736315 0.000000
v 12.793391 0.720447 0.000000
v 12.832570 0.697951 0.000000
v 12.866900 0.669752 0.000000
v 12.895910 0.636670 0.000000
v 12.919132 0.599527 0.000000
v 12.936095 0.559141 0.000000
v 12.946338 0.516327 0.000000
v 12.949804 0.471679 0.000000
v 12.938234 0.378434 0.000000
v 12.905121 0.282560 0.000000
v 12.854224 0.187217 0.000000
v 12.569965 -0.180911 0.000000
v 12.322978 -0.530004 0.000000
v 12.244031 -0.711839 0.000000
v 12.198494 -0.914924 0.000000
v 12.165462 -1.361526 0.000000
v 12.174291 -1.815569 0.000000
v 12.201701 -2.085719 0.000000
v 12.242375 -2.391598 0.000000
v 12.325029 -3.011486 0.000000
v 12.347407 -3.580536 0.000000
v 12.273624 -4.166953 0.000000
v 12.100910 -4.762731 0.000000
v 11.985603 -5.032962 0.000000
v 11.863920 -5.268489 0.000000
v 11.585269 -5.653202 0.000000
v 11.353189 -5.857286 0.000000
v 11.018722 -6.092005 0.000000
v 10.619142 -6.325279 0.000000
v 10.224647 -6.507842 0.000000
v 9.898175 -6.604786 0.000000
v 9.653525 -6.627249 0.000000
v 9.304296 -6.600185 0.000000
v 9.304296 -6.600185 1.600000
v 9.653525 -6.627249 1.600000
v 9.898175 -6.604786 1.600000
v 10.224647 -6.507842 1.600000
v 10.619142 -6.325279 1.600000
v 11.018722 -6.092005 1.600000
v 11.353189 -5.857286 1.600000
v 11.585269 -5.653202 1.600000
v 11.863920 -5.268489 1.600000
v 11.985603 -5.032962 1.600000
v 12.100910 -4.762731 1.600000
v 12.273624 -4.166953 1.600000
v 12.347407 -3.580536 1.600000
v 12.325029 -3.011486 1.600000
v 12.242375 -2.391598 1.600000
v 12.201701 -2.085719 1.600000
v 12.174291 -1.815569 1.600000
v 12.165462 -1.361526 1.600000
v 12.198494 -0.914924 1.600000
v 12.244031 -0.711839 1.600000
v 12.322978 -0.530004 1.600000
v 12.569965 -0.180911 1.600000
v 12.854224 0.187217 1.600000
v 12.905121 0.282560 1.600000
v 12.938234 0.378434 1.600000
v 12.949804 0.471679 1.600000
v 12.946338 0.516327 1.600000
v 12.936095 0.559141 1.600000
v 12.919132 0.599527 1.600000
v 12.895910 0.636670 1.600000
v 12.866900 0.669752 1.600000
v 12.832570 0.697951 1.600000
v 12.793391 0.720447 1.600000
v 12.749980 0.736315 1.600000
v 12.703345 0.744695 1.600000
v 12.654043 0.745467 1.600000
v 12.602587 0.738556 1.600000
v 12.549491 0.723889 1.600000
v 12.440511 0.671256 1.600000
v 12.225779 0.496905 1.600000
v 11.865758 0.056152 1.600000
v 11.729546 -0.193257 1.600000
v 11.624743 -0.471911 1.600000
v 11.556486 -0.762292 1.600000
v 11.528489 -1.049253 1.600000
v 11.533072 -1.349789 1.600000
v 11.557378 -1.691613 1.600000
v 11.600322 -2.505214 1.600000
v 11.592325 -2.914688 1.600000
v 11.561459 -3.283541 1.600000
v 11.460253 -3.902483 1.600000
v 11.375497 -4.192513 1.600000
v 11.228684 -4.479739 1.600000
v 11.039311 -4.717480 1.600000
v 10.955510 -4.791304 1.600000
v 10.919286 -4.813404 1.600000
v 10.896195 -4.819321 1.600000
v 10.880781 -4.819486 1.600000
v 10.871964 -4.817975 1.600000
v 10.862943 -4.815144 1.600000
v 10.854125 -4.810802 1.600000
v 10.845914 -4.804757 1.600000
v 10.839043 -4.797536 1.600000
v 10.833863 -4.789999 1.600000
v 10.830137 -4.782360 1.600000
v 10.827630 -4.774835 1.600000
v 10.825329 -4.760983 1.600000
v 10.825954 -4.738575 1.600000
v 10.830153 -4.717988 1.600000
v 10.866356 -4.615172 1.600000
v 10.923277 -4.471789 1.600000
v 10.984172 -4.294224 1.600000
v 11.066813 -3.888145 1.600000
v 11.067016 -3.482434 1.600000
v 11.020345 -3.125708 1.600000
v 10.973969 -2.827011 1.600000
v 10.881458 -2.303712 1.600000
v 10.695561 -1.781043 1.600000
v 10.506503 -1.338456 1.600000
v 10.276899 -0.827760 1.600000
v 10.145792 -0.447119 1.600000
v 10.053344 -0.237578 1.600000
v 9.934796 -0.058907 1.600000
v 9.810678 0.086767 1.600000
v 9.752567 0.183856 1.600000
v 9.702729 0.305257 1.600000
v 9.633107 0.584108 1.600000
v 9.604774 0.814670 1.600000
v 9.604163 0.978161 1.600000
v 9.602245 1.172379 1.600000
v 9.577860 1.420823 1.600000
v 9.517206 1.669278 1.600000
v 9.409927 1.887838 1.600000
v 9.262841 2.093274 1.600000
v 9.121601 2.310955 1.600000
v 9.073946 2.429533 1.600000
v 9.049489 2.551375 1.600000
v 9.048296 2.671276 1.600000
v 9.069304 2.783906 1.600000
v 9.145397 2.987979 1.600000
v 9.209393 3.204669 1.600000
v 9.227877 3.467313 1.600000
v 9.211526 3.719645 1.600000
v 9.179592 3.905158 1.600000
v 9.120576 4.066285 1.600000
v 9.028994 4.253302 1.600000
v 8.838829 4.652089 1.600000
v 8.741700 4.882764 1.600000
v 8.642140 5.149142 1.600000
v 8.557603 5.422740 1.600000
v 8.490450 5.665921 1.600000
v 8.340264 6.016814 1.600000
v 8.103522 6.405116 1.600000
v 7.976581 6.576409 1.600000
v 7.947441 6.602433 1.600000
v 7.921145 6.619328 1.600000
v 7.897237 6.628090 1.600000
v 7.885994 6.629762 1.600000
v 7.875115 6.629809 1.600000
v 7.863936 6.628187 1.600000
v 7.852124 6.624775 1.600000
v 7.826865 6.612340 1.600000
v 7.799858 6.592016 1.600000
v 7.771647 6.563345 1.600000
v 7.716641 6.484702 1.600000
v 7.666998 6.385142 1.600000
v 7.593472 6.154743 1.600000
v 7.555136 5.915823 1.600000
v 7.517925 5.457205 1.600000
v 7.487929 5.351203 1.600000
v 7.439688 5.256113 1.600000
v 7.374846 5.178527 1.600000
v 7.337012 5.148489 1.600000
v 7.296988 5.124982 1.600000
v 6.947758 5.013820 1.600000
v 6.524771 4.761984 1.600000
v 6.393381 4.679089 1.600000
v 6.333839 4.638584 1.600000
v 6.300142 4.620662 1.600000
v 6.262062 4.607165 1.600000
v 6.220592 4.602264 1.600000
v 6.178984 4.606091 1.600000
v 6.140490 4.617826 1.600000
v 6.105885 4.633540 1.600000
v 5.978793 4.703074 1.600000
v 5.813553 4.791376 1.600000
v 5.610178 4.923010 1.600000
v 5.435827 5.043058 1.600000
v 5.368772 5.081954 1.600000
v 5.309826 5.105150 1.600000
v 5.255498 5.115032 1.600000
v 5.206659 5.113060 1.600000
v 5.185944 5.108036 1.600000
v 5.167587 5.100276 1.600000
v 5.151338 5.089722 1.600000
v 5.136949 5.076314 1.600000
v 5.136949 5.076314 0.800000
v 9.653525 -6.627249 0.800000
v 9.653525 -6.627249 0.400000
v 9.898175 -6.604786 0.400000
v 10.224647 -6.507842 0.400000
v 10.619142 -6.325279 0.400000
v 11.018722 -6.092005 0.400000
v 11.353189 -5.857286 0.400000
v 11.585269 -5.653202 0.400000
v 11.863920 -5.268489 0.400000
v 11.985603 -5.032962 0.400000
v 12.100910 -4.762731 0.400000
v 12.273624 -4.166953 0.400000
v 12.347407 -3.580536 0.400000
v 12.325029 -3.011486 0.400000
v 12.242375 -2.391598 0.400000
v 12.201701 -2.085719 0.400000
v 12.174291 -1.815569 0.400000
v 12.165462 -1.361526 0.400000
v 12.198494 -0.914924 0.400000
v 12.244031 -0.711839 0.400000
v 12.322978 -0.530004 0.400000
v 12.569965 -0.180911 0.400000
v 12.854224 0.187217 0.400000
v 12.905121 0.282560 0.400000
v 12.938234 0.378434 0.400000
v 12.949804 0.471679 0.400000
v 12.946338 0.516327 0.400000
v 12.936095 0.559141 0.400000
v 12.919132 0.599527 0.400000
v 12.895910 0.636670 0.400000
v 12.866900 0.669752 0.400000
v 12.832570 0.697951 0.400000
v 12.793391 0.720447 0.400000
v 12.749980 0.736315 0.400000
v 12.703345 0.744695 0.400000
v 12.654043 0.745467 0.400000
v 12.602587 0.738556 0.400000
v 12.549491 0.723889 0.400000
v 12.440511 0.671256 0.400000
v 12.225779 0.496905 0.400000
v 11.865758 0.056152 0.400000
v 11.729546 -0.193257 0.400000
v 11.624743 -0.471911 0.400000
v 11.556486 -0.762292 0.400000
v 11.528489 -1.049253 0.400000
v 11.533072 -1.349789 0.400000
v 11.557378 -1.691613 0.400000
v 11.600322 -2.505214 0.400000
v 11.592325 -2.914688 0.400000
v 11.561459 -3.283541 0.400000
v 11.460253 -3.902483 0.400000
v 11.375497 -4.192513 0.400000
v 11.228684 -4.479739 0.400000
v 11.039311 -4.717480 0.400000
v 10.955510 -4.791304 0.400000
v 10.919286 -4.813404 0.400000
v 10.902628 -4.818277 0.400000
v 10.892738 -4.819697 0.400000
v 10.880781 -4.819486 0.400000
v 10.869712 -4.817399 0.400000
v 10.858484 -4.813174 0.400000
v 10.847887 -4.806438 0.400000
v 10.839043 -4.797536 0.400000
v 10.832804 -4.788090 0.400000
v 10.828746 -4.778570 0.400000
v 10.825329 -4.760983 0.400000
v 10.825954 -4.738575 0.400000
v 10.830153 -4.717988 0.400000
v 10.866356 -4.615172 0.400000
v 10.923277 -4.471789 0.400000
v 10.984172 -4.294224 0.400000
v 11.066813 -3.888145 0.400000
v 11.067016 -3.482434 0.400000
v 11.020345 -3.125708 0.400000
v 10.973969 -2.827011 0.400000
v 10.881458 -2.303712 0.400000
v 10.695561 -1.781043 0.400000
v 10.506503 -1.338456 0.400000
v 10.276899 -0.827760 0.400000
v 10.145792 -0.447119 0.400000
v 10.053344 -0.237578 0.400000
v 9.934796 -0.058907 0.400000
v 9.810678 0.086767 0.400000
v 9.752567 0.183856 0.400000
v 9.702729 0.305257 0.400000
v 9.633107 0.584108 0.400000
v 9.604774 0.814670 0.400000
v 9.604163 0.978161 0.400000
v 9.602245 1.172379 0.400000
v 9.577860 1.420823 0.400000
v 9.517206 1.669278 0.400000
v 9.409927 1.887838 0.400000
v 9.262841 2.093274 0.400000
v 9.121601 2.310955 0.400000
v 9.073946 2.429533 0.400000
v 9.049489 2.551375 0.400000
v 9.048296 2.671276 0.400000
v 9.069304 2.783906 0.400000
v 9.145397 2.987979 0.400000
v 9.209393 3.204669 0.400000
v 9.227877 3.467313 0.400000
v 9.211526 3.719645 0.400000
v 9.179592 3.905158 0.400000
v 9.120576 4.066285 0.400000
v 9.028994 4.253302 0.400000
v 8.838829 4.652089 0.400000
v 8.741700 4.882764 0.400000
v 8.642140 5.149142 0.400000
v 8.557603 5.422740 0.400000
v 8.490450 5.665921 0.400000
v 8.340264 6.016814 0.400000
v 8.103522 6.405116 0.400000
v 7.976581 6.576409 0.400000
v 7.947441 6.602433 0.400000
v 7.921145 6.619328 0.400000
v 7.897237 6.628090 0.400000
v 7.885994 6.629762 0.400000
v 7.875115 6.629809 0.400000
v 7.863936 6.628187 0.400000
v 7.852124 6.624775 0.400000
v 7.826865 6.612340 0.400000
v 7.799858 6.592016 0.400000
v 7.771647 6.563345 0.400000
v 7.716641 6.484702 0.400000
v 7.666998 6.385142 0.400000
v 7.593472 6.154743 0.400000
v 7.555136 5.915823 0.400000
v 7.517925 5.457205 0.400000
v 7.487929 5.351203 0.400000
v 7.439688 5.256113 0.400000
v 7.374846 5.178527 0.400000
v 7.337012 5.148489 0.400000
v 7.296988 5.124982 0.400000
v 6.947758 5.013820 0.400000
v 6.524771 4.761984 0.400000
v 6.393381 4.679089 0.400000
v 6.333839 4.638584 0.400000
v 6.300142 4.620662 0.400000
v 6.262062 4.607165 0.400000
v 6.220592 4.602264 0.400000
v 6.178984 4.606091 0.400000
v 6.140490 4.617826 0.400000
v 6.105885 4.633540 0.400000
v 5.978793 4.703074 0.400000
v 5.813553 4.791376 0.400000
v 5.610178 4.923010 0.400000
v 5.435827 5.043058 0.400000
v 5.368772 5.081954 0.400000
v 5.309826 5.105150 0.400000
v 5.255498 5.115032 0.400000
v 5.206659 5.113060 0.400000
v 5.185944 5.108036 0.400000
v 5.167587 5.100276 0.400000
v 5.151338 5.089722 0.400000
v 5.136949 5.076314 0.400000
v 5.136949 5.076314 1.200000
v 5.151338 5.089722 1.200000
v 5.167587 5.100276 1.200000
v 5.185944 5.108036 1.200000
v 5.206659 5.113060 1.200000
v 5.255498 5.115032 1.200000
v 5.309826 5.105150 1.200000
v 5.368772 5.081954 1.200000
v 5.435827 5.043058 1.200000
v 5.610178 4.923010 1.200000
v 5.813553 4.791376 1.200000
v 5.978793 4.703074 1.200000
v 6.105885 4.633540 1.200000
v 6.140490 4.617826 1.200000
v 6.178984 4.606091 1.200000
v 6.220592 4.602264 1.200000
v 6.262062 4.607165 1.200000
v 6.300142 4.620662 1.200000
v 6.333839 4.638584 1.200000
v 6.393381 4.679089 1.200000
v 6.524771 4.761984 1.200000
v 6.947758 5.013820 1.200000
v 7.296988 5.124982 1.200000
v 7.337012 5.148489 1.200000
v 7.374846 5.178527 1.200000
v 7.439688 5.256113 1.200000
v 7.487929 5.351203 1.200000
v 7.517925 5.457205 1.200000
v 7.555136 5.915823 1.200000
v 7.593472 6.154743 1.200000
v 7.666998 6.385142 1.200000
v 7.716641 6.484702 1.200000
v 7.771647 6.563345 1.200000
v 7.799858 6.592016 1.200000
v 7.826865 6.612340 1.200000
v 7.852124 6.624775 1.200000
v 7.863936 6.628187 1.200000
v 7.875115 6.629809 1.200000
v 7.885994 6.629762 1.200000
v 7.897237 6.628090 1.200000
v 7.921145 6.619328 1.200000
v 7.947441 6.602433 1.200000
v 7.976581 6.576409 1.200000
v 8.103522 6.405116 1.200000
v 8.340264 6.016814 1.200000
v 8.490450 5.665921 1.200000
v 8.557603 5.422740 1.200000
v 8.642140 5.149142 1.200000
v 8.741700 4.882764 1.200000
v 8.838829 4.652089 1.200000
v 9.028994 4.253302 1.200000
v 9.120576 4.066285 1.200000
v 9.179592 3.905158 1.200000
v 9.211526 3.719645 1.200000
v 9.227877 3.467313 1.200000
v 9.209393 3.204669 1.200000
v 9.145397 2.987979 1.200000
v 9.069304 2.783906 1.200000
v 9.048296 2.671276 1.200000
v 9.049489 2.551375 1.200000
v 9.073946 2.429533 1.200000
v 9.121601 2.310955 1.200000
v 9.262841 2.093274 1.200000
v 9.409927 1.887838 1.200000
v 9.517206 1.669278 1.200000
v 9.577860 1.420823 1.200000
v 9.602245 1.172379 1.200000
v 9.604163 0.978161 1.200000
v 9.604774 0.814670 1.200000
v 9.633107 0.584108 1.200000
v 9.702729 0.305257 1.200000
v 9.752567 0.183856 1.200000
v 9.810678 0.086767 1.200000
v 9.934796 -0.058907 1.200000
v 10.053344 -0.237578 1.200000
v 10.145792 -0.447119 1.200000
v 10.276899 -0.827760 1.200000
v 10.506503 -1.338456 1.200000
v 10.695561 -1.781043 1.200000
v 10.881458 -2.303712 1.200000
v 10.973969 -2.827011 1.200000
v 11.020345 -3.125708 1.200000
v 11.067016 -3.482434 1.200000
v 11.066813 -3.888145 1.200000
v 10.984172 -4.294224 1.200000
v 10.923277 -4.471789 1.200000
v 10.866356 -4.615172 1.200000
v 10.830153 -4.717988 1.200000
v 10.825954 -4.738575 1.200000
v 10.825329 -4.760983 1.200000
v 10.828746 -4.778570 1.200000
v 10.832804 -4.788090 1.200000
v 10.839043 -4.797536 1.200000
v 10.847887 -4.806438 1.200000
v 10.858484 -4.813174 1.200000
v 10.869712 -4.817399 1.200000
v 10.880781 -4.819486 1.200000
v 10.892738 -4.819697 1.200000
v 10.902628 -4.818277 1.200000
v 10.919286 -4.813404 1.200000
v 10.955510 -4.791304 1.200000
v 11.039311 -4.717480 1.200000
v 11.228684 -4.479739 1.200000
v 11.375497 -4.192513 1.200000
v 11.460253 -3.902483 1.200000
v 11.561459 -3.283541 1.200000
v 11.592325 -2.914688 1.200000
v 11.600322 -2.505214 1.200000
v 11.557378 -1.691613 1.200000
v 11.533072 -1.349789 1.200000
v 11.528489 -1.049253 1.200000
v 11.556486 -0.762292 1.200000
v 11.624743 -0.471911 1.200000
v 11.729546 -0.193257 1.200000
v 11.865758 0.056152 1.200000
v 12.225779 0.496905 1.200000
v 12.440511 0.671256 1.200000
v 12.549491 0.723889 1.200000
v 12.602587 0.738556 1.200000
v 12.654043 0.745467 1.200000
v 12.703345 0.744695 1.200000
v 12.749980 0.736315 1.200000
v 12.793391 0.720447 1.200000
v 12.832570 0.697951 1.200000
v 12.866900 0.669752 1.200000
v 12.895910 0.636670 1.200000
v 12.919132 0.599527 1.200000
v 12.936095 0.559141 1.200000
v 12.946338 0.516327 1.200000
v 12.949804 0.471679 1.200000
v 12.938234 0.378434 1.200000
v 12.905121 0.282560 1.200000
v 12.854224 0.187217 1.200000
v 12.569965 -0.180911 1.200000
v 12.322978 -0.530004 1.200000
v 12.244031 -0.711839 1.200000
v 12.198494 -0.914924 1.200000
v 12.165462 -1.361526 1.200000
v 12.174291 -1.815569 1.200000
v 12.201701 -2.085719 1.200000
v 12.242375 -2.391598 1.200000
v 12.325029 -3.011486 1.200000
v 12.347407 -3.580536 1.200000
v 12.273624 -4.166953 1.200000
v 12.100910 -4.762731 1.200000
v 11.985603 -5.032962 1.200000
v 11.863920 -5.268489 1.200000
v 11.585269 -5.653202 1.200000
v 11.353189 -5.857286 1.200000
v 11.018722 -6.092005 1.200000
v 10.619142 -6.325279 1.200000
v 10.224647 -6.507842 1.200000
v 9.898175 -6.604786 1.200000
v 9.653525 -6.627249 1.200000
v 9.898175 -6.604786 0.800000
v 10.224647 -6.507842 0.800000
v 10.619142 -6.325279 0.800000
v 11.018722 -6.092005 0.800000
v 11.353189 -5.857286 0.800000
v 11.585269 -5.653202 0.800000
v 11.863920 -5.268489 0.800000
v 11.985603 -5.032962 0.800000
v 12.100910 -4.762731 0.800000
v 12.273624 -4.166953 0.800000
v 12.347407 -3.580536 0.800000
v 12.325029 -3.011486 0.800000
v 12.242375 -2.391598 0.800000
v 12.201701 -2.085719 0.800000
v 12.174291 -1.815569 0.800000
v 12.165462 -1.361526 0.800000
v 12.198494 -0.914924 0.800000
v 12.244031 -0.711839 0.800000
v 12.322978 -0.530004 0.800000
v 12.569965 -0.180911 0.800000
v 12.854224 0.187217 0.800000
v 12.905121 0.282560 0.800000
v 12.938234 0.378434 0.800000
v 12.949804 0.471679 0.800000
v 12.946338 0.516327 0.800000
v 12.936095 0.559141 0.800000
v 12.919132 0.599527 0.800000
v 12.895910 0.636670 0.800000
v 12.866900 0.669752 0.800000
v 12.832570 0.697951 0.800000
v 12.793391 0.720447 0.800000
v 12.749980 0.736315 0.800000
v 12.703345 0.744695 0.800000
v 12.654043 0.745467 0.800000
v 12.602587 0.738556 0.800000
v 12.549491 0.723889 0.800000
v 12.440511 0.671256 0.800000
v 12.225779 0.496905 0.800000
v 11.865758 0.056152 0.800000
v 11.729546 -0.193257 0.800000
v 11.624743 -0.471911 0.800000
v 11.556486 -0.762292 0.800000
v 11.528489 -1.049253 0.800000
v 11.533072 -1.349789 0.800000
v 11.557378 -1.691613 0.800000
v 11.600322 -2.505214 0.800000
v 11.592325 -2.914688 0.800000
v 11.561459 -3.283541 0.800000
v 11.460253 -3.902483 0.800000
v 11.375497 -4.192513 0.800000
v 11.228684 -4.479739 0.800000
v 11.039311 -4.717480 0.800000
v 10.955510 -4.791304 0.800000
v 10.919286 -4.813404 0.800000
v 10.902628 -4.818277 0.800000
v 10.892738 -4.819697 0.800000
v 10.880781 -4.819486 0.800000
v 10.869712 -4.817399 0.800000
v 10.858484 -4.813174 0.800000
v 10.847887 -4.806438 0.800000
v 10.839043 -4.797536 0.800000
v 10.832804 -4.788090 0.800000
v 10.828746 -4.778570 0.800000
v 10.825329 -4.760983 0.800000
v 10.825954 -4.738575 0.800000
v 10.830153 -4.717988 0.800000
v 10.866356 -4.615172 0.800000
v 10.923277 -4.471789 0.800000
v 10.984172 -4.294224 0.800000
v 11.066813 -3.888145 0.800000
v 11.067016 -3.482434 0.800000
v 11.020345 -3.125708 0.800000
v 10.973969 -2.827011 0.800000
v 10.881458 -2.303712 0.800000
v 10.695561 -1.781043 0.800000
v 10.506503 -1.338456 0.800000
v 10.276899 -0.827760 0.800000
v 10.145792 -0.447119 0.800000
v 10.053344 -0.237578 0.800000
v 9.934796 -0.058907 0.800000
v 9.810678 0.086767 0.800000
v 9.752567 0.183856 0.800000
v 9.702729 0.305257 0.800000
v 9.633107 0.584108 0.800000
v 9.604774 0.814670 0.800000
v 9.604163 0.978161 0.800000
v 9.602245 1.172379 0.800000
v 9.577860 1.420823 0.800000
v 9.517206 1.669278 0.800000
v 9.409927 1.887838 0.800000
v 9.262841 2.093274 0.800000
v 9.121601 2.310955 0.800000
v 9.073946 2.429533 0.800000
v 9.049489 2.551375 0.800000
v 9.048296 2.671276 0.800000
v 9.069304 2.783906 0.800000
v 9.145397 2.987979 0.800000
v 9.209393 3.204669 0.800000
v 9.227877 3.467313 0.800000
v 9.211526 3.719645 0.800000
v 9.179592 3.905158 0.800000
v 9.120576 4.066285 0.800000
v 9.028994 4.253302 0.800000
v 8.838829 4.652089 0.800000
v 8.741700 4.882764 0.800000
v 8.642140 5.149142 0.800000
v 8.557603 5.422740 0.800000
v 8.490450 5.665921 0.800000
v 8.340264 6.016814 0.800000
v 8.103522 6.405116 0.800000
v 7.976581 6.576409 0.800000
v 7.947441 6.602433 0.800000
v 7.921145 6.619328 0.800000
v 7.897237 6.628090 0.800000
v 7.885994 6.629762 0.800000
v 7.875115 6.629809 0.800000
v 7.863936 6.628187 0.800000
v 7.852124 6.624775 0.800000
v 7.826865 6.612340 0.800000
v 7.799858 6.592016 0.800000
v 7.771647 6.563345 0.800000
v 7.716641 6.484702 0.800000
v 7.666998 6.385142 0.800000
v 7.593472 6.154743 0.800000
v 7.555136 5.915823 0.800000
v 7.517925 5.457205 0.800000
v 7.487929 5.351203 0.800000
v 7.439688 5.256113 0.800000
v 7.374846 5.178527 0.800000
v 7.337012 5.148489 0.800000
v 7.296988 5.124982 0.800000
v 6.947758 5.013820 0.800000
v 6.524771 4.761984 0.800000
v 6.393381 4.679089 0.800000
v 6.333839 4.638584 0.800000
v 6.300142 4.620662 0.800000
v 6.262062 4.607165 0.800000
v 6.220592 4.602264 0.800000
v 6.178984 4.606091 0.800000
v 6.140490 4.617826 0.800000
v 6.105885 4.633540 0.800000
v 5.978793 4.703074 0.800000
v 5.813553 4.791376 0.800000
v 5.610178 4.923010 0.800000
v 5.435827 5.043058 0.800000
v 5.368772 5.081954 0.800000
v 5.309826 5.105150 0.800000
v 5.255498 5.115032 0.800000
v 5.206659 5.113060 0.800000
v 5.185944 5.108036 0.800000
v 5.167587 5.100276 0.800000
v 5.151338 5.089722 0.800000
v 9.458638 -6.664693 1.500000
v 9.653579 -6.676791 1.500000
v 9.907332 -6.654041 1.500000
v 10.242523 -6.554610 1.500000
v 10.642350 -6.369750 1.500000
v 11.045911 -6.133969 1.500000
v 11.384145 -5.896581 1.500000
v 11.621474 -5.687721 1.500000
v 11.907138 -5.293308 1.500000
v 12.030802 -5.054689 1.500000
v 12.147738 -4.780657 1.500000
v 12.322803 -4.176211 1.500000
v 12.397552 -3.581973 1.500000
v 12.374801 -3.006546 1.500000
v 12.291783 -2.384294 1.500000
v 12.251135 -2.078951 1.500000
v 12.224095 -1.811789 1.500000
v 12.215443 -1.363141 1.500000
v 12.248061 -0.922050 1.500000
v 12.291105 -0.726477 1.500000
v 12.366576 -0.554460 1.500000
v 12.609028 -0.212093 1.500000
v 12.896694 0.160835 1.500000
v 12.951041 0.261646 1.500000
v 12.987491 0.366265 1.500000
v 13.000038 0.472125 1.500000
v 12.995745 0.524081 1.500000
v 12.983840 0.574359 1.500000
v 12.964167 0.622047 1.500000
v 12.936845 0.666129 1.500000
v 12.902302 0.705513 1.500000
v 12.861234 0.739081 1.500000
v 12.814541 0.765765 1.500000
v 12.763244 0.784625 1.500000
v 12.708421 0.794916 1.500000
v 12.651130 0.796167 1.500000
v 12.592331 0.788261 1.500000
v 12.532845 0.771458 1.500000
v 12.414340 0.713861 1.500000
v 12.190227 0.531698 1.500000
v 11.823698 0.083093 1.500000
v 11.684068 -0.172450 1.500000
v 11.576654 -0.457655 1.500000
v 11.507151 -0.754115 1.500000
v 11.477920 -1.047547 1.500000
v 11.482682 -1.351923 1.500000
v 11.507554 -1.695421 1.500000
v 11.550543 -2.506107 1.500000
v 11.542692 -2.912606 1.500000
v 11.511549 -3.278060 1.500000
v 11.411329 -3.891014 1.500000
v 11.328848 -4.174452 1.500000
v 11.187518 -4.452057 1.500000
v 11.003150 -4.682595 1.500000
v 10.926322 -4.750705 1.500000
v 10.899283 -4.766826 1.500000
v 10.890124 -4.769668 1.500000
v 10.883945 -4.769753 1.500000
v 10.881984 -4.769188 1.500000
v 10.880267 -4.768288 1.500000
v 10.878753 -4.767006 1.500000
v 10.876958 -4.764381 1.500000
v 10.876238 -4.762625 1.500000
v 10.875177 -4.757027 1.500000
v 10.875587 -4.746315 1.500000
v 10.878740 -4.730162 1.500000
v 10.912671 -4.634293 1.500000
v 10.969993 -4.489638 1.500000
v 11.032802 -4.308712 1.500000
v 11.116759 -3.892803 1.500000
v 11.116940 -3.478090 1.500000
v 11.068896 -3.117210 1.500000
v 11.023490 -2.820305 1.500000
v 10.929783 -2.290540 1.500000
v 10.741831 -1.762183 1.500000
v 10.552022 -1.317764 1.500000
v 10.323164 -0.808847 1.500000
v 10.193152 -0.430882 1.500000
v 10.097447 -0.213412 1.500000
v 9.973249 -0.026847 1.500000
v 9.851202 0.116091 1.500000
v 9.797217 0.205533 1.500000
v 9.750009 0.320894 1.500000
v 9.682188 0.593817 1.500000
v 9.654622 0.817839 1.500000
v 9.654165 0.976940 1.500000
v 9.652194 1.174656 1.500000
v 9.627250 1.429339 1.500000
v 9.564477 1.686160 1.500000
v 9.452435 1.914762 1.500000
v 9.303109 2.122654 1.500000
v 9.166256 2.333340 1.500000
v 9.121288 2.444135 1.500000
v 9.098295 2.556513 1.500000
v 9.097900 2.666541 1.500000
v 9.117476 2.771060 1.500000
v 9.191811 2.969391 1.500000
v 9.258823 3.195397 1.500000
v 9.277967 3.468094 1.500000
v 9.261090 3.725658 1.500000
v 9.227983 3.917749 1.500000
v 9.166239 4.086684 1.500000
v 9.073146 4.276368 1.500000
v 8.885089 4.671669 1.500000
v 8.689326 5.165003 1.500000
v 8.538389 5.680130 1.500000
v 8.383375 6.042131 1.500000
v 8.146012 6.431342 1.500000
v 8.012093 6.611632 1.500000
v 7.977595 6.642286 1.500000
v 7.942650 6.664407 1.500000
v 7.907323 6.677046 1.500000
v 7.889610 6.679629 1.500000
v 7.871777 6.679699 1.500000
v 7.853956 6.677249 1.500000
v 7.836283 6.672354 1.500000
v 7.801202 6.655440 1.500000
v 7.766939 6.629717 1.500000
v 7.733903 6.596146 1.500000
v 7.672948 6.509716 1.500000
v 7.620500 6.404423 1.500000
v 7.544568 6.165517 1.500000
v 7.505277 5.920564 1.500000
v 7.468817 5.466786 1.500000
v 7.441682 5.368858 1.500000
v 7.398660 5.283425 1.500000
v 7.341169 5.215448 1.500000
v 7.308486 5.189352 1.500000
v 7.274039 5.168737 1.500000
v 7.201184 5.141737 1.500000
v 7.121712 5.124232 1.500000
v 6.926556 5.059149 1.500000
v 6.695208 4.927912 1.500000
v 6.498437 4.804529 1.500000
v 6.365095 4.720417 1.500000
v 6.307821 4.681916 1.500000
v 6.278957 4.666096 1.500000
v 6.249621 4.655318 1.500000
v 6.219815 4.651286 1.500000
v 6.189653 4.654539 1.500000
v 6.159293 4.664236 1.500000
v 6.128844 4.678546 1.500000
v 6.002048 4.747472 1.500000
v 5.838868 4.834433 1.500000
v 5.638634 4.964004 1.500000
v 5.462284 5.085639 1.500000
v 5.390939 5.126772 1.500000
v 5.324499 5.152993 1.500000
v 5.259370 5.164856 1.500000
v 5.197601 5.162101 1.500000
v 5.169415 5.154995 1.500000
v 5.143633 5.143965 1.500000
v 5.120467 5.128971 1.500000
v 5.120467 5.128971 1.600000
v 5.143633 5.143965 1.600000
v 5.169415 5.154995 1.600000
v 5.197601 5.162101 1.600000
v 5.259370 5.164856 1.600000
v 5.324499 5.152993 1.600000
v 5.390939 5.126772 1.600000
v 5.462284 5.085639 1.600000
v 5.638634 4.964004 1.600000
v 5.838868 4.834433 1.600000
v 6.002048 4.747472 1.600000
v 6.128844 4.678546 1.600000
v 6.159293 4.664236 1.600000
v 6.189653 4.654539 1.600000
v 6.219815 4.651286 1.600000
v 6.249621 4.655318 1.600000
v 6.278957 4.666096 1.600000
v 6.307821 4.681916 1.600000
v 6.365095 4.720417 1.600000
v 6.498437 4.804529 1.600000
v 6.695208 4.927912 1.600000
v 6.926556 5.059149 1.600000
v 7.121712 5.124232 1.600000
v 7.201184 5.141737 1.600000
v 7.274039 5.168737 1.600000
v 7.308486 5.189352 1.600000
v 7.341169 5.215448 1.600000
v 7.398660 5.283425 1.600000
v 7.441682 5.368858 1.600000
v 7.468817 5.466786 1.600000
v 7.505277 5.920564 1.600000
v 7.544568 6.165517 1.600000
v 7.620500 6.404423 1.600000
v 7.672948 6.509716 1.600000
v 7.733903 6.596146 1.600000
v 7.766939 6.629717 1.600000
v 7.801202 6.655440 1.600000
v 7.836283 6.672354 1.600000
v 7.853956 6.677249 1.600000
v 7.871777 6.679699 1.600000
v 7.889610 6.679629 1.600000
v 7.907323 6.677046 1.600000
v 7.942650 6.664407 1.600000
v 7.977595 6.642286 1.600000
v 8.012093 6.611632 1.600000
v 8.146012 6.431342 1.600000
v 8.383375 6.042131 1.600000
v 8.538389 5.680130 1.600000
v 8.689326 5.165003 1.600000
v 8.885089 4.671669 1.600000
v 9.073146 4.276368 1.600000
v 9.166239 4.086684 1.600000
v 9.227983 3.917749 1.600000
v 9.261090 3.725658 1.600000
v 9.277967 3.468094 1.600000
v 9.258823 3.195397 1.600000
v 9.191811 2.969391 1.600000
v 9.117476 2.771060 1.600000
v 9.097900 2.666541 1.600000
v 9.098295 2.556513 1.600000
v 9.121288 2.444135 1.600000
v 9.166256 2.333340 1.600000
v 9.303109 2.122654 1.600000
v 9.452435 1.914762 1.600000
v 9.564477 1.686160 1.600000
v 9.627250 1.429339 1.600000
v 9.652194 1.174656 1.600000
v 9.654165 0.976940 1.600000
v 9.654622 0.817839 1.600000
v 9.682188 0.593817 1.600000
v 9.750009 0.320894 1.600000
v 9.797217 0.205533 1.600000
v 9.851202 0.116091 1.600000
v 9.973249 -0.026847 1.600000
v 10.097447 -0.213412 1.600000
v 10.193152 -0.430882 1.600000
v 10.323164 -0.808847 1.600000
v 10.552022 -1.317764 1.600000
v 10.741831 -1.762183 1.600000
v 10.929783 -2.290540 1.600000
v 11.023490 -2.820305 1.600000
v 11.068896 -3.117210 1.600000
v 11.116940 -3.478090 1.600000
v 11.116759 -3.892803 1.600000
v 11.032802 -4.308712 1.600000
v 10.969993 -4.489638 1.600000
v 10.912671 -4.634293 1.600000
v 10.878740 -4.730162 1.600000
v 10.875587 -4.746315 1.600000
v 10.875177 -4.757027 1.600000
v 10.876238 -4.762625 1.600000
v 10.876958 -4.764381 1.600000
v 10.878753 -4.767006 1.600000
v 10.880267 -4.768288 1.600000
v 10.881984 -4.769188 1.600000
v 10.883945 -4.769753 1.600000
v 10.890124 -4.769668 1.600000
v 10.899283 -4.766826 1.600000
v 10.926322 -4.750705 1.600000
v 11.003150 -4.682595 1.600000
v 11.187518 -4.452057 1.600000
v 11.328848 -4.174452 1.600000
v 11.411329 -3.891014 1.600000
v 11.511549 -3.278060 1.600000
v 11.542692 -2.912606 1.600000
v 11.550543 -2.506107 1.600000
v 11.507554 -1.695421 1.600000
v 11.482682 -1.351923 1.600000
v 11.477920 -1.047547 1.600000
v 11.507151 -0.754115 1.600000
v 11.576654 -0.457655 1.600000
v 11.684068 -0.172450 1.600000
v 11.823698 0.083093 1.600000
v 12.190227 0.531698 1.600000
v 12.414340 0.713861 1.600000
v 12.532845 0.771458 1.600000
v 12.592331 0.788261 1.600000
v 12.651130 0.796167 1.600000
v 12.708421 0.794916 1.600000
v 12.763244 0.784625 1.600000
v 12.814541 0.765765 1.600000
v 12.861234 0.739081 1.600000
v 12.902302 0.705513 1.600000
v 12.936845 0.666129 1.600000
v 12.964167 0.622047 1.600000
v 12.983840 0.574359 1.600000
v 12.995745 0.524081 1.600000
v 13.000038 0.472125 1.600000
v 12.987491 0.366265 1.600000
v 12.951041 0.261646 1.600000
v 12.896694 0.160835 1.600000
v 12.609028 -0.212093 1.600000
v 12.366576 -0.554460 1.600000
v 12.291105 -0.726477 1.600000
v 12.248061 -0.922050 1.600000
v 12.215443 -1.363141 1.600000
v 12.224095 -1.811789 1.600000
v 12.251135 -2.078951 1.600000
v 12.291783 -2.384294 1.600000
v 12.374801 -3.006546 1.600000
v 12.397552 -3.581973 1.600000
v 12.322803 -4.176211 1.600000
v 12.147738 -4.780657 1.600000
v 12.030802 -5.054689 1.600000
v 11.907138 -5.293308 1.600000
v 11.621474 -5.687721 1.600000
v 11.384145 -5.896581 1.600000
v 11.045911 -6.133969 1.600000
v 10.642350 -6.369750 1.600000
v 10.242523 -6.554610 1.600000
v 9.907332 -6.654041 1.600000
v 9.653579 -6.676791 1.600000
v 9.458638 -6.664693 1.600000
v 9.293458 -6.749807 0.400000
v 9.585644 -6.775465 0.400000
v 9.790948 -6.771417 0.400000
v 10.052804 -6.722416 0.400000
v 10.368030 -6.611636 0.400000
v 10.718206 -6.442511 0.400000
v 11.065183 -6.240230 0.400000
v 11.368475 -6.033883 0.400000
v 11.604547 -5.842612 0.400000
v 11.773825 -5.668321 0.400000
v 12.010578 -5.313973 0.400000
v 12.218729 -4.872325 0.400000
v 12.384551 -4.356007 0.400000
v 12.478668 -3.832963 0.400000
v 12.497817 -3.332295 0.400000
v 12.454538 -2.829130 0.400000
v 12.380999 -2.297924 0.400000
v 12.325463 -1.824506 0.400000
v 12.313445 -1.451896 0.400000
v 12.330500 -1.084086 0.400000
v 12.384853 -0.762480 0.400000
v 12.438651 -0.631416 0.400000
v 12.517388 -0.501259 0.400000
v 12.736813 -0.214298 0.400000
v 12.985465 0.114046 0.400000
v 13.075853 0.309764 0.400000
v 13.097373 0.417585 0.400000
v 13.095326 0.529445 0.400000
v 13.066448 0.638383 0.400000
v 13.041148 0.689479 0.400000
v 13.008383 0.736949 0.400000
v 12.968888 0.779627 0.400000
v 12.923497 0.816786 0.400000
v 12.873037 0.847709 0.400000
v 12.818335 0.871682 0.400000
v 12.760219 0.887990 0.400000
v 12.699582 0.895920 0.400000
v 12.576294 0.886463 0.400000
v 12.455232 0.847857 0.400000
v 12.341335 0.786116 0.400000
v 12.137561 0.620762 0.400000
v 11.960571 0.431301 0.400000
v 11.669930 0.021023 0.400000
v 11.468989 -0.469774 0.400000
v 11.380903 -0.987827 0.400000
v 11.393994 -1.526730 0.400000
v 11.439390 -2.170609 0.400000
v 11.445189 -2.858403 0.400000
v 11.388434 -3.447222 0.400000
v 11.298470 -3.935812 0.400000
v 11.226238 -4.161560 0.400000
v 11.115331 -4.379332 0.400000
v 11.115331 -4.379332 1.500000
v 11.226238 -4.161560 1.500000
v 11.298470 -3.935812 1.500000
v 11.388434 -3.447222 1.500000
v 11.445189 -2.858403 1.500000
v 11.439390 -2.170609 1.500000
v 11.393994 -1.526730 1.500000
v 11.380903 -0.987827 1.500000
v 11.468989 -0.469774 1.500000
v 11.669930 0.021023 1.500000
v 11.960571 0.431301 1.500000
v 12.137561 0.620762 1.500000
v 12.341335 0.786116 1.500000
v 12.455232 0.847857 1.500000
v 12.576294 0.886463 1.500000
v 12.699582 0.895920 1.500000
v 12.760219 0.887990 1.500000
v 12.818335 0.871682 1.500000
v 12.873037 0.847709 1.500000
v 12.923497 0.816786 1.500000
v 12.968888 0.779627 1.500000
v 13.008383 0.736949 1.500000
v 13.041148 0.689479 1.500000
v 13.066448 0.638383 1.500000
v 13.095326 0.529445 1.500000
v 13.097373 0.417585 1.500000
v 13.075853 0.309764 1.500000
v 12.985465 0.114046 1.500000
v 12.736813 -0.214298 1.500000
v 12.517388 -0.501259 1.500000
v 12.438651 -0.631416 1.500000
v 12.384853 -0.762480 1.500000
v 12.330500 -1.084086 1.500000
v 12.313445 -1.451896 1.500000
v 12.325463 -1.824506 1.500000
v 12.380999 -2.297924 1.500000
v 12.454538 -2.829130 1.500000
v 12.497817 -3.332295 1.500000
v 12.478668 -3.832963 1.500000
v 12.384551 -4.356007 1.500000
v 12.218729 -4.872325 1.500000
v 12.010578 -5.313973 1.500000
v 11.773825 -5.668321 1.500000
v 11.604547 -5.842612 1.500000
v 11.368475 -6.033883 1.500000
v 11.065183 -6.240230 1.500000
v 10.718206 -6.442511 1.500000
v 10.368030 -6.611636 1.500000
v 10.052804 -6.722416 1.500000
v 9.790948 -6.771417 1.500000
v 9.585644 -6.775465 1.500000
v 9.293458 -6.749807 1.500000
v 5.031127 5.182737 0.400000
v 5.008429 5.160068 0.400000
v 4.989032 5.134426 0.400000
v 4.973445 5.106552 0.400000
v 4.962044 5.077441 0.400000
v 4.950235 5.018708 0.400000
v 4.949448 4.961005 0.400000
v 4.986539 4.759345 0.400000
v 5.063027 4.539571 0.400000
v 5.189069 4.276878 0.400000
v 5.388884 3.876898 0.400000
v 5.558729 3.623251 0.400000
v 5.647599 3.506923 0.400000
v 5.699101 3.427905 0.400000
v 5.707855 3.406169 0.400000
v 5.710942 3.386431 0.400000
v 5.709495 3.309269 0.400000
v 5.708470 3.050463 0.400000
v 5.727712 2.806168 0.400000
v 5.800839 2.575514 0.400000
v 5.985472 2.169849 0.400000
v 6.075163 1.983269 0.400000
v 6.085528 1.956030 0.400000
v 6.089598 1.937513 0.400000
v 6.089525 1.921257 0.400000
v 6.085033 1.897085 0.400000
v 6.063356 1.814446 0.400000
v 6.039742 1.695575 0.400000
v 6.016978 1.407975 0.400000
v 6.010049 1.112724 0.400000
v 6.015309 0.852848 0.400000
v 6.018580 0.603755 0.400000
v 6.007835 0.496166 0.400000
v 5.988047 0.422236 0.400000
v 5.917178 0.267595 0.400000
v 5.843481 0.049057 0.400000
v 5.707780 -0.393146 0.400000
v 5.573919 -0.799387 0.400000
v 5.444581 -1.208170 0.400000
v 5.378443 -1.390046 0.400000
v 5.294020 -1.618768 0.400000
v 5.131876 -1.992652 0.400000
v 4.983750 -2.457618 0.400000
v 4.843407 -2.929799 0.400000
v 4.798189 -3.463480 0.400000
v 4.790405 -4.058391 0.400000
v 4.851575 -4.608638 0.400000
v 4.987095 -5.186501 0.400000
v 5.115788 -5.494634 0.400000
v 5.286419 -5.788214 0.400000
v 5.467543 -6.019218 0.400000
v 5.647549 -6.200492 0.400000
v 5.848979 -6.345516 0.400000
v 6.078795 -6.449524 0.400000
v 6.326107 -6.534392 0.400000
v 6.554463 -6.565707 0.400000
v 6.817939 -6.565902 0.400000
v 7.192678 -6.567389 0.400000
v 7.565686 -6.557692 0.400000
v 7.708174 -6.555615 0.400000
v 7.814932 -6.559588 0.400000
v 7.987423 -6.578814 0.400000
v 8.190919 -6.608518 0.400000
v 8.738872 -6.705632 0.400000
v 8.738872 -6.705632 1.500000
v 8.190919 -6.608518 1.500000
v 7.987423 -6.578814 1.500000
v 7.814932 -6.559588 1.500000
v 7.708174 -6.555615 1.500000
v 7.565686 -6.557692 1.500000
v 7.192678 -6.567389 1.500000
v 6.817939 -6.565902 1.500000
v 6.554463 -6.565707 1.500000
v 6.326107 -6.534392 1.500000
v 6.078795 -6.449524 1.500000
v 5.848979 -6.345516 1.500000
v 5.647549 -6.200492 1.500000
v 5.467543 -6.019218 1.500000
v 5.286419 -5.788214 1.500000
v 5.115788 -5.494634 1.500000
v 4.987095 -5.186501 1.500000
v 4.851575 -4.608638 1.500000
v 4.790405 -4.058391 1.500000
v 4.798189 -3.463480 1.500000
v 4.843407 -2.929799 1.500000
v 4.983750 -2.457618 1.500000
v 5.131876 -1.992652 1.500000
v 5.294020 -1.618768 1.500000
v 5.378443 -1.390046 1.500000
v 5.444581 -1.208170 1.500000
v 5.573919 -0.799387 1.500000
v 5.707780 -0.393146 1.500000
v 5.843481 0.049057 1.500000
v 5.917178 0.267595 1.500000
v 5.988047 0.422236 1.500000
v 6.007835 0.496166 1.500000
v 6.018580 0.603755 1.500000
v 6.015309 0.852848 1.500000
v 6.010049 1.112724 1.500000
v 6.016978 1.407975 1.500000
v 6.039742 1.695575 1.500000
v 6.063356 1.814446 1.500000
v 6.085033 1.897085 1.500000
v 6.089525 1.921257 1.500000
v 6.089598 1.937513 1.500000
v 6.085528 1.956030 1.500000
v 6.075163 1.983269 1.500000
v 5.985472 2.169849 1.500000
v 5.800839 2.575514 1.500000
v 5.727712 2.806168 1.500000
v 5.708470 3.050463 1.500000
v 5.709495 3.309269 1.500000
v 5.710942 3.386431 1.500000
v 5.707855 3.406169 1.500000
v 5.699101 3.427905 1.500000
v 5.647599 3.506923 1.500000
v 5.558729 3.623251 1.500000
v 5.388884 3.876898 1.500000
v 5.189069 4.276878 1.500000
v 5.063027 4.539571 1.500000
v 4.986539 4.759345 1.500000
v 4.949448 4.961005 1.500000
v 4.950235 5.018708 1.500000
v 4.962044 5.077441 1.500000
v 4.973445 5.106552 1.500000
v 4.989032 5.134426 1.500000
v 5.008429 5.160068 1.500000
v 5.031127 5.182737 1.500000
v 11.215890 -3.906187 0.400000
v 11.213208 -3.435139 0.400000
v 11.158841 -3.043775 0.400000
v 11.112814 -2.732895 0.400000
v 11.068065 -2.441413 0.400000
v 10.985387 -2.130969 0.400000
v 10.877305 -1.831874 0.400000
v 10.775124 -1.579449 0.400000
v 10.670182 -1.336592 0.400000
v 10.541988 -1.056893 0.400000
v 10.421398 -0.784743 0.400000
v 10.347282 -0.579677 0.400000
v 10.276414 -0.368148 0.400000
v 10.157006 -0.116147 0.400000
v 10.007635 0.085895 0.400000
v 9.894370 0.235497 0.400000
v 9.808013 0.481086 0.400000
v 9.760473 0.750639 0.400000
v 9.753109 0.927477 0.400000
v 9.753925 1.130257 0.400000
v 9.730789 1.413053 0.400000
v 9.659740 1.714020 0.400000
v 9.525812 1.985488 0.400000
v 9.358106 2.216708 0.400000
v 9.233303 2.429152 0.400000
v 9.203141 2.532160 0.400000
v 9.195745 2.632016 0.400000
v 9.210133 2.727691 0.400000
v 9.241597 2.824979 0.400000
v 9.328678 3.059334 0.400000
v 9.376571 3.363926 0.400000
v 9.367011 3.672920 0.400000
v 9.331860 3.911981 0.400000
v 9.263390 4.114484 0.400000
v 9.055786 4.537504 0.400000
v 8.956670 4.757400 0.400000
v 8.850624 5.015966 0.400000
v 8.667774 5.588342 0.400000
v 8.593729 5.834870 0.400000
v 8.500795 6.037667 0.400000
v 8.247157 6.458453 0.400000
v 8.088572 6.677178 0.400000
v 8.039601 6.720761 0.400000
v 7.982688 6.755651 0.400000
v 7.950958 6.768178 0.400000
v 7.917704 6.776492 0.400000
v 7.883427 6.779896 0.400000
v 7.848835 6.777795 0.400000
v 7.815611 6.770643 0.400000
v 7.784105 6.759134 0.400000
v 7.726657 6.725588 0.400000
v 7.677094 6.682148 0.400000
v 7.633546 6.631621 0.400000
v 7.560780 6.513654 0.400000
v 7.503575 6.380469 0.400000
v 7.428686 6.097340 0.400000
v 7.397608 5.820503 0.400000
v 7.382900 5.574099 0.400000
v 7.367434 5.470766 0.400000
v 7.339452 5.384984 0.400000
v 7.300459 5.318545 0.400000
v 7.277743 5.293067 0.400000
v 7.253804 5.273018 0.400000
v 7.229146 5.257877 0.400000
v 7.201803 5.246296 0.400000
v 7.130440 5.228100 0.400000
v 6.904077 5.158767 0.400000
v 6.639358 5.010873 0.400000
v 6.430043 4.880251 0.400000
v 6.284749 4.787310 0.400000
v 6.236556 4.757027 0.400000
v 6.223982 4.751805 0.400000
v 6.220316 4.750778 0.400000
v 6.217127 4.750551 0.400000
v 6.207990 4.752881 0.400000
v 6.189585 4.760275 0.400000
v 6.130230 4.792225 0.400000
v 5.975844 4.872955 0.400000
v 5.778382 4.990381 0.400000
v 5.571633 5.132982 0.400000
v 5.390422 5.235859 0.400000
v 5.297837 5.261021 0.400000
v 5.203616 5.263819 0.400000
v 5.156420 5.255023 0.400000
v 5.110721 5.238504 0.400000
v 5.068348 5.214372 0.400000
v 5.068348 5.214372 1.500000
v 5.110721 5.238504 1.500000
v 5.156420 5.255023 1.500000
v 5.203616 5.263819 1.500000
v 5.297837 5.261021 1.500000
v 5.390422 5.235859 1.500000
v 5.571633 5.132982 1.500000
v 5.778382 4.990381 1.500000
v 5.975844 4.872955 1.500000
v 6.130230 4.792225 1.500000
v 6.189585 4.760275 1.500000
v 6.207990 4.752881 1.500000
v 6.217127 4.750551 1.500000
v 6.220316 4.750778 1.500000
v 6.223982 4.751805 1.500000
v 6.236556 4.757027 1.500000
v 6.284749 4.787310 1.500000
v 6.430043 4.880251 1.500000
v 6.639358 5.010873 1.500000
v 6.904077 5.158767 1.500000
v 7.130440 5.228100 1.500000
v 7.201803 5.246296 1.500000
v 7.229146 5.257877 1.500000
v 7.253804 5.273018 1.500000
v 7.277743 5.293067 1.500000
v 7.300459 5.318545 1.500000
v 7.339452 5.384984 1.500000
v 7.367434 5.470766 1.500000
v 7.382900 5.574099 1.500000
v 7.397608 5.820503 1.500000
v 7.428686 6.097340 1.500000
v 7.503575 6.380469 1.500000
v 7.560780 6.513654 1.500000
v 7.633546 6.631621 1.500000
v 7.677094 6.682148 1.500000
v 7.726657 6.725588 1.500000
v 7.784105 6.759134 1.500000
v 7.815611 6.770643 1.500000
v 7.848835 6.777795 1.500000
v 7.883427 6.779896 1.500000
v 7.917704 6.776492 1.500000
v 7.950958 6.768178 1.500000
v 7.982688 6.755651 1.500000
v 8.039601 6.720761 1.500000
v 8.088572 6.677178 1.500000
v 8.247157 6.458453 1.500000
v 8.500795 6.037667 1.500000
v 8.593729 5.834870 1.500000
v 8.667774 5.588342 1.500000
v 8.850624 5.015966 1.500000
v 8.956670 4.757400 1.500000
v 9.055786 4.537504 1.500000
v 9.263390 4.114484 1.500000
v 9.331860 3.911981 1.500000
v 9.367011 3.672920 1.500000
v 9.376571 3.363926 1.500000
v 9.328678 3.059334 1.500000
v 9.241597 2.824979 1.500000
v 9.210133 2.727691 1.500000
v 9.195745 2.632016 1.500000
v 9.203141 2.532160 1.500000
v 9.233303 2.429152 1.500000
v 9.358106 2.216708 1.500000
v 9.525812 1.985488 1.500000
v 9.659740 1.714020 1.500000
v 9.730789 1.413053 1.500000
v 9.753925 1.130257 1.500000
v 9.753109 0.927477 1.500000
v 9.760473 0.750639 1.500000
v 9.808013 0.481086 1.500000
v 9.894370 0.235497 1.500000
v 10.007635 0.085895 1.500000
v 10.157006 -0.116147 1.500000
v 10.276414 -0.368148 1.500000
v 10.347282 -0.579677 1.500000
v 10.421398 -0.784743 1.500000
v 10.541988 -1.056893 1.500000
v 10.670182 -1.336592 1.500000
v 10.775124 -1.579449 1.500000
v 10.877305 -1.831874 1.500000
v 10.985387 -2.130969 1.500000
v 11.068065 -2.441413 1.500000
v 11.112814 -2.732895 1.500000
v 11.158841 -3.043775 1.500000
v 11.213208 -3.435139 1.500000
v 11.215890 -3.906187 1.500000
v 4.755503 5.472837 0.000000
v 4.699921 5.414722 0.000000
v 4.652154 5.348961 0.000000
v 4.583953 5.207289 0.000000
v 4.553754 5.073832 0.000000
v 4.548991 4.961983 0.000000
v 4.566713 4.802049 0.000000
v 4.591711 4.689968 0.000000
v 4.668029 4.448719 0.000000
v 4.791544 4.176133 0.000000
v 4.903055 3.959387 0.000000
v 4.976204 3.807068 0.000000
v 5.035438 3.689074 0.000000
v 5.121214 3.547009 0.000000
v 5.308144 3.292739 0.000000
v 5.308144 3.292739 0.400000
v 5.121214 3.547009 0.400000
v 5.035438 3.689074 0.400000
v 4.976204 3.807068 0.400000
v 4.903055 3.959387 0.400000
v 4.791544 4.176133 0.400000
v 4.668029 4.448719 0.400000
v 4.591711 4.689968 0.400000
v 4.566713 4.802049 0.400000
v 4.548991 4.961983 0.400000
v 4.553754 5.073832 0.400000
v 4.583953 5.207289 0.400000
v 4.652154 5.348961 0.400000
v 4.699921 5.414722 0.400000
v 4.755503 5.472837 0.400000
v 6.199413 5.207955 0.000000
v 5.990543 5.329503 0.000000
v 5.720090 5.514349 0.000000
v 5.533945 5.608812 0.000000
v 5.421053 5.644134 0.000000
v 5.299596 5.663383 0.000000
v 5.169172 5.662839 0.000000
v 5.029287 5.635077 0.000000
v 4.884806 5.571302 0.000000
v 4.884806 5.571302 0.400000
v 5.029287 5.635077 0.400000
v 5.169172 5.662839 0.400000
v 5.299596 5.663383 0.400000
v 5.421053 5.644134 0.400000
v 5.533945 5.608812 0.400000
v 5.720090 5.514349 0.400000
v 5.990543 5.329503 0.400000
v 6.199413 5.207955 0.400000
v 6.984003 5.605825 0.000000
v 6.739596 5.523441 0.000000
v 6.505822 5.398613 0.000000
v 6.325968 5.286065 0.000000
v 6.325968 5.286065 0.400000
v 6.505822 5.398613 0.400000
v 6.739596 5.523441 0.400000
v 6.984003 5.605825 0.400000
v 10.977694 -1.046372 0.000000
v 10.820899 -0.702291 0.000000
v 10.767517 -0.572737 0.000000
v 10.732313 -0.471334 0.000000
v 10.692946 -0.346628 0.000000
v 10.631016 -0.176990 0.000000
v 10.420199 0.211630 0.000000
v 10.301393 0.357374 0.000000
v 10.255054 0.410855 0.000000
v 10.237775 0.443755 0.000000
v 10.203580 0.548700 0.000000
v 10.156340 0.811896 0.000000
v 10.154329 0.981400 0.000000
v 10.154020 1.133214 0.000000
v 10.143901 1.325386 0.000000
v 10.060033 1.779338 0.000000
v 9.967784 2.013852 0.000000
v 9.848155 2.223284 0.000000
v 9.730893 2.386948 0.000000
v 9.645937 2.502538 0.000000
v 9.606491 2.571129 0.000000
v 9.599058 2.590853 0.000000
v 9.596181 2.603703 0.000000
v 9.595042 2.619145 0.000000
v 9.604365 2.653632 0.000000
v 9.645013 2.756266 0.000000
v 9.713445 2.949795 0.000000
v 9.764306 3.196871 0.000000
v 9.778123 3.444756 0.000000
v 9.769265 3.665257 0.000000
v 9.748913 3.853049 0.000000
v 9.659776 4.203657 0.000000
v 9.521481 4.497887 0.000000
v 9.399890 4.746411 0.000000
v 9.280933 5.017355 0.000000
v 9.159200 5.336286 0.000000
v 8.954545 6.010846 0.000000
v 8.803298 6.314493 0.000000
v 8.643844 6.577959 0.000000
v 8.548070 6.730787 0.000000
v 8.418278 6.908363 0.000000
v 8.319495 7.008886 0.000000
v 8.172983 7.108259 0.000000
v 8.074502 7.148718 0.000000
v 7.961711 7.174075 0.000000
v 7.842779 7.178860 0.000000
v 7.728330 7.161044 0.000000
v 7.625419 7.126131 0.000000
v 7.537694 7.080386 0.000000
v 7.404701 6.976231 0.000000
v 7.310230 6.866580 0.000000
v 7.238047 6.757037 0.000000
v 7.135009 6.537204 0.000000
v 7.066720 6.318410 0.000000
v 7.002198 5.904563 0.000000
v 6.991909 5.730921 0.000000
v 6.991909 5.730921 0.400000
v 7.002198 5.904563 0.400000
v 7.066720 6.318410 0.400000
v 7.135009 6.537204 0.400000
v 7.238047 6.757037 0.400000
v 7.310230 6.866580 0.400000
v 7.404701 6.976231 0.400000
v 7.537694 7.080386 0.400000
v 7.625419 7.126131 0.400000
v 7.728330 7.161044 0.400000
v 7.842779 7.178860 0.400000
v 7.961711 7.174075 0.400000
v 8.074502 7.148718 0.400000
v 8.172983 7.108259 0.400000
v 8.319495 7.008886 0.400000
v 8.418278 6.908363 0.400000
v 8.548070 6.730787 0.400000
v 8.643844 6.577959 0.400000
v 8.803298 6.314493 0.400000
v 8.954545 6.010846 0.400000
v 9.159200 5.336286 0.400000
v 9.280933 5.017355 0.400000
v 9.399890 4.746411 0.400000
v 9.521481 4.497887 0.400000
v 9.659776 4.203657 0.400000
v 9.748913 3.853049 0.400000
v 9.769265 3.665257 0.400000
v 9.778123 3.444756 0.400000
v 9.764306 3.196871 0.400000
v 9.713445 2.949795 0.400000
v 9.645013 2.756266 0.400000
v 9.604365 2.653632 0.400000
v 9.595042 2.619145 0.400000
v 9.596181 2.603703 0.400000
v 9.599058 2.590853 0.400000
v 9.606491 2.571129 0.400000
v 9.645937 2.502538 0.400000
v 9.730893 2.386948 0.400000
v 9.848155 2.223284 0.400000
v 9.967784 2.013852 0.400000
v 10.060033 1.779338 0.400000
v 10.143901 1.325386 0.400000
v 10.154020 1.133214 0.400000
v 10.154329 0.981400 0.400000
v 10.156340 0.811896 0.400000
v 10.203580 0.548700 0.400000
v 10.237775 0.443755 0.400000
v 10.255054 0.410855 0.400000
v 10.301393 0.357374 0.400000
v 10.420199 0.211630 0.400000
v 10.631016 -0.176990 0.400000
v 10.692946 -0.346628 0.400000
v 10.732313 -0.471334 0.400000
v 10.767517 -0.572737 0.400000
v 10.820899 -0.702291 0.400000
v 10.977694 -1.046372 0.400000
v 9.267049 -7.149021 0.000000
v 9.503874 -7.170338 0.000000
v 9.690521 -7.176741 0.000000
v 9.931133 -7.156881 0.000000
v 10.209466 -7.093535 0.000000
v 10.510431 -6.985682 0.000000
v 11.131897 -6.668449 0.000000
v 11.420368 -6.486264 0.000000
v 11.672284 -6.305799 0.000000
v 11.882849 -6.129997 0.000000
v 12.054137 -5.956090 0.000000
v 12.297996 -5.615768 0.000000
v 12.491819 -5.249366 0.000000
v 12.667263 -4.811873 0.000000
v 12.798919 -4.341010 0.000000
v 12.876720 -3.872906 0.000000
v 12.899880 -3.417277 0.000000
v 12.818034 -2.532473 0.000000
v 12.758756 -2.107135 0.000000
v 12.721789 -1.761713 0.000000
v 12.722716 -1.212367 0.000000
v 12.747065 -0.967139 0.000000
v 12.763605 -0.890355 0.000000
v 12.783830 -0.835881 0.000000
v 12.873857 -0.689654 0.000000
v 13.041558 -0.472221 0.000000
v 13.263970 -0.189739 0.000000
v 13.385807 0.010808 0.000000
v 13.478853 0.272229 0.000000
v 13.498851 0.428888 0.000000
v 13.490019 0.597487 0.000000
v 13.445195 0.769027 0.000000
v 13.360849 0.931050 0.000000
v 13.241236 1.072553 0.000000
v 13.091571 1.184572 0.000000
v 12.917772 1.259497 0.000000
v 12.731071 1.294312 0.000000
v 12.544621 1.287352 0.000000
v 12.372273 1.244794 0.000000
v 12.219609 1.178167 0.000000
v 12.088583 1.098578 0.000000
v 11.875728 0.923373 0.000000
v 11.704746 0.746746 0.000000
v 11.417555 0.375188 0.000000
v 11.185435 -0.066135 0.000000
v 11.036658 -0.553312 0.000000
v 11.036658 -0.553312 0.400000
v 11.185435 -0.066135 0.400000
v 11.417555 0.375188 0.400000
v 11.704746 0.746746 0.400000
v 11.875728 0.923373 0.400000
v 12.088583 1.098578 0.400000
v 12.219609 1.178167 0.400000
v 12.372273 1.244794 0.400000
v 12.544621 1.287352 0.400000
v 12.731071 1.294312 0.400000
v 12.917772 1.259497 0.400000
v 13.091571 1.184572 0.400000
v 13.241236 1.072553 0.400000
v 13.360849 0.931050 0.400000
v 13.445195 0.769027 0.400000
v 13.490019 0.597487 0.400000
v 13.498851 0.428888 0.400000
v 13.478853 0.272229 0.400000
v 13.385807 0.010808 0.400000
v 13.263970 -0.189739 0.400000
v 13.041558 -0.472221 0.400000
v 12.873857 -0.689654 0.400000
v 12.783830 -0.835881 0.400000
v 12.763605 -0.890355 0.400000
v 12.747065 -0.967139 0.400000
v 12.722716 -1.212367 0.400000
v 12.721789 -1.761713 0.400000
v 12.758756 -2.107135 0.400000
v 12.818034 -2.532473 0.400000
v 12.899880 -3.417277 0.400000
v 12.876720 -3.872906 0.400000
v 12.798919 -4.341010 0.400000
v 12.667263 -4.811873 0.400000
v 12.491819 -5.249366 0.400000
v 12.297996 -5.615768 0.400000
v 12.054137 -5.956090 0.400000
v 11.882849 -6.129997 0.400000
v 11.672284 -6.305799 0.400000
v 11.420368 -6.486264 0.400000
v 11.131897 -6.668449 0.400000
v 10.510431 -6.985682 0.400000
v 10.209466 -7.093535 0.400000
v 9.931133 -7.156881 0.400000
v 9.690521 -7.176741 0.400000
v 9.503874 -7.170338 0.400000
v 9.267049 -7.149021 0.400000
v 5.614293 0.566534 0.000000
v 5.489693 0.252988 0.000000
v 5.392863 -0.030118 0.000000
v 5.343794 -0.202260 0.000000
v 5.311201 -0.325925 0.000000
v 5.274907 -0.432709 0.000000
v 5.224743 -0.575248 0.000000
v 5.138965 -0.859029 0.000000
v 5.059730 -1.096941 0.000000
v 4.869544 -1.609275 0.000000
v 4.827383 -1.700720 0.000000
v 4.762191 -1.838976 0.000000
v 4.642690 -2.190907 0.000000
v 4.557243 -2.478259 0.000000
v 4.503632 -2.637195 0.000000
v 4.452073 -2.844900 0.000000
v 4.427315 -3.045990 0.000000
v 4.416298 -3.215329 0.000000
v 4.387790 -3.612026 0.000000
v 4.388806 -4.035767 0.000000
v 4.419572 -4.412773 0.000000
v 4.481721 -4.813316 0.000000
v 4.580446 -5.227463 0.000000
v 4.766234 -5.690074 0.000000
v 5.031831 -6.118718 0.000000
v 5.304133 -6.427271 0.000000
v 5.455556 -6.561414 0.000000
v 5.641805 -6.688585 0.000000
v 6.001412 -6.848212 0.000000
v 6.191519 -6.912523 0.000000
v 6.413907 -6.957825 0.000000
v 6.771110 -6.965566 0.000000
v 6.997462 -6.967554 0.000000
v 7.264329 -6.966453 0.000000
v 7.515240 -6.959586 0.000000
v 7.698474 -6.955438 0.000000
v 7.896534 -6.971068 0.000000
v 8.135572 -7.004735 0.000000
v 8.490126 -7.072277 0.000000
v 8.890156 -7.124306 0.000000
v 8.890156 -7.124306 0.400000
v 8.490126 -7.072277 0.400000
v 8.135572 -7.004735 0.400000
v 7.896534 -6.971068 0.400000
v 7.698474 -6.955438 0.400000
v 7.515240 -6.959586 0.400000
v 7.264329 -6.966453 0.400000
v 6.997462 -6.967554 0.400000
v 6.771110 -6.965566 0.400000
v 6.413907 -6.957825 0.400000
v 6.191519 -6.912523 0.400000
v 6.001412 -6.848212 0.400000
v 5.641805 -6.688585 0.400000
v 5.455556 -6.561414 0.400000
v 5.304133 -6.427271 0.400000
v 5.031831 -6.118718 0.400000
v 4.766234 -5.690074 0.400000
v 4.580446 -5.227463 0.400000
v 4.481721 -4.813316 0.400000
v 4.419572 -4.412773 0.400000
v 4.388806 -4.035767 0.400000
v 4.387790 -3.612026 0.400000
v 4.416298 -3.215329 0.400000
v 4.427315 -3.045990 0.400000
v 4.452073 -2.844900 0.400000
v 4.503632 -2.637195 0.400000
v 4.557243 -2.478259 0.400000
v 4.642690 -2.190907 0.400000
v 4.762191 -1.838976 0.400000
v 4.827383 -1.700720 0.400000
v 4.869544 -1.609275 0.400000
v 5.059730 -1.096941 0.400000
v 5.138965 -0.859029 0.400000
v 5.224743 -0.575248 0.400000
v 5.274907 -0.432709 0.400000
v 5.311201 -0.325925 0.400000
v 5.343794 -0.202260 0.400000
v 5.392863 -0.030118 0.400000
v 5.489693 0.252988 0.400000
v 5.614293 0.566534 0.400000
v 5.671920 1.899350 0.000000
v 5.620952 1.495301 0.000000
v 5.609891 1.115612 0.000000
v 5.617679 0.783300 0.000000
v 5.619845 0.651898 0.000000
v 5.619845 0.651898 0.400000
v 5.617679 0.783300 0.400000
v 5.609891 1.115612 0.400000
v 5.620952 1.495301 0.400000
v 5.671920 1.899350 0.400000
v 5.313911 2.910090 0.000000
v 5.342326 2.691782 0.000000
v 5.409693 2.474743 0.000000
v 5.409693 2.474743 0.400000
v 5.342326 2.691782 0.400000
v 5.313911 2.910090 0.400000
vt -15.164993 1.500000 0.000000
vt -15.135374 1.500000 0.000000
vt -15.164993 1.600000 0.000000
vt -15.135374 1.600000 0.000000
vt -15.105755 1.500000 0.000000
vt -15.105755 1.600000 0.000000
vt -15.076136 1.500000 0.000000
vt -15.076136 1.600000 0.000000
vt -15.046516 1.500000 0.000000
vt -15.046516 1.600000 0.000000
vt -14.987278 1.500000 0.000000
vt -14.987278 1.600000 0.000000
vt -14.928040 1.500000 0.000000
vt -14.928040 1.600000 0.000000
vt -14.691087 1.500000 0.000000
vt -14.691087 1.600000 0.000000
vt -14.454134 1.500000 0.000000
vt -14.454134 1.600000 0.000000
vt -14.217181 1.500000 0.000000
vt -14.217181 1.600000 0.000000
vt -13.743275 1.500000 0.000000
vt -13.743275 1.600000 0.000000
vt -13.506322 1.500000 0.000000
vt -13.506322 1.600000 0.000000
vt -13.387845 1.500000 0.000000
vt -13.387845 1.600000 0.000000
vt -13.269369 1.500000 0.000000
vt -13.269369 1.600000 0.000000
vt -13.210131 1.500000 0.000000
vt -13.210131 1.600000 0.000000
vt -13.150892 1.500000 0.000000
vt -13.150892 1.600000 0.000000
vt -13.032416 1.500000 0.000000
vt -13.032416 1.600000 0.000000
vt -12.795463 1.500000 0.000000
vt -12.795463 1.600000 0.000000
vt -12.558510 1.500000 0.000000
vt -12.558510 1.600000 0.000000
vt -12.321557 1.500000 0.000000
vt -12.321557 1.600000 0.000000
vt -11.847651 1.500000 0.000000
vt -11.847651 1.600000 0.000000
vt -11.610698 1.500000 0.000000
vt -11.610698 1.600000 0.000000
vt -11.551459 1.500000 0.000000
vt -11.551459 1.600000 0.000000
vt -11.492221 1.500000 0.000000
vt -11.492221 1.600000 0.000000
vt -11.432983 1.500000 0.000000
vt -11.432983 1.600000 0.000000
vt -11.373745 1.500000 0.000000
vt -11.373745 1.600000 0.000000
vt -11.136792 1.500000 0.000000
vt -11.136792 1.600000 0.000000
vt -10.899839 1.500000 0.000000
vt -10.899839 1.600000 0.000000
vt -10.662886 1.500000 0.000000
vt -10.662886 1.600000 0.000000
vt -10.425933 1.500000 0.000000
vt -10.425933 1.600000 0.000000
vt -10.188980 1.500000 0.000000
vt -10.188980 1.600000 0.000000
vt -10.070503 1.500000 0.000000
vt -10.070503 1.600000 0.000000
vt -9.952027 1.500000 0.000000
vt -9.952027 1.600000 0.000000
vt -9.715074 1.500000 0.000000
vt -9.715074 1.600000 0.000000
vt -9.478121 1.500000 0.000000
vt -9.478121 1.600000 0.000000
vt -8.530309 1.500000 0.000000
vt -8.530309 1.600000 0.000000
vt -8.056402 1.500000 0.000000
vt -8.056402 1.600000 0.000000
vt -7.819449 1.500000 0.000000
vt -7.819449 1.600000 0.000000
vt -7.582496 1.500000 0.000000
vt -7.582496 1.600000 0.000000
vt -7.108590 1.500000 0.000000
vt -7.108590 1.600000 0.000000
vt -6.634684 1.500000 0.000000
vt -6.634684 1.600000 0.000000
vt -6.160778 1.500000 0.000000
vt -6.160778 1.600000 0.000000
vt -5.923825 1.500000 0.000000
vt -5.923825 1.600000 0.000000
vt -5.686872 1.500000 0.000000
vt -5.686872 1.600000 0.000000
vt -5.212966 1.500000 0.000000
vt -5.212966 1.600000 0.000000
vt -4.739060 1.500000 0.000000
vt -4.739060 1.600000 0.000000
vt -4.265154 1.500000 0.000000
vt -4.265154 1.600000 0.000000
vt -4.028201 1.500000 0.000000
vt -4.028201 1.600000 0.000000
vt -3.791248 1.500000 0.000000
vt -3.791248 1.600000 0.000000
vt -3.554295 1.500000 0.000000
vt -3.554295 1.600000 0.000000
vt -3.317342 1.500000 0.000000
vt -3.317342 1.600000 0.000000
vt -3.080389 1.500000 0.000000
vt -3.080389 1.600000 0.000000
vt -2.843436 1.500000 0.000000
vt -2.843436 1.600000 0.000000
vt -2.606483 1.500000 0.000000
vt -2.606483 1.600000 0.000000
vt -2.369530 1.500000 0.000000
vt -2.369530 1.600000 0.000000
vt -2.132577 1.500000 0.000000
vt -2.132577 1.600000 0.000000
vt -1.895624 1.500000 0.000000
vt -1.895624 1.600000 0.000000
vt -1.658671 1.500000 0.000000
vt -1.658671 1.600000 0.000000
vt -1.421718 1.500000 0.000000
vt -1.421718 1.600000 0.000000
vt -1.184765 1.500000 0.000000
vt -1.184765 1.600000 0.000000
vt -0.947812 1.500000 0.000000
vt -0.947812 1.600000 0.000000
vt -0.473906 1.500000 0.000000
vt -0.473906 1.600000 0.000000
vt 0.000000 1.500000 0.000000
vt 0.000000 1.600000 0.000000
vt -0.000897 0.000000 0.000000
vt 0.000000 0.000000 0.000000
vt -0.000897 1.600000 0.000000
vt 0.476129 1.333333 0.000000
vt 0.000000 1.600000 0.000000
vt 0.476129 1.600000 0.000000
vt 0.952259 1.333333 0.000000
vt 0.952259 1.600000 0.000000
vt 1.190323 1.333333 0.000000
vt 1.190323 1.600000 0.000000
vt 1.428388 1.333333 0.000000
vt 1.428388 1.600000 0.000000
vt 1.666453 1.333333 0.000000
vt 1.666453 1.600000 0.000000
vt 1.904517 1.333333 0.000000
vt 1.904517 1.600000 0.000000
vt 2.142582 1.333333 0.000000
vt 2.142582 1.600000 0.000000
vt 2.380646 1.333333 0.000000
vt 2.380646 1.600000 0.000000
vt 2.618711 1.333333 0.000000
vt 2.618711 1.600000 0.000000
vt 2.856776 1.333333 0.000000
vt 2.856776 1.600000 0.000000
vt 3.094840 1.333333 0.000000
vt 3.094840 1.600000 0.000000
vt 3.332905 1.333333 0.000000
vt 3.332905 1.600000 0.000000
vt 3.570970 1.333333 0.000000
vt 3.570970 1.600000 0.000000
vt 3.809034 1.333333 0.000000
vt 3.809034 1.600000 0.000000
vt 4.047099 1.333333 0.000000
vt 4.047099 1.600000 0.000000
vt 4.285164 1.333333 0.000000
vt 4.285164 1.600000 0.000000
vt 4.761293 1.333333 0.000000
vt 4.761293 1.600000 0.000000
vt 5.237422 1.333333 0.000000
vt 5.237422 1.600000 0.000000
vt 5.713552 1.333333 0.000000
vt 5.713552 1.600000 0.000000
vt 5.951616 1.333333 0.000000
vt 5.951616 1.600000 0.000000
vt 6.189681 1.333333 0.000000
vt 6.189681 1.600000 0.000000
vt 6.665810 1.333333 0.000000
vt 6.665810 1.600000 0.000000
vt 6.903875 1.333333 0.000000
vt 6.903875 1.600000 0.000000
vt 7.141939 1.333333 0.000000
vt 7.141939 1.600000 0.000000
vt 7.618069 1.333333 0.000000
vt 7.618069 1.600000 0.000000
vt 7.856133 1.333333 0.000000
vt 7.856133 1.600000 0.000000
vt 8.094198 1.333333 0.000000
vt 8.094198 1.600000 0.000000
vt 8.570327 1.333333 0.000000
vt 8.570327 1.600000 0.000000
vt 9.522586 1.333333 0.000000
vt 9.522586 1.600000 0.000000
vt 9.760651 1.333333 0.000000
vt 9.760651 1.600000 0.000000
vt 9.998715 1.333333 0.000000
vt 9.998715 1.600000 0.000000
vt 10.117747 1.333333 0.000000
vt 10.117747 1.600000 0.000000
vt 10.236780 1.333333 0.000000
vt 10.236780 1.600000 0.000000
vt 10.474844 1.333333 0.000000
vt 10.474844 1.600000 0.000000
vt 10.712909 1.333333 0.000000
vt 10.712909 1.600000 0.000000
vt 10.950974 1.333333 0.000000
vt 10.950974 1.600000 0.000000
vt 11.189038 1.333333 0.000000
vt 11.189038 1.600000 0.000000
vt 11.427103 1.333333 0.000000
vt 11.427103 1.600000 0.000000
vt 11.486619 1.333333 0.000000
vt 11.486619 1.600000 0.000000
vt 11.546135 1.333333 0.000000
vt 11.546135 1.600000 0.000000
vt 11.605652 1.333333 0.000000
vt 11.605652 1.600000 0.000000
vt 11.665168 1.333333 0.000000
vt 11.665168 1.600000 0.000000
vt 11.903232 1.333333 0.000000
vt 11.903232 1.600000 0.000000
vt 12.379362 1.333333 0.000000
vt 12.379362 1.600000 0.000000
vt 12.617426 1.333333 0.000000
vt 12.617426 1.600000 0.000000
vt 12.855491 1.333333 0.000000
vt 12.855491 1.600000 0.000000
vt 13.093556 1.333333 0.000000
vt 13.093556 1.600000 0.000000
vt 13.212588 1.333333 0.000000
vt 13.212588 1.600000 0.000000
vt 13.272104 1.333333 0.000000
vt 13.272104 1.600000 0.000000
vt 13.331620 1.333333 0.000000
vt 13.331620 1.600000 0.000000
vt 13.807749 1.333333 0.000000
vt 13.807749 1.600000 0.000000
vt 14.045814 1.333333 0.000000
vt 14.045814 1.600000 0.000000
vt 14.283879 1.333333 0.000000
vt 14.283879 1.600000 0.000000
vt 14.521943 1.333333 0.000000
vt 14.521943 1.600000 0.000000
vt 14.760008 1.333333 0.000000
vt 14.760008 1.600000 0.000000
vt 14.998073 1.333333 0.000000
vt 14.998073 1.600000 0.000000
vt 15.057589 1.333333 0.000000
vt 15.057589 1.600000 0.000000
vt 15.117105 1.333333 0.000000
vt 15.117105 1.600000 0.000000
vt 15.146863 1.333333 0.000000
vt 15.146863 1.600000 0.000000
vt 15.176621 1.333333 0.000000
vt 15.176621 1.600000 0.000000
vt 15.206379 1.333333 0.000000
vt 15.206379 1.600000 0.000000
vt 15.236137 1.333333 0.000000
vt 15.236137 1.600000 0.000000
vt 15.242093 1.600000 0.000000
vt 15.236137 1.066667 0.000000
vt 15.236137 0.800000 0.000000
vt 15.206379 1.066667 0.000000
vt 15.206379 0.800000 0.000000
vt 15.176621 1.066667 0.000000
vt 15.176621 0.800000 0.000000
vt 15.146863 1.066667 0.000000
vt 15.146863 0.800000 0.000000
vt 15.117105 1.066667 0.000000
vt 15.117105 0.800000 0.000000
vt 15.057589 1.066667 0.000000
vt 15.057589 0.800000 0.000000
vt 14.998073 1.066667 0.000000
vt 14.998073 0.800000 0.000000
vt 14.760008 1.066667 0.000000
vt 14.760008 0.800000 0.000000
vt 14.521943 1.066667 0.000000
vt 14.521943 0.800000 0.000000
vt 14.283879 1.066667 0.000000
vt 14.283879 0.800000 0.000000
vt 14.045814 1.066667 0.000000
vt 14.045814 0.800000 0.000000
vt 13.807749 1.066667 0.000000
vt 13.807749 0.800000 0.000000
vt 13.331620 1.066667 0.000000
vt 13.331620 0.800000 0.000000
vt 13.272104 1.066667 0.000000
vt 13.272104 0.800000 0.000000
vt 13.212588 1.066667 0.000000
vt 13.212588 0.800000 0.000000
vt 13.093556 1.066667 0.000000
vt 13.093556 0.800000 0.000000
vt 12.855491 1.066667 0.000000
vt 12.855491 0.800000 0.000000
vt 12.617426 1.066667 0.000000
vt 12.617426 0.800000 0.000000
vt 12.379362 1.066667 0.000000
vt 12.379362 0.800000 0.000000
vt 11.903232 1.066667 0.000000
vt 11.903232 0.800000 0.000000
vt 11.665168 1.066667 0.000000
vt 11.665168 0.800000 0.000000
vt 11.605652 1.066667 0.000000
vt 11.605652 0.800000 0.000000
vt 11.546135 1.066667 0.000000
vt 11.546135 0.800000 0.000000
vt 11.486619 1.066667 0.000000
vt 11.486619 0.800000 0.000000
vt 11.427103 1.066667 0.000000
vt 11.427103 0.800000 0.000000
vt 11.189038 1.066667 0.000000
vt 11.189038 0.800000 0.000000
vt 10.950974 1.066667 0.000000
vt 10.950974 0.800000 0.000000
vt 10.712909 1.066667 0.000000
vt 10.712909 0.800000 0.000000
vt 10.474844 1.066667 0.000000
vt 10.474844 0.800000 0.000000
vt 10.236780 1.066667 0.000000
vt 10.236780 0.800000 0.000000
vt 10.117747 1.066667 0.000000
vt 10.117747 0.800000 0.000000
vt 9.998715 1.066667 0.000000
vt 9.998715 0.800000 0.000000
vt 9.760651 1.066667 0.000000
vt 9.760651 0.800000 0.000000
vt 9.522586 1.066667 0.000000
vt 9.522586 0.800000 0.000000
vt 8.570327 1.066667 0.000000
vt 8.570327 0.800000 0.000000
vt 8.094198 1.066667 0.000000
vt 8.094198 0.800000 0.000000
vt 7.856133 1.066667 0.000000
vt 7.856133 0.800000 0.000000
vt 7.618069 1.066667 0.000000
vt 7.618069 0.800000 0.000000
vt 7.141939 1.066667 0.000000
vt 7.141939 0.800000 0.000000
vt 6.903875 1.066667 0.000000
vt 6.903875 0.800000 0.000000
vt 6.665810 1.066667 0.000000
vt 6.665810 0.800000 0.000000
vt 6.189681 1.066667 0.000000
vt 6.189681 0.800000 0.000000
vt 5.951616 1.066667 0.000000
vt 5.951616 0.800000 0.000000
vt 5.713552 1.066667 0.000000
vt 5.713552 0.800000 0.000000
vt 5.237422 1.066667 0.000000
vt 5.237422 0.800000 0.000000
vt 4.761293 1.066667 0.000000
vt 4.761293 0.800000 0.000000
vt 4.285164 1.066667 0.000000
vt 4.285164 0.800000 0.000000
vt 4.047099 1.066667 0.000000
vt 4.047099 0.800000 0.000000
vt 3.809034 1.066667 0.000000
vt 3.809034 0.800000 0.000000
vt 3.570970 1.066667 0.000000
vt 3.570970 0.800000 0.000000
vt 3.332905 1.066667 0.000000
vt 3.332905 0.800000 0.000000
vt 3.094840 1.066667 0.000000
vt 3.094840 0.800000 0.000000
vt 2.856776 1.066667 0.000000
vt 2.856776 0.800000 0.000000
vt 2.618711 1.066667 0.000000
vt 2.618711 0.800000 0.000000
vt 2.380646 1.066667 0.000000
vt 2.380646 0.800000 0.000000
vt 2.142582 1.066667 0.000000
vt 2.142582 0.800000 0.000000
vt 1.904517 1.066667 0.000000
vt 1.904517 0.800000 0.000000
vt 1.666453 1.066667 0.000000
vt 1.666453 0.800000 0.000000
vt 1.428388 1.066667 0.000000
vt 1.428388 0.800000 0.000000
vt 1.190323 1.066667 0.000000
vt 1.190323 0.800000 0.000000
vt 0.952259 1.066667 0.000000
vt 0.952259 0.800000 0.000000
vt 0.476129 1.066667 0.000000
vt 0.476129 0.800000 0.000000
vt 0.476129 0.533333 0.000000
vt 0.476129 0.266667 0.000000
vt 0.952259 0.266667 0.000000
vt 0.952259 0.000000 0.000000
vt 1.190323 0.000000 0.000000
vt 0.476129 0.000000 0.000000
vt 1.190323 0.266667 0.000000
vt 1.428388 0.000000 0.000000
vt 1.428388 0.266667 0.000000
vt 1.666453 0.000000 0.000000
vt 1.666453 0.266667 0.000000
vt 1.904517 0.000000 0.000000
vt 1.904517 0.266667 0.000000
vt 2.142582 0.000000 0.000000
vt 2.142582 0.266667 0.000000
vt 2.380646 0.000000 0.000000
vt 2.380646 0.266667 0.000000
vt 2.618711 0.000000 0.000000
vt 2.618711 0.266667 0.000000
vt 2.856776 0.000000 0.000000
vt 2.856776 0.266667 0.000000
vt 3.094840 0.000000 0.000000
vt 3.094840 0.266667 0.000000
vt 3.332905 0.000000 0.000000
vt 3.332905 0.266667 0.000000
vt 3.570970 0.000000 0.000000
vt 3.570970 0.266667 0.000000
vt 3.809034 0.000000 0.000000
vt 3.809034 0.266667 0.000000
vt 4.047099 0.000000 0.000000
vt 4.047099 0.266667 0.000000
vt 4.285164 0.000000 0.000000
vt 4.285164 0.266667 0.000000
vt 4.761293 0.000000 0.000000
vt 4.761293 0.266667 0.000000
vt 5.237422 0.000000 0.000000
vt 5.237422 0.266667 0.000000
vt 5.713552 0.000000 0.000000
vt 5.713552 0.266667 0.000000
vt 5.951616 0.000000 0.000000
vt 5.951616 0.266667 0.000000
vt 6.189681 0.000000 0.000000
vt 6.189681 0.266667 0.000000
vt 6.665810 0.000000 0.000000
vt 6.665810 0.266667 0.000000
vt 6.903875 0.000000 0.000000
vt 6.903875 0.266667 0.000000
vt 7.141939 0.000000 0.000000
vt 7.141939 0.266667 0.000000
vt 7.618069 0.000000 0.000000
vt 7.618069 0.266667 0.000000
vt 7.856133 0.000000 0.000000
vt 7.856133 0.266667 0.000000
vt 8.094198 0.000000 0.000000
vt 8.094198 0.266667 0.000000
vt 8.570327 0.000000 0.000000
vt 8.570327 0.266667 0.000000
vt 9.522586 0.000000 0.000000
vt 9.522586 0.266667 0.000000
vt 9.760651 0.000000 0.000000
vt 9.760651 0.266667 0.000000
vt 9.998715 0.000000 0.000000
vt 9.998715 0.266667 0.000000
vt 10.117747 0.000000 0.000000
vt 10.117747 0.266667 0.000000
vt 10.236780 0.000000 0.000000
vt 10.236780 0.266667 0.000000
vt 10.474844 0.000000 0.000000
vt 10.474844 0.266667 0.000000
vt 10.712909 0.000000 0.000000
vt 10.712909 0.266667 0.000000
vt 10.950974 0.000000 0.000000
vt 10.950974 0.266667 0.000000
vt 11.189038 0.000000 0.000000
vt 11.189038 0.266667 0.000000
vt 11.427103 0.000000 0.000000
vt 11.427103 0.266667 0.000000
vt 11.486619 0.000000 0.000000
vt 11.486619 0.266667 0.000000
vt 11.546135 0.000000 0.000000
vt 11.546135 0.266667 0.000000
vt 11.605652 0.000000 0.000000
vt 11.605652 0.266667 0.000000
vt 11.665168 0.000000 0.000000
vt 11.665168 0.266667 0.000000
vt 11.903232 0.000000 0.000000
vt 11.903232 0.266667 0.000000
vt 12.379362 0.000000 0.000000
vt 12.379362 0.266667 0.000000
vt 12.617426 0.000000 0.000000
vt 12.617426 0.266667 0.000000
vt 12.855491 0.000000 0.000000
vt 12.855491 0.266667 0.000000
vt 13.093556 0.000000 0.000000
vt 13.093556 0.266667 0.000000
vt 13.212588 0.000000 0.000000
vt 13.212588 0.266667 0.000000
vt 13.272104 0.000000 0.000000
vt 13.272104 0.266667 0.000000
vt 13.331620 0.000000 0.000000
vt 13.331620 0.266667 0.000000
vt 13.807749 0.000000 0.000000
vt 13.807749 0.266667 0.000000
vt 14.045814 0.000000 0.000000
vt 14.045814 0.266667 0.000000
vt 14.283879 0.000000 0.000000
vt 14.283879 0.266667 0.000000
vt 14.521943 0.000000 0.000000
vt 14.521943 0.266667 0.000000
vt 14.760008 0.000000 0.000000
vt 14.760008 0.266667 0.000000
vt 14.998073 0.000000 0.000000
vt 14.998073 0.266667 0.000000
vt 15.057589 0.000000 0.000000
vt 15.057589 0.266667 0.000000
vt 15.117105 0.000000 0.000000
vt 15.117105 0.266667 0.000000
vt 15.146863 0.000000 0.000000
vt 15.146863 0.266667 0.000000
vt 15.176621 0.000000 0.000000
vt 15.176621 0.266667 0.000000
vt 15.206379 0.000000 0.000000
vt 15.206379 0.266667 0.000000
vt 15.236137 0.000000 0.000000
vt 15.236137 0.266667 0.000000
vt 15.242093 0.000000 0.000000
vt 15.236137 0.533333 0.000000
vt 15.206379 0.533333 0.000000
vt 15.176621 0.533333 0.000000
vt 15.146863 0.533333 0.000000
vt 15.117105 0.533333 0.000000
vt 15.057589 0.533333 0.000000
vt 14.998073 0.533333 0.000000
vt 14.760008 0.533333 0.000000
vt 14.521943 0.533333 0.000000
vt 14.283879 0.533333 0.000000
vt 14.045814 0.533333 0.000000
vt 13.807749 0.533333 0.000000
vt 13.331620 0.533333 0.000000
vt 13.272104 0.533333 0.000000
vt 13.212588 0.533333 0.000000
vt 13.093556 0.533333 0.000000
vt 12.855491 0.533333 0.000000
vt 12.617426 0.533333 0.000000
vt 12.379362 0.533333 0.000000
vt 11.903232 0.533333 0.000000
vt 11.665168 0.533333 0.000000
vt 11.605652 0.533333 0.000000
vt 11.546135 0.533333 0.000000
vt 11.486619 0.533333 0.000000
vt 11.427103 0.533333 0.000000
vt 11.189038 0.533333 0.000000
vt 10.950974 0.533333 0.000000
vt 10.712909 0.533333 0.000000
vt 10.474844 0.533333 0.000000
vt 10.236780 0.533333 0.000000
vt 10.117747 0.533333 0.000000
vt 9.998715 0.533333 0.000000
vt 9.760651 0.533333 0.000000
vt 9.522586 0.533333 0.000000
vt 8.570327 0.533333 0.000000
vt 8.094198 0.533333 0.000000
vt 7.856133 0.533333 0.000000
vt 7.618069 0.533333 0.000000
vt 7.141939 0.533333 0.000000
vt 6.903875 0.533333 0.000000
vt 6.665810 0.533333 0.000000
vt 6.189681 0.533333 0.000000
vt 5.951616 0.533333 0.000000
vt 5.713552 0.533333 0.000000
vt 5.237422 0.533333 0.000000
vt 4.761293 0.533333 0.000000
vt 4.285164 0.533333 0.000000
vt 4.047099 0.533333 0.000000
vt 3.809034 0.533333 0.000000
vt 3.570970 0.533333 0.000000
vt 3.332905 0.533333 0.000000
vt 3.094840 0.533333 0.000000
vt 2.856776 0.533333 0.000000
vt 2.618711 0.533333 0.000000
vt 2.380646 0.533333 0.000000
vt 2.142582 0.533333 0.000000
vt 1.904517 0.533333 0.000000
vt 1.666453 0.533333 0.000000
vt 1.428388 0.533333 0.000000
vt 1.190323 0.533333 0.000000
vt 0.952259 0.533333 0.000000
vt -0.000000 0.000000 0.000000
vt 0.000000 0.400000 0.000000
vt -0.009269 0.000000 0.000000
vt 0.000000 0.800000 0.000000
vt -0.009269 1.600000 0.000000
vt 0.000000 1.200000 0.000000
vt -0.000000 1.600000 0.000000
vt 0.070122 1.200000 0.000000
vt 0.070122 1.600000 0.000000
vt 0.140243 1.200000 0.000000
vt 0.140243 1.600000 0.000000
vt 0.210365 1.200000 0.000000
vt 0.210365 1.600000 0.000000
vt 0.280487 1.200000 0.000000
vt 0.280487 1.600000 0.000000
vt 0.420730 1.200000 0.000000
vt 0.420730 1.600000 0.000000
vt 0.560973 1.200000 0.000000
vt 0.560973 1.600000 0.000000
vt 0.701217 1.200000 0.000000
vt 0.701217 1.600000 0.000000
vt 0.841460 1.200000 0.000000
vt 0.841460 1.600000 0.000000
vt 1.121947 1.200000 0.000000
vt 1.121947 1.600000 0.000000
vt 1.402434 1.200000 0.000000
vt 1.402434 1.600000 0.000000
vt 1.682920 1.200000 0.000000
vt 1.682920 1.600000 0.000000
vt 1.963407 1.200000 0.000000
vt 1.963407 1.600000 0.000000
vt 2.033529 1.200000 0.000000
vt 2.033529 1.600000 0.000000
vt 2.103650 1.200000 0.000000
vt 2.103650 1.600000 0.000000
vt 2.173772 1.200000 0.000000
vt 2.173772 1.600000 0.000000
vt 2.243894 1.200000 0.000000
vt 2.243894 1.600000 0.000000
vt 2.314015 1.200000 0.000000
vt 2.314015 1.600000 0.000000
vt 2.384137 1.200000 0.000000
vt 2.384137 1.600000 0.000000
vt 2.524380 1.200000 0.000000
vt 2.524380 1.600000 0.000000
vt 2.804867 1.200000 0.000000
vt 2.804867 1.600000 0.000000
vt 3.365841 1.200000 0.000000
vt 3.365841 1.600000 0.000000
vt 3.926814 1.200000 0.000000
vt 3.926814 1.600000 0.000000
vt 3.996936 1.200000 0.000000
vt 3.996936 1.600000 0.000000
vt 4.067057 1.200000 0.000000
vt 4.067057 1.600000 0.000000
vt 4.207301 1.200000 0.000000
vt 4.207301 1.600000 0.000000
vt 4.347544 1.200000 0.000000
vt 4.347544 1.600000 0.000000
vt 4.487787 1.200000 0.000000
vt 4.487787 1.600000 0.000000
vt 5.048761 1.200000 0.000000
vt 5.048761 1.600000 0.000000
vt 5.329248 1.200000 0.000000
vt 5.329248 1.600000 0.000000
vt 5.609734 1.200000 0.000000
vt 5.609734 1.600000 0.000000
vt 5.749978 1.200000 0.000000
vt 5.749978 1.600000 0.000000
vt 5.890221 1.200000 0.000000
vt 5.890221 1.600000 0.000000
vt 5.960343 1.200000 0.000000
vt 5.960343 1.600000 0.000000
vt 6.030464 1.200000 0.000000
vt 6.030464 1.600000 0.000000
vt 6.100586 1.200000 0.000000
vt 6.100586 1.600000 0.000000
vt 6.135647 1.200000 0.000000
vt 6.135647 1.600000 0.000000
vt 6.170708 1.200000 0.000000
vt 6.170708 1.600000 0.000000
vt 6.205769 1.200000 0.000000
vt 6.205769 1.600000 0.000000
vt 6.240829 1.200000 0.000000
vt 6.240829 1.600000 0.000000
vt 6.310951 1.200000 0.000000
vt 6.310951 1.600000 0.000000
vt 6.381073 1.200000 0.000000
vt 6.381073 1.600000 0.000000
vt 6.451194 1.200000 0.000000
vt 6.451194 1.600000 0.000000
vt 6.731681 1.200000 0.000000
vt 6.731681 1.600000 0.000000
vt 7.292655 1.200000 0.000000
vt 7.292655 1.600000 0.000000
vt 7.853628 1.200000 0.000000
vt 7.853628 1.600000 0.000000
vt 8.134115 1.200000 0.000000
vt 8.134115 1.600000 0.000000
vt 8.414601 1.200000 0.000000
vt 8.414601 1.600000 0.000000
vt 8.695088 1.200000 0.000000
vt 8.695088 1.600000 0.000000
vt 8.975575 1.200000 0.000000
vt 8.975575 1.600000 0.000000
vt 9.536548 1.200000 0.000000
vt 9.536548 1.600000 0.000000
vt 9.817035 1.200000 0.000000
vt 9.817035 1.600000 0.000000
vt 10.097522 1.200000 0.000000
vt 10.097522 1.600000 0.000000
vt 10.378008 1.200000 0.000000
vt 10.378008 1.600000 0.000000
vt 10.658495 1.200000 0.000000
vt 10.658495 1.600000 0.000000
vt 10.938982 1.200000 0.000000
vt 10.938982 1.600000 0.000000
vt 11.219469 1.200000 0.000000
vt 11.219469 1.600000 0.000000
vt 11.499955 1.200000 0.000000
vt 11.499955 1.600000 0.000000
vt 11.640199 1.200000 0.000000
vt 11.640199 1.600000 0.000000
vt 11.780442 1.200000 0.000000
vt 11.780442 1.600000 0.000000
vt 11.920685 1.200000 0.000000
vt 11.920685 1.600000 0.000000
vt 12.060929 1.200000 0.000000
vt 12.060929 1.600000 0.000000
vt 12.341415 1.200000 0.000000
vt 12.341415 1.600000 0.000000
vt 12.621902 1.200000 0.000000
vt 12.621902 1.600000 0.000000
vt 12.902389 1.200000 0.000000
vt 12.902389 1.600000 0.000000
vt 13.182876 1.200000 0.000000
vt 13.182876 1.600000 0.000000
vt 13.463362 1.200000 0.000000
vt 13.463362 1.600000 0.000000
vt 13.743849 1.200000 0.000000
vt 13.743849 1.600000 0.000000
vt 14.024336 1.200000 0.000000
vt 14.024336 1.600000 0.000000
vt 14.304822 1.200000 0.000000
vt 14.304822 1.600000 0.000000
vt 14.585309 1.200000 0.000000
vt 14.585309 1.600000 0.000000
vt 14.725553 1.200000 0.000000
vt 14.725553 1.600000 0.000000
vt 14.865796 1.200000 0.000000
vt 14.865796 1.600000 0.000000
vt 15.146283 1.200000 0.000000
vt 15.146283 1.600000 0.000000
vt 15.426769 1.200000 0.000000
vt 15.426769 1.600000 0.000000
vt 15.707256 1.200000 0.000000
vt 15.707256 1.600000 0.000000
vt 16.268229 1.200000 0.000000
vt 16.268229 1.600000 0.000000
vt 16.829203 1.200000 0.000000
vt 16.829203 1.600000 0.000000
vt 17.390176 1.200000 0.000000
vt 17.390176 1.600000 0.000000
vt 17.951150 1.200000 0.000000
vt 17.951150 1.600000 0.000000
vt 18.512123 1.200000 0.000000
vt 18.512123 1.600000 0.000000
vt 18.792610 1.200000 0.000000
vt 18.792610 1.600000 0.000000
vt 19.073097 1.200000 0.000000
vt 19.073097 1.600000 0.000000
vt 19.353583 1.200000 0.000000
vt 19.353583 1.600000 0.000000
vt 19.634070 1.200000 0.000000
vt 19.634070 1.600000 0.000000
vt 19.774313 1.200000 0.000000
vt 19.774313 1.600000 0.000000
vt 19.914557 1.200000 0.000000
vt 19.914557 1.600000 0.000000
vt 20.054800 1.200000 0.000000
vt 20.054800 1.600000 0.000000
vt 20.089861 1.200000 0.000000
vt 20.089861 1.600000 0.000000
vt 20.124922 1.200000 0.000000
vt 20.124922 1.600000 0.000000
vt 20.142452 1.600000 0.000000
vt 20.146835 1.200000 0.000000
vt 20.151217 1.600000 0.000000
vt 20.157791 1.200000 0.000000
vt 20.159983 1.600000 0.000000
vt 20.168748 1.200000 0.000000
vt 20.168748 1.600000 0.000000
vt 20.177513 1.600000 0.000000
vt 20.179704 1.200000 0.000000
vt 20.186278 1.600000 0.000000
vt 20.190661 1.200000 0.000000
vt 20.195043 1.600000 0.000000
vt 20.201617 1.200000 0.000000
vt 20.203809 1.600000 0.000000
vt 20.212574 1.200000 0.000000
vt 20.212574 1.600000 0.000000
vt 20.225722 1.200000 0.000000
vt 20.230104 1.600000 0.000000
vt 20.238870 1.200000 0.000000
vt 20.265165 1.600000 0.000000
vt 20.265165 1.200000 0.000000
vt 20.335287 1.200000 0.000000
vt 20.335287 0.800000 0.000000
vt 20.475530 0.800000 0.000000
vt 20.475530 0.400000 0.000000
vt 20.756017 0.400000 0.000000
vt 20.756017 0.000000 0.000000
vt 21.036504 0.000000 0.000000
vt 0.070122 0.000000 0.000000
vt 0.070122 0.400000 0.000000
vt 0.070122 0.800000 0.000000
vt 0.140243 0.000000 0.000000
vt 0.140243 0.400000 0.000000
vt 0.140243 0.800000 0.000000
vt 0.210365 0.000000 0.000000
vt 0.210365 0.400000 0.000000
vt 0.210365 0.800000 0.000000
vt 0.280487 0.000000 0.000000
vt 0.280487 0.400000 0.000000
vt 0.280487 0.800000 0.000000
vt 0.420730 0.000000 0.000000
vt 0.420730 0.400000 0.000000
vt 0.420730 0.800000 0.000000
vt 0.560973 0.000000 0.000000
vt 0.560973 0.400000 0.000000
vt 0.560973 0.800000 0.000000
vt 0.701217 0.000000 0.000000
vt 0.701217 0.400000 0.000000
vt 0.701217 0.800000 0.000000
vt 0.841460 0.000000 0.000000
vt 0.841460 0.400000 0.000000
vt 0.841460 0.800000 0.000000
vt 1.121947 0.000000 0.000000
vt 1.121947 0.400000 0.000000
vt 1.121947 0.800000 0.000000
vt 1.402434 0.000000 0.000000
vt 1.402434 0.400000 0.000000
vt 1.402434 0.800000 0.000000
vt 1.682920 0.000000 0.000000
vt 1.682920 0.400000 0.000000
vt 1.682920 0.800000 0.000000
vt 1.963407 0.000000 0.000000
vt 1.963407 0.400000 0.000000
vt 1.963407 0.800000 0.000000
vt 2.033529 0.000000 0.000000
vt 2.033529 0.400000 0.000000
vt 2.033529 0.800000 0.000000
vt 2.103650 0.000000 0.000000
vt 2.103650 0.400000 0.000000
vt 2.103650 0.800000 0.000000
vt 2.173772 0.000000 0.000000
vt 2.173772 0.400000 0.000000
vt 2.173772 0.800000 0.000000
vt 2.243894 0.000000 0.000000
vt 2.243894 0.400000 0.000000
vt 2.243894 0.800000 0.000000
vt 2.314015 0.000000 0.000000
vt 2.314015 0.400000 0.000000
vt 2.314015 0.800000 0.000000
vt 2.384137 0.000000 0.000000
vt 2.384137 0.400000 0.000000
vt 2.384137 0.800000 0.000000
vt 2.524380 0.000000 0.000000
vt 2.524380 0.400000 0.000000
vt 2.524380 0.800000 0.000000
vt 2.804867 0.000000 0.000000
vt 2.804867 0.400000 0.000000
vt 2.804867 0.800000 0.000000
vt 3.365841 0.000000 0.000000
vt 3.365841 0.400000 0.000000
vt 3.365841 0.800000 0.000000
vt 3.926814 0.000000 0.000000
vt 3.926814 0.400000 0.000000
vt 3.926814 0.800000 0.000000
vt 3.996936 0.000000 0.000000
vt 3.996936 0.400000 0.000000
vt 3.996936 0.800000 0.000000
vt 4.067057 0.000000 0.000000
vt 4.067057 0.400000 0.000000
vt 4.067057 0.800000 0.000000
vt 4.207301 0.000000 0.000000
vt 4.207301 0.400000 0.000000
vt 4.207301 0.800000 0.000000
vt 4.347544 0.000000 0.000000
vt 4.347544 0.400000 0.000000
vt 4.347544 0.800000 0.000000
vt 4.487787 0.000000 0.000000
vt 4.487787 0.400000 0.000000
vt 4.487787 0.800000 0.000000
vt 5.048761 0.000000 0.000000
vt 5.048761 0.400000 0.000000
vt 5.048761 0.800000 0.000000
vt 5.329248 0.000000 0.000000
vt 5.329248 0.400000 0.000000
vt 5.329248 0.800000 0.000000
vt 5.609734 0.000000 0.000000
vt 5.609734 0.400000 0.000000
vt 5.609734 0.800000 0.000000
vt 5.749978 0.000000 0.000000
vt 5.749978 0.400000 0.000000
vt 5.749978 0.800000 0.000000
vt 5.890221 0.000000 0.000000
vt 5.890221 0.400000 0.000000
vt 5.890221 0.800000 0.000000
vt 5.960343 0.000000 0.000000
vt 5.960343 0.400000 0.000000
vt 5.960343 0.800000 0.000000
vt 6.030464 0.000000 0.000000
vt 6.030464 0.400000 0.000000
vt 6.030464 0.800000 0.000000
vt 6.100586 0.000000 0.000000
vt 6.100586 0.400000 0.000000
vt 6.100586 0.800000 0.000000
vt 6.135647 0.000000 0.000000
vt 6.135647 0.400000 0.000000
vt 6.135647 0.800000 0.000000
vt 6.170708 0.000000 0.000000
vt 6.170708 0.400000 0.000000
vt 6.170708 0.800000 0.000000
vt 6.205769 0.000000 0.000000
vt 6.205769 0.400000 0.000000
vt 6.205769 0.800000 0.000000
vt 6.240829 0.000000 0.000000
vt 6.240829 0.400000 0.000000
vt 6.240829 0.800000 0.000000
vt 6.310951 0.000000 0.000000
vt 6.310951 0.400000 0.000000
vt 6.310951 0.800000 0.000000
vt 6.381073 0.000000 0.000000
vt 6.381073 0.400000 0.000000
vt 6.381073 0.800000 0.000000
vt 6.451194 0.000000 0.000000
vt 6.451194 0.400000 0.000000
vt 6.451194 0.800000 0.000000
vt 6.731681 0.000000 0.000000
vt 6.731681 0.400000 0.000000
vt 6.731681 0.800000 0.000000
vt 7.292655 0.000000 0.000000
vt 7.292655 0.400000 0.000000
vt 7.292655 0.800000 0.000000
vt 7.853628 0.000000 0.000000
vt 7.853628 0.400000 0.000000
vt 7.853628 0.800000 0.000000
vt 8.134115 0.000000 0.000000
vt 8.134115 0.400000 0.000000
vt 8.134115 0.800000 0.000000
vt 8.414601 0.000000 0.000000
vt 8.414601 0.400000 0.000000
vt 8.414601 0.800000 0.000000
vt 8.695088 0.000000 0.000000
vt 8.695088 0.400000 0.000000
vt 8.695088 0.800000 0.000000
vt 8.975575 0.000000 0.000000
vt 8.975575 0.400000 0.000000
vt 8.975575 0.800000 0.000000
vt 9.536548 0.000000 0.000000
vt 9.536548 0.400000 0.000000
vt 9.536548 0.800000 0.000000
vt 9.817035 0.000000 0.000000
vt 9.817035 0.400000 0.000000
vt 9.817035 0.800000 0.000000
vt 10.097522 0.000000 0.000000
vt 10.097522 0.400000 0.000000
vt 10.097522 0.800000 0.000000
vt 10.378008 0.000000 0.000000
vt 10.378008 0.400000 0.000000
vt 10.378008 0.800000 0.000000
vt 10.658495 0.000000 0.000000
vt 10.658495 0.400000 0.000000
vt 10.658495 0.800000 0.000000
vt 10.938982 0.000000 0.000000
vt 10.938982 0.400000 0.000000
vt 10.938982 0.800000 0.000000
vt 11.219469 0.000000 0.000000
vt 11.219469 0.400000 0.000000
vt 11.219469 0.800000 0.000000
vt 11.499955 0.000000 0.000000
vt 11.499955 0.400000 0.000000
vt 11.499955 0.800000 0.000000
vt 11.640199 0.000000 0.000000
vt 11.640199 0.400000 0.000000
vt 11.640199 0.800000 0.000000
vt 11.780442 0.000000 0.000000
vt 11.780442 0.400000 0.000000
vt 11.780442 0.800000 0.000000
vt 11.920685 0.000000 0.000000
vt 11.920685 0.400000 0.000000
vt 11.920685 0.800000 0.000000
vt 12.060929 0.000000 0.000000
vt 12.060929 0.400000 0.000000
vt 12.060929 0.800000 0.000000
vt 12.341415 0.000000 0.000000
vt 12.341415 0.400000 0.000000
vt 12.341415 0.800000 0.000000
vt 12.621902 0.000000 0.000000
vt 12.621902 0.400000 0.000000
vt 12.621902 0.800000 0.000000
vt 12.902389 0.000000 0.000000
vt 12.902389 0.400000 0.000000
vt 12.902389 0.800000 0.000000
vt 13.182876 0.000000 0.000000
vt 13.182876 0.400000 0.000000
vt 13.182876 0.800000 0.000000
vt 13.463362 0.000000 0.000000
vt 13.463362 0.400000 0.000000
vt 13.463362 0.800000 0.000000
vt 13.743849 0.000000 0.000000
vt 13.743849 0.400000 0.000000
vt 13.743849 0.800000 0.000000
vt 14.024336 0.000000 0.000000
vt 14.024336 0.400000 0.000000
vt 14.024336 0.800000 0.000000
vt 14.304822 0.000000 0.000000
vt 14.304822 0.400000 0.000000
vt 14.304822 0.800000 0.000000
vt 14.585309 0.000000 0.000000
vt 14.585309 0.400000 0.000000
vt 14.585309 0.800000 0.000000
vt 14.725553 0.000000 0.000000
vt 14.725553 0.400000 0.000000
vt 14.725553 0.800000 0.000000
vt 14.865796 0.000000 0.000000
vt 14.865796 0.400000 0.000000
vt 14.865796 0.800000 0.000000
vt 15.146283 0.000000 0.000000
vt 15.146283 0.400000 0.000000
vt 15.146283 0.800000 0.000000
vt 15.426769 0.000000 0.000000
vt 15.426769 0.400000 0.000000
vt 15.426769 0.800000 0.000000
vt 15.707256 0.000000 0.000000
vt 15.707256 0.400000 0.000000
vt 15.707256 0.800000 0.000000
vt 16.268229 0.000000 0.000000
vt 16.268229 0.400000 0.000000
vt 16.268229 0.800000 0.000000
vt 16.829203 0.000000 0.000000
vt 16.829203 0.400000 0.000000
vt 16.829203 0.800000 0.000000
vt 17.390176 0.000000 0.000000
vt 17.390176 0.400000 0.000000
vt 17.390176 0.800000 0.000000
vt 17.951150 0.000000 0.000000
vt 17.951150 0.400000 0.000000
vt 17.951150 0.800000 0.000000
vt 18.512123 0.000000 0.000000
vt 18.512123 0.400000 0.000000
vt 18.512123 0.800000 0.000000
vt 18.792610 0.000000 0.000000
vt 18.792610 0.400000 0.000000
vt 18.792610 0.800000 0.000000
vt 19.073097 0.000000 0.000000
vt 19.073097 0.400000 0.000000
vt 19.073097 0.800000 0.000000
vt 19.353583 0.000000 0.000000
vt 19.353583 0.400000 0.000000
vt 19.353583 0.800000 0.000000
vt 19.634070 0.000000 0.000000
vt 19.634070 0.400000 0.000000
vt 19.634070 0.800000 0.000000
vt 19.774313 0.000000 0.000000
vt 19.774313 0.400000 0.000000
vt 19.774313 0.800000 0.000000
vt 19.914557 0.000000 0.000000
vt 19.914557 0.400000 0.000000
vt 19.914557 0.800000 0.000000
vt 20.054800 0.000000 0.000000
vt 20.054800 0.400000 0.000000
vt 20.054800 0.800000 0.000000
vt 20.089861 0.000000 0.000000
vt 20.089861 0.400000 0.000000
vt 20.089861 0.800000 0.000000
vt 20.124922 0.000000 0.000000
vt 20.124922 0.400000 0.000000
vt 20.124922 0.800000 0.000000
vt 20.142452 0.000000 0.000000
vt 20.146835 0.400000 0.000000
vt 20.146835 0.800000 0.000000
vt 20.151217 0.000000 0.000000
vt 20.157791 0.400000 0.000000
vt 20.157791 0.800000 0.000000
vt 20.159983 0.000000 0.000000
vt 20.168748 0.400000 0.000000
vt 20.168748 0.800000 0.000000
vt 20.168748 0.000000 0.000000
vt 20.177513 0.000000 0.000000
vt 20.179704 0.400000 0.000000
vt 20.186278 0.000000 0.000000
vt 20.190661 0.400000 0.000000
vt 20.195043 0.000000 0.000000
vt 20.201617 0.400000 0.000000
vt 20.203809 0.000000 0.000000
vt 20.212574 0.400000 0.000000
vt 20.212574 0.000000 0.000000
vt 20.225722 0.400000 0.000000
vt 20.230104 0.000000 0.000000
vt 20.238870 0.400000 0.000000
vt 20.265165 0.000000 0.000000
vt 20.265165 0.400000 0.000000
vt 20.335287 0.000000 0.000000
vt 20.335287 0.400000 0.000000
vt 20.475530 0.000000 0.000000
vt 21.036504 0.400000 0.000000
vt 21.316990 0.000000 0.000000
vt 21.316990 0.400000 0.000000
vt 21.877964 0.000000 0.000000
vt 21.877964 0.400000 0.000000
vt 22.158450 0.000000 0.000000
vt 22.158450 0.400000 0.000000
vt 22.438937 0.000000 0.000000
vt 22.438937 0.400000 0.000000
vt 22.999911 0.000000 0.000000
vt 22.999911 0.400000 0.000000
vt 23.280397 0.000000 0.000000
vt 23.280397 0.400000 0.000000
vt 23.560884 0.000000 0.000000
vt 23.560884 0.400000 0.000000
vt 23.841371 0.000000 0.000000
vt 23.841371 0.400000 0.000000
vt 24.121857 0.000000 0.000000
vt 24.121857 0.400000 0.000000
vt 24.402344 0.000000 0.000000
vt 24.402344 0.400000 0.000000
vt 24.682831 0.000000 0.000000
vt 24.682831 0.400000 0.000000
vt 25.243804 0.000000 0.000000
vt 25.243804 0.400000 0.000000
vt 25.524291 0.000000 0.000000
vt 25.524291 0.400000 0.000000
vt 25.664534 0.000000 0.000000
vt 25.664534 0.400000 0.000000
vt 25.734656 0.000000 0.000000
vt 25.734656 0.400000 0.000000
vt 25.804778 0.000000 0.000000
vt 25.804778 0.400000 0.000000
vt 25.874899 0.000000 0.000000
vt 25.874899 0.400000 0.000000
vt 25.945021 0.000000 0.000000
vt 25.945021 0.400000 0.000000
vt 26.015143 0.000000 0.000000
vt 26.015143 0.400000 0.000000
vt 26.085264 0.000000 0.000000
vt 26.085264 0.400000 0.000000
vt 26.155386 0.000000 0.000000
vt 26.155386 0.400000 0.000000
vt 26.225508 0.000000 0.000000
vt 26.225508 0.400000 0.000000
vt 26.295630 0.000000 0.000000
vt 26.295630 0.400000 0.000000
vt 26.365751 0.000000 0.000000
vt 26.365751 0.400000 0.000000
vt 26.435873 0.000000 0.000000
vt 26.435873 0.400000 0.000000
vt 26.505995 0.000000 0.000000
vt 26.505995 0.400000 0.000000
vt 26.646238 0.000000 0.000000
vt 26.646238 0.400000 0.000000
vt 26.786481 0.000000 0.000000
vt 26.786481 0.400000 0.000000
vt 26.926725 0.000000 0.000000
vt 26.926725 0.400000 0.000000
vt 27.487698 0.000000 0.000000
vt 27.487698 0.400000 0.000000
vt 28.048671 0.000000 0.000000
vt 28.048671 0.400000 0.000000
vt 28.329158 0.000000 0.000000
vt 28.329158 0.400000 0.000000
vt 28.609645 0.000000 0.000000
vt 28.609645 0.400000 0.000000
vt 29.170618 0.000000 0.000000
vt 29.170618 0.400000 0.000000
vt 29.731592 0.000000 0.000000
vt 29.731592 0.400000 0.000000
vt 30.012078 0.000000 0.000000
vt 30.012078 0.400000 0.000000
vt 30.292565 0.000000 0.000000
vt 30.292565 0.400000 0.000000
vt 30.853539 0.000000 0.000000
vt 30.853539 0.400000 0.000000
vt 31.414512 0.000000 0.000000
vt 31.414512 0.400000 0.000000
vt 31.975485 0.000000 0.000000
vt 31.975485 0.400000 0.000000
vt 32.536459 0.000000 0.000000
vt 32.536459 0.400000 0.000000
vt 32.816946 0.000000 0.000000
vt 32.816946 0.400000 0.000000
vt 33.097432 0.000000 0.000000
vt 33.097432 0.400000 0.000000
vt 33.658406 0.000000 0.000000
vt 33.658406 0.400000 0.000000
vt 33.938892 0.000000 0.000000
vt 33.938892 0.400000 0.000000
vt 34.219379 0.000000 0.000000
vt 34.219379 0.400000 0.000000
vt 34.499866 0.000000 0.000000
vt 34.499866 0.400000 0.000000
vt 34.780353 0.000000 0.000000
vt 34.780353 0.400000 0.000000
vt 35.060839 0.000000 0.000000
vt 35.060839 0.400000 0.000000
vt 35.341326 0.000000 0.000000
vt 35.341326 0.400000 0.000000
vt 35.902299 0.000000 0.000000
vt 35.341326 0.800000 0.000000
vt 35.902299 1.600000 0.000000
vt 35.341326 1.200000 0.000000
vt 35.341326 1.600000 0.000000
vt 35.060839 1.600000 0.000000
vt 35.904320 0.000000 0.000000
vt 35.904320 1.600000 0.000000
vt 35.060839 1.200000 0.000000
vt 34.780353 1.600000 0.000000
vt 34.780353 1.200000 0.000000
vt 34.499866 1.600000 0.000000
vt 34.499866 1.200000 0.000000
vt 34.219379 1.600000 0.000000
vt 34.219379 1.200000 0.000000
vt 33.938892 1.600000 0.000000
vt 33.938892 1.200000 0.000000
vt 33.658406 1.600000 0.000000
vt 33.658406 1.200000 0.000000
vt 33.097432 1.600000 0.000000
vt 33.097432 1.200000 0.000000
vt 32.816946 1.600000 0.000000
vt 32.816946 1.200000 0.000000
vt 32.536459 1.600000 0.000000
vt 32.536459 1.200000 0.000000
vt 31.975485 1.600000 0.000000
vt 31.975485 1.200000 0.000000
vt 31.414512 1.600000 0.000000
vt 31.414512 1.200000 0.000000
vt 30.853539 1.600000 0.000000
vt 30.853539 1.200000 0.000000
vt 30.292565 1.600000 0.000000
vt 30.292565 1.200000 0.000000
vt 30.012078 1.600000 0.000000
vt 30.012078 1.200000 0.000000
vt 29.731592 1.600000 0.000000
vt 29.731592 1.200000 0.000000
vt 29.170618 1.600000 0.000000
vt 29.170618 1.200000 0.000000
vt 28.609645 1.600000 0.000000
vt 28.609645 1.200000 0.000000
vt 28.329158 1.600000 0.000000
vt 28.329158 1.200000 0.000000
vt 28.048671 1.600000 0.000000
vt 28.048671 1.200000 0.000000
vt 27.487698 1.600000 0.000000
vt 27.487698 1.200000 0.000000
vt 26.926725 1.600000 0.000000
vt 26.926725 1.200000 0.000000
vt 26.786481 1.600000 0.000000
vt 26.786481 1.200000 0.000000
vt 26.646238 1.600000 0.000000
vt 26.646238 1.200000 0.000000
vt 26.505995 1.600000 0.000000
vt 26.505995 1.200000 0.000000
vt 26.435873 1.600000 0.000000
vt 26.435873 1.200000 0.000000
vt 26.365751 1.600000 0.000000
vt 26.365751 1.200000 0.000000
vt 26.295630 1.600000 0.000000
vt 26.295630 1.200000 0.000000
vt 26.225508 1.600000 0.000000
vt 26.225508 1.200000 0.000000
vt 26.155386 1.600000 0.000000
vt 26.155386 1.200000 0.000000
vt 26.085264 1.600000 0.000000
vt 26.085264 1.200000 0.000000
vt 26.015143 1.600000 0.000000
vt 26.015143 1.200000 0.000000
vt 25.945021 1.600000 0.000000
vt 25.945021 1.200000 0.000000
vt 25.874899 1.600000 0.000000
vt 25.874899 1.200000 0.000000
vt 25.804778 1.600000 0.000000
vt 25.804778 1.200000 0.000000
vt 25.734656 1.600000 0.000000
vt 25.734656 1.200000 0.000000
vt 25.664534 1.600000 0.000000
vt 25.664534 1.200000 0.000000
vt 25.524291 1.600000 0.000000
vt 25.524291 1.200000 0.000000
vt 25.243804 1.600000 0.000000
vt 25.243804 1.200000 0.000000
vt 24.682831 1.600000 0.000000
vt 24.682831 1.200000 0.000000
vt 24.402344 1.600000 0.000000
vt 24.402344 1.200000 0.000000
vt 24.121857 1.600000 0.000000
vt 24.121857 1.200000 0.000000
vt 23.841371 1.600000 0.000000
vt 23.841371 1.200000 0.000000
vt 23.560884 1.600000 0.000000
vt 23.560884 1.200000 0.000000
vt 23.280397 1.600000 0.000000
vt 23.280397 1.200000 0.000000
vt 22.999911 1.600000 0.000000
vt 22.999911 1.200000 0.000000
vt 22.438937 1.600000 0.000000
vt 22.438937 1.200000 0.000000
vt 22.158450 1.600000 0.000000
vt 22.158450 1.200000 0.000000
vt 21.877964 1.600000 0.000000
vt 21.877964 1.200000 0.000000
vt 21.316990 1.600000 0.000000
vt 21.316990 1.200000 0.000000
vt 21.036504 1.600000 0.000000
vt 21.036504 1.200000 0.000000
vt 20.756017 1.600000 0.000000
vt 20.756017 1.200000 0.000000
vt 20.475530 1.600000 0.000000
vt 20.475530 1.200000 0.000000
vt 20.335287 1.600000 0.000000
vt 35.060839 0.800000 0.000000
vt 34.780353 0.800000 0.000000
vt 34.499866 0.800000 0.000000
vt 34.219379 0.800000 0.000000
vt 33.938892 0.800000 0.000000
vt 33.658406 0.800000 0.000000
vt 33.097432 0.800000 0.000000
vt 32.816946 0.800000 0.000000
vt 32.536459 0.800000 0.000000
vt 31.975485 0.800000 0.000000
vt 31.414512 0.800000 0.000000
vt 30.853539 0.800000 0.000000
vt 30.292565 0.800000 0.000000
vt 30.012078 0.800000 0.000000
vt 29.731592 0.800000 0.000000
vt 29.170618 0.800000 0.000000
vt 28.609645 0.800000 0.000000
vt 28.329158 0.800000 0.000000
vt 28.048671 0.800000 0.000000
vt 27.487698 0.800000 0.000000
vt 26.926725 0.800000 0.000000
vt 26.786481 0.800000 0.000000
vt 26.646238 0.800000 0.000000
vt 26.505995 0.800000 0.000000
vt 26.435873 0.800000 0.000000
vt 26.365751 0.800000 0.000000
vt 26.295630 0.800000 0.000000
vt 26.225508 0.800000 0.000000
vt 26.155386 0.800000 0.000000
vt 26.085264 0.800000 0.000000
vt 26.015143 0.800000 0.000000
vt 25.945021 0.800000 0.000000
vt 25.874899 0.800000 0.000000
vt 25.804778 0.800000 0.000000
vt 25.734656 0.800000 0.000000
vt 25.664534 0.800000 0.000000
vt 25.524291 0.800000 0.000000
vt 25.243804 0.800000 0.000000
vt 24.682831 0.800000 0.000000
vt 24.402344 0.800000 0.000000
vt 24.121857 0.800000 0.000000
vt 23.841371 0.800000 0.000000
vt 23.560884 0.800000 0.000000
vt 23.280397 0.800000 0.000000
vt 22.999911 0.800000 0.000000
vt 22.438937 0.800000 0.000000
vt 22.158450 0.800000 0.000000
vt 21.877964 0.800000 0.000000
vt 21.316990 0.800000 0.000000
vt 21.036504 0.800000 0.000000
vt 20.756017 0.800000 0.000000
vt 20.265165 0.800000 0.000000
vt 20.238870 0.800000 0.000000
vt 20.225722 0.800000 0.000000
vt 20.212574 0.800000 0.000000
vt 20.201617 0.800000 0.000000
vt 20.190661 0.800000 0.000000
vt 20.179704 0.800000 0.000000
vt -36.605668 1.500000 0.000000
vt -36.319686 1.500000 0.000000
vt -36.605668 1.600000 0.000000
vt -36.319686 1.600000 0.000000
vt -36.033704 1.500000 0.000000
vt -36.033704 1.600000 0.000000
vt -35.747723 1.500000 0.000000
vt -35.747723 1.600000 0.000000
vt -35.461741 1.500000 0.000000
vt -35.461741 1.600000 0.000000
vt -35.175759 1.500000 0.000000
vt -35.175759 1.600000 0.000000
vt -34.889777 1.500000 0.000000
vt -34.889777 1.600000 0.000000
vt -34.603795 1.500000 0.000000
vt -34.603795 1.600000 0.000000
vt -34.317814 1.500000 0.000000
vt -34.317814 1.600000 0.000000
vt -33.745850 1.500000 0.000000
vt -33.745850 1.600000 0.000000
vt -33.459868 1.500000 0.000000
vt -33.459868 1.600000 0.000000
vt -33.173887 1.500000 0.000000
vt -33.173887 1.600000 0.000000
vt -32.601923 1.500000 0.000000
vt -32.601923 1.600000 0.000000
vt -32.029959 1.500000 0.000000
vt -32.029959 1.600000 0.000000
vt -31.457996 1.500000 0.000000
vt -31.457996 1.600000 0.000000
vt -30.886032 1.500000 0.000000
vt -30.886032 1.600000 0.000000
vt -30.600050 1.500000 0.000000
vt -30.600050 1.600000 0.000000
vt -30.314069 1.500000 0.000000
vt -30.314069 1.600000 0.000000
vt -29.742105 1.500000 0.000000
vt -29.742105 1.600000 0.000000
vt -29.170142 1.500000 0.000000
vt -29.170142 1.600000 0.000000
vt -28.884160 1.500000 0.000000
vt -28.884160 1.600000 0.000000
vt -28.598178 1.500000 0.000000
vt -28.598178 1.600000 0.000000
vt -28.026214 1.500000 0.000000
vt -28.026214 1.600000 0.000000
vt -27.454251 1.500000 0.000000
vt -27.454251 1.600000 0.000000
vt -27.311260 1.500000 0.000000
vt -27.311260 1.600000 0.000000
vt -27.168269 1.500000 0.000000
vt -27.168269 1.600000 0.000000
vt -27.025278 1.500000 0.000000
vt -27.025278 1.600000 0.000000
vt -26.953783 1.500000 0.000000
vt -26.953783 1.600000 0.000000
vt -26.882287 1.500000 0.000000
vt -26.882287 1.600000 0.000000
vt -26.810792 1.500000 0.000000
vt -26.810792 1.600000 0.000000
vt -26.739296 1.500000 0.000000
vt -26.739296 1.600000 0.000000
vt -26.667801 1.500000 0.000000
vt -26.667801 1.600000 0.000000
vt -26.596306 1.500000 0.000000
vt -26.596306 1.600000 0.000000
vt -26.524810 1.500000 0.000000
vt -26.524810 1.600000 0.000000
vt -26.453315 1.500000 0.000000
vt -26.453315 1.600000 0.000000
vt -26.381819 1.500000 0.000000
vt -26.381819 1.600000 0.000000
vt -26.310324 1.500000 0.000000
vt -26.310324 1.600000 0.000000
vt -26.238828 1.500000 0.000000
vt -26.238828 1.600000 0.000000
vt -26.167333 1.500000 0.000000
vt -26.167333 1.600000 0.000000
vt -26.024342 1.500000 0.000000
vt -26.024342 1.600000 0.000000
vt -25.738360 1.500000 0.000000
vt -25.738360 1.600000 0.000000
vt -25.166397 1.500000 0.000000
vt -25.166397 1.600000 0.000000
vt -24.880415 1.500000 0.000000
vt -24.880415 1.600000 0.000000
vt -24.594433 1.500000 0.000000
vt -24.594433 1.600000 0.000000
vt -24.308451 1.500000 0.000000
vt -24.308451 1.600000 0.000000
vt -24.022470 1.500000 0.000000
vt -24.022470 1.600000 0.000000
vt -23.736488 1.500000 0.000000
vt -23.736488 1.600000 0.000000
vt -23.450506 1.500000 0.000000
vt -23.450506 1.600000 0.000000
vt -22.878542 1.500000 0.000000
vt -22.878542 1.600000 0.000000
vt -22.592561 1.500000 0.000000
vt -22.592561 1.600000 0.000000
vt -22.306579 1.500000 0.000000
vt -22.306579 1.600000 0.000000
vt -21.734615 1.500000 0.000000
vt -21.734615 1.600000 0.000000
vt -21.448634 1.500000 0.000000
vt -21.448634 1.600000 0.000000
vt -21.162652 1.500000 0.000000
vt -21.162652 1.600000 0.000000
vt -20.876670 1.500000 0.000000
vt -20.876670 1.600000 0.000000
vt -20.733679 1.500000 0.000000
vt -20.733679 1.600000 0.000000
vt -20.662184 1.500000 0.000000
vt -20.662184 1.600000 0.000000
vt -20.629594 1.500000 0.000000
vt -20.629594 1.600000 0.000000
vt -20.601548 1.500000 0.000000
vt -20.601548 1.600000 0.000000
vt -20.590688 1.500000 0.000000
vt -20.590688 1.600000 0.000000
vt -20.579828 1.500000 0.000000
vt -20.579828 1.600000 0.000000
vt -20.568632 1.500000 0.000000
vt -20.568632 1.600000 0.000000
vt -20.551692 1.500000 0.000000
vt -20.551692 1.600000 0.000000
vt -20.542575 1.500000 0.000000
vt -20.542575 1.600000 0.000000
vt -20.519193 1.500000 0.000000
vt -20.519193 1.600000 0.000000
vt -20.485845 1.500000 0.000000
vt -20.485845 1.600000 0.000000
vt -20.447697 1.500000 0.000000
vt -20.447697 1.600000 0.000000
vt -20.304706 1.500000 0.000000
vt -20.304706 1.600000 0.000000
vt -20.161716 1.500000 0.000000
vt -20.161716 1.600000 0.000000
vt -20.018725 1.500000 0.000000
vt -20.018725 1.600000 0.000000
vt -19.732743 1.500000 0.000000
vt -19.732743 1.600000 0.000000
vt -19.446761 1.500000 0.000000
vt -19.446761 1.600000 0.000000
vt -19.160779 1.500000 0.000000
vt -19.160779 1.600000 0.000000
vt -18.874798 1.500000 0.000000
vt -18.874798 1.600000 0.000000
vt -18.302834 1.500000 0.000000
vt -18.302834 1.600000 0.000000
vt -17.730870 1.500000 0.000000
vt -17.730870 1.600000 0.000000
vt -17.158907 1.500000 0.000000
vt -17.158907 1.600000 0.000000
vt -16.586943 1.500000 0.000000
vt -16.586943 1.600000 0.000000
vt -16.014980 1.500000 0.000000
vt -16.014980 1.600000 0.000000
vt -15.728998 1.500000 0.000000
vt -15.728998 1.600000 0.000000
vt -15.443016 1.500000 0.000000
vt -15.443016 1.600000 0.000000
vt -15.157034 1.500000 0.000000
vt -15.157034 1.600000 0.000000
vt -15.014043 1.500000 0.000000
vt -15.014043 1.600000 0.000000
vt -14.871053 1.500000 0.000000
vt -14.871053 1.600000 0.000000
vt -14.585071 1.500000 0.000000
vt -14.585071 1.600000 0.000000
vt -14.299089 1.500000 0.000000
vt -14.299089 1.600000 0.000000
vt -14.013107 1.500000 0.000000
vt -14.013107 1.600000 0.000000
vt -13.727125 1.500000 0.000000
vt -13.727125 1.600000 0.000000
vt -13.441144 1.500000 0.000000
vt -13.441144 1.600000 0.000000
vt -13.155162 1.500000 0.000000
vt -13.155162 1.600000 0.000000
vt -12.869180 1.500000 0.000000
vt -12.869180 1.600000 0.000000
vt -12.583198 1.500000 0.000000
vt -12.583198 1.600000 0.000000
vt -12.297217 1.500000 0.000000
vt -12.297217 1.600000 0.000000
vt -12.154226 1.500000 0.000000
vt -12.154226 1.600000 0.000000
vt -12.011235 1.500000 0.000000
vt -12.011235 1.600000 0.000000
vt -11.868244 1.500000 0.000000
vt -11.868244 1.600000 0.000000
vt -11.725253 1.500000 0.000000
vt -11.725253 1.600000 0.000000
vt -11.439271 1.500000 0.000000
vt -11.439271 1.600000 0.000000
vt -11.153289 1.500000 0.000000
vt -11.153289 1.600000 0.000000
vt -10.867308 1.500000 0.000000
vt -10.867308 1.600000 0.000000
vt -10.581326 1.500000 0.000000
vt -10.581326 1.600000 0.000000
vt -10.295344 1.500000 0.000000
vt -10.295344 1.600000 0.000000
vt -10.009362 1.500000 0.000000
vt -10.009362 1.600000 0.000000
vt -9.723381 1.500000 0.000000
vt -9.723381 1.600000 0.000000
vt -9.151417 1.500000 0.000000
vt -9.151417 1.600000 0.000000
vt -8.579453 1.500000 0.000000
vt -8.579453 1.600000 0.000000
vt -8.007490 1.500000 0.000000
vt -8.007490 1.600000 0.000000
vt -7.435526 1.500000 0.000000
vt -7.435526 1.600000 0.000000
vt -6.863563 1.500000 0.000000
vt -6.863563 1.600000 0.000000
vt -6.577581 1.500000 0.000000
vt -6.577581 1.600000 0.000000
vt -6.506086 1.500000 0.000000
vt -6.506086 1.600000 0.000000
vt -6.434590 1.500000 0.000000
vt -6.434590 1.600000 0.000000
vt -6.363095 1.500000 0.000000
vt -6.363095 1.600000 0.000000
vt -6.327443 1.500000 0.000000
vt -6.327443 1.600000 0.000000
vt -6.291599 1.500000 0.000000
vt -6.291599 1.600000 0.000000
vt -6.255758 1.500000 0.000000
vt -6.255758 1.600000 0.000000
vt -6.220104 1.500000 0.000000
vt -6.220104 1.600000 0.000000
vt -6.148608 1.500000 0.000000
vt -6.148608 1.600000 0.000000
vt -6.077113 1.500000 0.000000
vt -6.077113 1.600000 0.000000
vt -6.005617 1.500000 0.000000
vt -6.005617 1.600000 0.000000
vt -5.862626 1.500000 0.000000
vt -5.862626 1.600000 0.000000
vt -5.719636 1.500000 0.000000
vt -5.719636 1.600000 0.000000
vt -5.433654 1.500000 0.000000
vt -5.433654 1.600000 0.000000
vt -5.147672 1.500000 0.000000
vt -5.147672 1.600000 0.000000
vt -4.575708 1.500000 0.000000
vt -4.575708 1.600000 0.000000
vt -4.432718 1.500000 0.000000
vt -4.432718 1.600000 0.000000
vt -4.289727 1.500000 0.000000
vt -4.289727 1.600000 0.000000
vt -4.146736 1.500000 0.000000
vt -4.146736 1.600000 0.000000
vt -4.075240 1.500000 0.000000
vt -4.075240 1.600000 0.000000
vt -4.003745 1.500000 0.000000
vt -4.003745 1.600000 0.000000
vt -3.860754 1.500000 0.000000
vt -3.860754 1.600000 0.000000
vt -3.717763 1.500000 0.000000
vt -3.717763 1.600000 0.000000
vt -3.431781 1.500000 0.000000
vt -3.431781 1.600000 0.000000
vt -3.145800 1.500000 0.000000
vt -3.145800 1.600000 0.000000
vt -2.859818 1.500000 0.000000
vt -2.859818 1.600000 0.000000
vt -2.573836 1.500000 0.000000
vt -2.573836 1.600000 0.000000
vt -2.430845 1.500000 0.000000
vt -2.430845 1.600000 0.000000
vt -2.359350 1.500000 0.000000
vt -2.359350 1.600000 0.000000
vt -2.287854 1.500000 0.000000
vt -2.287854 1.600000 0.000000
vt -2.216359 1.500000 0.000000
vt -2.216359 1.600000 0.000000
vt -2.144863 1.500000 0.000000
vt -2.144863 1.600000 0.000000
vt -2.073368 1.500000 0.000000
vt -2.073368 1.600000 0.000000
vt -2.001872 1.500000 0.000000
vt -2.001872 1.600000 0.000000
vt -1.715891 1.500000 0.000000
vt -1.715891 1.600000 0.000000
vt -1.429909 1.500000 0.000000
vt -1.429909 1.600000 0.000000
vt -1.143927 1.500000 0.000000
vt -1.143927 1.600000 0.000000
vt -0.857945 1.500000 0.000000
vt -0.857945 1.600000 0.000000
vt -0.714954 1.500000 0.000000
vt -0.714954 1.600000 0.000000
vt -0.571964 1.500000 0.000000
vt -0.571964 1.600000 0.000000
vt -0.428973 1.500000 0.000000
vt -0.428973 1.600000 0.000000
vt -0.285982 1.500000 0.000000
vt -0.285982 1.600000 0.000000
vt -0.214486 1.500000 0.000000
vt -0.214486 1.600000 0.000000
vt -0.142991 1.500000 0.000000
vt -0.142991 1.600000 0.000000
vt -0.071495 1.500000 0.000000
vt -0.071495 1.600000 0.000000
vt 0.000000 1.500000 0.000000
vt 0.000000 1.600000 0.000000
vt -3.811955 5.066986 0.000000
vt -3.809044 5.069349 0.000000
vt -3.856951 5.093271 0.000000
vt -3.806518 5.072120 0.000000
vt -3.843467 5.105806 0.000000
vt -3.792129 5.085528 0.000000
vt -3.823000 5.124777 0.000000
vt -3.775881 5.096083 0.000000
vt -3.799835 5.139771 0.000000
vt -3.757523 5.103842 0.000000
vt -3.774052 5.150802 0.000000
vt -3.736808 5.108866 0.000000
vt -3.745866 5.157907 0.000000
vt -3.687969 5.110838 0.000000
vt -3.684098 5.160662 0.000000
vt -3.618969 5.148800 0.000000
vt -3.633641 5.100956 0.000000
vt -3.552529 5.122579 0.000000
vt -3.574696 5.077760 0.000000
vt -3.481183 5.081445 0.000000
vt -3.507640 5.038864 0.000000
vt -3.304833 4.959811 0.000000
vt -3.333290 4.918817 0.000000
vt -3.104599 4.830239 0.000000
vt -3.129914 4.787183 0.000000
vt -2.941420 4.743278 0.000000
vt -2.964675 4.698881 0.000000
vt -2.814624 4.674352 0.000000
vt -2.837583 4.629347 0.000000
vt -2.784175 4.660042 0.000000
vt -2.802978 4.613632 0.000000
vt -2.753814 4.650345 0.000000
vt -2.764483 4.601897 0.000000
vt -2.723653 4.647093 0.000000
vt -2.722876 4.598070 0.000000
vt -2.681405 4.602971 0.000000
vt -2.693846 4.651124 0.000000
vt -2.643326 4.616468 0.000000
vt -2.664511 4.661902 0.000000
vt -2.609628 4.634390 0.000000
vt -2.635647 4.677722 0.000000
vt -2.550087 4.674895 0.000000
vt -2.578372 4.716224 0.000000
vt -2.418696 4.757791 0.000000
vt -2.445030 4.800335 0.000000
vt -2.248259 4.923719 0.000000
vt -1.995710 5.009626 0.000000
vt -2.016911 5.054955 0.000000
vt -1.821755 5.120039 0.000000
vt -1.646479 5.120789 0.000000
vt -1.742283 5.137544 0.000000
vt -1.669429 5.164543 0.000000
vt -1.606455 5.144296 0.000000
vt -1.634981 5.185159 0.000000
vt -1.568621 5.174333 0.000000
vt -1.602298 5.211254 0.000000
vt -1.503779 5.251920 0.000000
vt -1.544807 5.279231 0.000000
vt -1.455538 5.347010 0.000000
vt -1.501786 5.364665 0.000000
vt -1.425542 5.453012 0.000000
vt -1.474650 5.462593 0.000000
vt -1.388331 5.911629 0.000000
vt -1.438190 5.916370 0.000000
vt -1.349996 6.150550 0.000000
vt -1.398900 6.161323 0.000000
vt -1.276469 6.380948 0.000000
vt -1.322967 6.400229 0.000000
vt -1.226827 6.480509 0.000000
vt -1.270520 6.505522 0.000000
vt -1.171820 6.559151 0.000000
vt -1.209564 6.591953 0.000000
vt -1.143610 6.587823 0.000000
vt -1.176529 6.625523 0.000000
vt -1.116602 6.608146 0.000000
vt -1.142265 6.651247 0.000000
vt -1.091343 6.620581 0.000000
vt -1.107184 6.668160 0.000000
vt -1.079532 6.623993 0.000000
vt -1.089511 6.673055 0.000000
vt -1.068352 6.625616 0.000000
vt -1.071691 6.675505 0.000000
vt -1.053857 6.675436 0.000000
vt -1.057474 6.625569 0.000000
vt -1.036145 6.672852 0.000000
vt -1.046230 6.623896 0.000000
vt -1.000817 6.660213 0.000000
vt -1.022323 6.615134 0.000000
vt -0.965872 6.638092 0.000000
vt -0.996027 6.598240 0.000000
vt -0.931375 6.607438 0.000000
vt -0.966886 6.572215 0.000000
vt -0.797456 6.427148 0.000000
vt -0.839945 6.400922 0.000000
vt -0.560093 6.037938 0.000000
vt -0.603203 6.012620 0.000000
vt -0.405079 5.675936 0.000000
vt -0.453017 5.661728 0.000000
vt -0.385864 5.418546 0.000000
vt -0.254141 5.160810 0.000000
vt -0.301327 5.144948 0.000000
vt -0.201768 4.878570 0.000000
vt -0.058378 4.667475 0.000000
vt -0.104638 4.647895 0.000000
vt 0.129679 4.272175 0.000000
vt 0.085527 4.249108 0.000000
vt 0.222771 4.082490 0.000000
vt 0.177108 4.062092 0.000000
vt 0.284515 3.913556 0.000000
vt 0.236125 3.900964 0.000000
vt 0.317622 3.721465 0.000000
vt 0.268059 3.715451 0.000000
vt 0.334500 3.463900 0.000000
vt 0.284410 3.463119 0.000000
vt 0.265926 3.200476 0.000000
vt 0.315356 3.191204 0.000000
vt 0.201930 2.983786 0.000000
vt 0.248344 2.965198 0.000000
vt 0.125836 2.779712 0.000000
vt 0.174009 2.766866 0.000000
vt 0.104828 2.667083 0.000000
vt 0.154433 2.662348 0.000000
vt 0.154828 2.552319 0.000000
vt 0.106021 2.547181 0.000000
vt 0.177821 2.439941 0.000000
vt 0.130478 2.425339 0.000000
vt 0.222788 2.329146 0.000000
vt 0.178133 2.306761 0.000000
vt 0.359642 2.118461 0.000000
vt 0.319374 2.089080 0.000000
vt 0.508967 1.910568 0.000000
vt 0.466459 1.883644 0.000000
vt 0.621010 1.681967 0.000000
vt 0.573738 1.665085 0.000000
vt 0.683783 1.425146 0.000000
vt 0.634393 1.416630 0.000000
vt 0.708727 1.170462 0.000000
vt 0.658778 1.168185 0.000000
vt 0.710698 0.972746 0.000000
vt 0.660696 0.973968 0.000000
vt 0.711155 0.813646 0.000000
vt 0.661307 0.810476 0.000000
vt 0.738721 0.589623 0.000000
vt 0.689640 0.579914 0.000000
vt 0.806542 0.316700 0.000000
vt 0.759262 0.301064 0.000000
vt 0.853750 0.201339 0.000000
vt 0.809099 0.179662 0.000000
vt 0.907735 0.111897 0.000000
vt 0.867211 0.082574 0.000000
vt 1.029781 -0.031040 0.000000
vt 0.991328 -0.063100 0.000000
vt 1.153980 -0.217606 0.000000
vt 1.109876 -0.241772 0.000000
vt 1.249685 -0.435076 0.000000
vt 1.202325 -0.451313 0.000000
vt 1.379696 -0.813041 0.000000
vt 1.333432 -0.831954 0.000000
vt 1.608555 -1.321958 0.000000
vt 1.563035 -1.342650 0.000000
vt 1.798364 -1.766377 0.000000
vt 1.752094 -1.785237 0.000000
vt 1.986315 -2.294734 0.000000
vt 1.937991 -2.307906 0.000000
vt 2.080023 -2.824498 0.000000
vt 2.030502 -2.831204 0.000000
vt 2.125429 -3.121403 0.000000
vt 2.076878 -3.129901 0.000000
vt 2.173473 -3.482284 0.000000
vt 2.123548 -3.486627 0.000000
vt 2.123346 -3.892339 0.000000
vt 2.173292 -3.896997 0.000000
vt 2.040704 -4.298418 0.000000
vt 2.089334 -4.312906 0.000000
vt 1.979810 -4.475983 0.000000
vt 2.026526 -4.493832 0.000000
vt 1.922889 -4.619365 0.000000
vt 1.969204 -4.638487 0.000000
vt 1.886685 -4.722182 0.000000
vt 1.935273 -4.734356 0.000000
vt 1.882487 -4.742769 0.000000
vt 1.932120 -4.750509 0.000000
vt 1.881862 -4.765177 0.000000
vt 1.931709 -4.761221 0.000000
vt 1.932771 -4.766819 0.000000
vt 1.884163 -4.779029 0.000000
vt 1.933491 -4.768574 0.000000
vt 1.886670 -4.786554 0.000000
vt 1.935286 -4.771199 0.000000
vt 1.890396 -4.794192 0.000000
vt 1.895576 -4.801730 0.000000
vt 1.936800 -4.772481 0.000000
vt 1.902446 -4.808951 0.000000
vt 1.938517 -4.773382 0.000000
vt 1.910658 -4.814996 0.000000
vt 1.940477 -4.773946 0.000000
vt 1.919476 -4.819338 0.000000
vt 1.928496 -4.822169 0.000000
vt 1.937313 -4.823680 0.000000
vt 1.946657 -4.773862 0.000000
vt 1.952728 -4.823514 0.000000
vt 1.975818 -4.817597 0.000000
vt 1.955816 -4.771019 0.000000
vt 2.012043 -4.795498 0.000000
vt 1.982855 -4.754899 0.000000
vt 2.095844 -4.721674 0.000000
vt 2.059683 -4.686789 0.000000
vt 2.285217 -4.483933 0.000000
vt 2.244051 -4.456251 0.000000
vt 2.432029 -4.196707 0.000000
vt 2.385381 -4.178646 0.000000
vt 2.516786 -3.906677 0.000000
vt 2.467862 -3.895207 0.000000
vt 2.617992 -3.287734 0.000000
vt 2.568082 -3.282254 0.000000
vt 2.648858 -2.918882 0.000000
vt 2.599225 -2.916800 0.000000
vt 2.607076 -2.510301 0.000000
vt 2.656854 -2.509408 0.000000
vt 2.564087 -1.699615 0.000000
vt 2.613911 -1.695807 0.000000
vt 2.539215 -1.356117 0.000000
vt 2.589604 -1.353983 0.000000
vt 2.585022 -1.053447 0.000000
vt 2.534453 -1.051741 0.000000
vt 2.613019 -0.766486 0.000000
vt 2.563683 -0.758309 0.000000
vt 2.681276 -0.476105 0.000000
vt 2.633187 -0.461849 0.000000
vt 2.786079 -0.197451 0.000000
vt 2.740601 -0.176644 0.000000
vt 2.922291 0.051958 0.000000
vt 2.880231 0.078899 0.000000
vt 3.282312 0.492711 0.000000
vt 3.246759 0.527505 0.000000
vt 3.497044 0.667062 0.000000
vt 3.470873 0.709667 0.000000
vt 3.606024 0.719695 0.000000
vt 3.589378 0.767264 0.000000
vt 3.659120 0.734362 0.000000
vt 3.648864 0.784067 0.000000
vt 3.710575 0.741273 0.000000
vt 3.707662 0.791974 0.000000
vt 3.764954 0.790722 0.000000
vt 3.759877 0.740501 0.000000
vt 3.819777 0.780431 0.000000
vt 3.806513 0.732121 0.000000
vt 3.871074 0.761571 0.000000
vt 3.849924 0.716254 0.000000
vt 3.917767 0.734887 0.000000
vt 3.889103 0.693757 0.000000
vt 3.958834 0.701319 0.000000
vt 3.923432 0.665558 0.000000
vt 3.993378 0.661936 0.000000
vt 3.952443 0.632477 0.000000
vt 4.020700 0.617853 0.000000
vt 3.975665 0.595333 0.000000
vt 4.040373 0.570165 0.000000
vt 3.992628 0.554947 0.000000
vt 4.052278 0.519887 0.000000
vt 4.002870 0.512134 0.000000
vt 4.056571 0.467931 0.000000
vt 4.006337 0.467486 0.000000
vt 3.994767 0.374241 0.000000
vt 4.044024 0.362071 0.000000
vt 3.961654 0.278367 0.000000
vt 4.007574 0.257453 0.000000
vt 3.910756 0.183023 0.000000
vt 3.953227 0.156641 0.000000
vt 3.626497 -0.185104 0.000000
vt 3.665560 -0.216286 0.000000
vt 3.379511 -0.534198 0.000000
vt 3.423109 -0.558654 0.000000
vt 3.300563 -0.716032 0.000000
vt 3.347637 -0.730671 0.000000
vt 3.255027 -0.919117 0.000000
vt 3.304593 -0.926243 0.000000
vt 3.221994 -1.365720 0.000000
vt 3.271976 -1.367335 0.000000
vt 3.280628 -1.815983 0.000000
vt 3.230823 -1.819763 0.000000
vt 3.307668 -2.083145 0.000000
vt 3.258233 -2.089912 0.000000
vt 3.348316 -2.388487 0.000000
vt 3.298907 -2.395792 0.000000
vt 3.431333 -3.010740 0.000000
vt 3.381562 -3.015679 0.000000
vt 3.454085 -3.586166 0.000000
vt 3.403940 -3.584729 0.000000
vt 3.330156 -4.171147 0.000000
vt 3.379335 -4.180405 0.000000
vt 3.157443 -4.766925 0.000000
vt 3.204271 -4.784851 0.000000
vt 3.042136 -5.037155 0.000000
vt 3.087335 -5.058882 0.000000
vt 2.920453 -5.272683 0.000000
vt 2.963671 -5.297502 0.000000
vt 2.641802 -5.657396 0.000000
vt 2.678006 -5.691915 0.000000
vt 2.409721 -5.861480 0.000000
vt 2.440677 -5.900775 0.000000
vt 2.075254 -6.096199 0.000000
vt 2.102443 -6.138163 0.000000
vt 1.675675 -6.329473 0.000000
vt 1.698882 -6.373944 0.000000
vt 1.281179 -6.512036 0.000000
vt 1.299056 -6.558803 0.000000
vt 0.954708 -6.608979 0.000000
vt 0.963865 -6.658234 0.000000
vt 0.710058 -6.631442 0.000000
vt 0.710112 -6.680984 0.000000
vt 0.515171 -6.668887 0.000000
vt 0.360829 -6.604378 0.000000
vt 0.356533 -6.654194 0.000000
vt 0.359798 -6.604290 0.000000
vt 0.358764 -6.604243 0.000000
vt -0.190213 -6.610850 0.000000
vt -0.183915 -6.561248 0.000000
vt -0.734668 -6.513975 0.000000
vt -0.725660 -6.465231 0.000000
vt -0.943511 -6.484214 0.000000
vt -0.937040 -6.434227 0.000000
vt -1.119789 -6.464062 0.000000
vt -1.116059 -6.414270 0.000000
vt -1.380851 -6.411993 0.000000
vt -1.379341 -6.461945 0.000000
vt -1.751583 -6.420934 0.000000
vt -1.750664 -6.471627 0.000000
vt -2.123978 -6.470094 0.000000
vt -2.122945 -6.420308 0.000000
vt -2.386472 -6.419626 0.000000
vt -2.577868 -6.394382 0.000000
vt -2.590673 -6.442707 0.000000
vt -2.387726 -6.469670 0.000000
vt -2.828659 -6.360004 0.000000
vt -2.810535 -6.313641 0.000000
vt -3.045884 -6.263035 0.000000
vt -3.021191 -6.218679 0.000000
vt -3.229350 -6.129635 0.000000
vt -3.195979 -6.092622 0.000000
vt -3.401825 -5.956261 0.000000
vt -3.364640 -5.923007 0.000000
vt -3.574444 -5.736294 0.000000
vt -3.533377 -5.707507 0.000000
vt -3.739061 -5.452943 0.000000
vt -3.693885 -5.431198 0.000000
vt -3.861876 -5.157942 0.000000
vt -3.814508 -5.141956 0.000000
vt -3.993696 -4.594506 0.000000
vt -3.944217 -4.586741 0.000000
vt -4.052787 -4.055918 0.000000
vt -4.003585 -4.052410 0.000000
vt -4.045629 -3.473596 0.000000
vt -3.995617 -3.477354 0.000000
vt -3.974669 -3.191974 0.000000
vt -4.023917 -3.188256 0.000000
vt -3.951983 -2.957056 0.000000
vt -4.002000 -2.948950 0.000000
vt -3.815279 -2.501700 0.000000
vt -3.863112 -2.487744 0.000000
vt -3.747413 -2.261190 0.000000
vt -3.719314 -2.034754 0.000000
vt -3.673477 -2.055028 0.000000
vt -3.507305 -1.671305 0.000000
vt -3.554640 -1.654813 0.000000
vt -3.423811 -1.444872 0.000000
vt -3.470406 -1.426705 0.000000
vt -3.356201 -1.258900 0.000000
vt -3.403682 -1.243062 0.000000
vt -3.224535 -0.842386 0.000000
vt -3.272671 -0.828249 0.000000
vt -2.956670 0.000015 0.000000
vt -3.003671 0.015358 0.000000
vt -2.885668 0.212090 0.000000
vt -2.932316 0.230842 0.000000
vt -2.814705 0.366097 0.000000
vt -2.861347 0.383822 0.000000
vt -2.787197 0.470017 0.000000
vt -2.836325 0.477954 0.000000
vt -2.775136 0.597689 0.000000
vt -2.824785 0.599723 0.000000
vt -2.778199 0.859110 0.000000
vt -2.828430 0.857283 0.000000
vt -2.783565 1.112139 0.000000
vt -2.833554 1.112529 0.000000
vt -2.775938 1.404102 0.000000
vt -2.825617 1.405677 0.000000
vt -2.754876 1.673589 0.000000
vt -2.804617 1.681540 0.000000
vt -2.710596 1.863795 0.000000
vt -2.759850 1.874168 0.000000
vt -2.704121 1.907356 0.000000
vt -2.754012 1.911096 0.000000
vt -2.754829 1.946659 0.000000
vt -2.705338 1.952506 0.000000
vt -2.762998 1.982905 0.000000
vt -2.715307 1.996914 0.000000
vt -2.777791 2.021724 0.000000
vt -2.731837 2.041192 0.000000
vt -2.869740 2.212860 0.000000
vt -2.823810 2.233982 0.000000
vt -3.052503 2.615321 0.000000
vt -3.006328 2.634653 0.000000
vt -3.118785 2.824541 0.000000
vt -3.069465 2.833181 0.000000
vt -3.135000 3.054800 0.000000
vt -3.085003 3.056222 0.000000
vt -3.084295 3.303812 0.000000
vt -3.083381 3.398689 0.000000
vt -3.133349 3.393896 0.000000
vt -3.134314 3.305894 0.000000
vt -3.140267 3.431893 0.000000
vt -3.092261 3.445832 0.000000
vt -3.156350 3.471620 0.000000
vt -3.112101 3.494552 0.000000
vt -3.219629 3.567803 0.000000
vt -3.310723 3.686419 0.000000
vt -3.426413 3.950184 0.000000
vt -3.470483 3.926813 0.000000
vt -3.516968 4.137641 0.000000
vt -3.668701 4.324558 0.000000
vt -3.624372 4.347684 0.000000
vt -3.791595 4.581769 0.000000
vt -3.745355 4.600986 0.000000
vt -3.861250 4.785467 0.000000
vt -3.813033 4.798245 0.000000
vt -3.894314 4.967186 0.000000
vt -3.843869 4.969140 0.000000
vt -3.843303 5.003585 0.000000
vt -3.893095 5.009326 0.000000
vt -3.837658 5.030452 0.000000
vt -3.884737 5.047001 0.000000
vt -3.833223 5.041216 0.000000
vt -3.877566 5.063848 0.000000
vt -3.827577 5.050661 0.000000
vt -3.868314 5.079281 0.000000
vt -3.820546 5.059136 0.000000
vt -21.864199 0.400000 0.000000
vt -21.576384 0.400000 0.000000
vt -21.864199 1.500000 0.000000
vt -21.576384 1.500000 0.000000
vt -21.432477 0.400000 0.000000
vt -21.432477 1.500000 0.000000
vt -21.288569 0.400000 0.000000
vt -21.288569 1.500000 0.000000
vt -21.144662 0.400000 0.000000
vt -21.144662 1.500000 0.000000
vt -21.000754 0.400000 0.000000
vt -21.000754 1.500000 0.000000
vt -20.856847 0.400000 0.000000
vt -20.856847 1.500000 0.000000
vt -20.712939 0.400000 0.000000
vt -20.712939 1.500000 0.000000
vt -20.569032 0.400000 0.000000
vt -20.569032 1.500000 0.000000
vt -20.425124 0.400000 0.000000
vt -20.425124 1.500000 0.000000
vt -20.137309 0.400000 0.000000
vt -20.137309 1.500000 0.000000
vt -19.849495 0.400000 0.000000
vt -19.849495 1.500000 0.000000
vt -19.561680 0.400000 0.000000
vt -19.561680 1.500000 0.000000
vt -19.273865 0.400000 0.000000
vt -19.273865 1.500000 0.000000
vt -18.986050 0.400000 0.000000
vt -18.986050 1.500000 0.000000
vt -18.698235 0.400000 0.000000
vt -18.698235 1.500000 0.000000
vt -18.410420 0.400000 0.000000
vt -18.410420 1.500000 0.000000
vt -18.122605 0.400000 0.000000
vt -18.122605 1.500000 0.000000
vt -17.834790 0.400000 0.000000
vt -17.834790 1.500000 0.000000
vt -17.546975 0.400000 0.000000
vt -17.546975 1.500000 0.000000
vt -17.259160 0.400000 0.000000
vt -17.259160 1.500000 0.000000
vt -17.115253 0.400000 0.000000
vt -17.115253 1.500000 0.000000
vt -16.971345 0.400000 0.000000
vt -16.971345 1.500000 0.000000
vt -16.683530 0.400000 0.000000
vt -16.683530 1.500000 0.000000
vt -16.395715 0.400000 0.000000
vt -16.395715 1.500000 0.000000
vt -16.251808 0.400000 0.000000
vt -16.251808 1.500000 0.000000
vt -16.179854 0.400000 0.000000
vt -16.179854 1.500000 0.000000
vt -16.107900 0.400000 0.000000
vt -16.107900 1.500000 0.000000
vt -16.035947 0.400000 0.000000
vt -16.035947 1.500000 0.000000
vt -15.999970 0.400000 0.000000
vt -15.999970 1.500000 0.000000
vt -15.963993 0.400000 0.000000
vt -15.963993 1.500000 0.000000
vt -15.928016 0.400000 0.000000
vt -15.928016 1.500000 0.000000
vt -15.892039 0.400000 0.000000
vt -15.892039 1.500000 0.000000
vt -15.856062 0.400000 0.000000
vt -15.856062 1.500000 0.000000
vt -15.820085 0.400000 0.000000
vt -15.820085 1.500000 0.000000
vt -15.784109 0.400000 0.000000
vt -15.784109 1.500000 0.000000
vt -15.748132 0.400000 0.000000
vt -15.748132 1.500000 0.000000
vt -15.676178 0.400000 0.000000
vt -15.676178 1.500000 0.000000
vt -15.604224 0.400000 0.000000
vt -15.604224 1.500000 0.000000
vt -15.532271 0.400000 0.000000
vt -15.532271 1.500000 0.000000
vt -15.388363 0.400000 0.000000
vt -15.388363 1.500000 0.000000
vt -15.244456 0.400000 0.000000
vt -15.244456 1.500000 0.000000
vt -14.956641 0.400000 0.000000
vt -14.956641 1.500000 0.000000
vt -14.668826 0.400000 0.000000
vt -14.668826 1.500000 0.000000
vt -14.381011 0.400000 0.000000
vt -14.381011 1.500000 0.000000
vt -14.093196 0.400000 0.000000
vt -14.093196 1.500000 0.000000
vt -13.805381 0.400000 0.000000
vt -13.805381 1.500000 0.000000
vt -13.517566 0.400000 0.000000
vt -13.517566 1.500000 0.000000
vt -13.229751 0.400000 0.000000
vt -13.229751 1.500000 0.000000
vt -12.941936 0.400000 0.000000
vt -12.941936 1.500000 0.000000
vt -12.798029 0.400000 0.000000
vt -12.798029 1.500000 0.000000
vt -12.654121 0.400000 0.000000
vt -12.654121 1.500000 0.000000
vt -15.061628 0.400000 0.000000
vt -15.032214 0.400000 0.000000
vt -15.061628 1.500000 0.000000
vt -15.032214 1.500000 0.000000
vt -15.002800 0.400000 0.000000
vt -15.002800 1.500000 0.000000
vt -14.973386 0.400000 0.000000
vt -14.973386 1.500000 0.000000
vt -14.943973 0.400000 0.000000
vt -14.943973 1.500000 0.000000
vt -14.885145 0.400000 0.000000
vt -14.885145 1.500000 0.000000
vt -14.826317 0.400000 0.000000
vt -14.826317 1.500000 0.000000
vt -14.591007 0.400000 0.000000
vt -14.591007 1.500000 0.000000
vt -14.355697 0.400000 0.000000
vt -14.355697 1.500000 0.000000
vt -14.120386 0.400000 0.000000
vt -14.120386 1.500000 0.000000
vt -13.649766 0.400000 0.000000
vt -13.649766 1.500000 0.000000
vt -13.414455 0.400000 0.000000
vt -13.414455 1.500000 0.000000
vt -13.296800 0.400000 0.000000
vt -13.296800 1.500000 0.000000
vt -13.179145 0.400000 0.000000
vt -13.179145 1.500000 0.000000
vt -13.120317 0.400000 0.000000
vt -13.120317 1.500000 0.000000
vt -13.061490 0.400000 0.000000
vt -13.061490 1.500000 0.000000
vt -12.943835 0.400000 0.000000
vt -12.943835 1.500000 0.000000
vt -12.708524 0.400000 0.000000
vt -12.708524 1.500000 0.000000
vt -12.473214 0.400000 0.000000
vt -12.473214 1.500000 0.000000
vt -12.237904 0.400000 0.000000
vt -12.237904 1.500000 0.000000
vt -11.767283 0.400000 0.000000
vt -11.767283 1.500000 0.000000
vt -11.531973 0.400000 0.000000
vt -11.531973 1.500000 0.000000
vt -11.473145 0.400000 0.000000
vt -11.473145 1.500000 0.000000
vt -11.414317 0.400000 0.000000
vt -11.414317 1.500000 0.000000
vt -11.355490 0.400000 0.000000
vt -11.355490 1.500000 0.000000
vt -11.296662 0.400000 0.000000
vt -11.296662 1.500000 0.000000
vt -11.179007 0.400000 0.000000
vt -11.179007 1.500000 0.000000
vt -11.061352 0.400000 0.000000
vt -11.061352 1.500000 0.000000
vt -10.826042 0.400000 0.000000
vt -10.826042 1.500000 0.000000
vt -10.590731 0.400000 0.000000
vt -10.590731 1.500000 0.000000
vt -10.355421 0.400000 0.000000
vt -10.355421 1.500000 0.000000
vt -10.120110 0.400000 0.000000
vt -10.120110 1.500000 0.000000
vt -10.002455 0.400000 0.000000
vt -10.002455 1.500000 0.000000
vt -9.884800 0.400000 0.000000
vt -9.884800 1.500000 0.000000
vt -9.649490 0.400000 0.000000
vt -9.649490 1.500000 0.000000
vt -9.414179 0.400000 0.000000
vt -9.414179 1.500000 0.000000
vt -8.943559 0.400000 0.000000
vt -8.943559 1.500000 0.000000
vt -8.472938 0.400000 0.000000
vt -8.472938 1.500000 0.000000
vt -8.002317 0.400000 0.000000
vt -8.002317 1.500000 0.000000
vt -7.767007 0.400000 0.000000
vt -7.767007 1.500000 0.000000
vt -7.531697 0.400000 0.000000
vt -7.531697 1.500000 0.000000
vt -7.061076 0.400000 0.000000
vt -7.061076 1.500000 0.000000
vt -6.590455 0.400000 0.000000
vt -6.590455 1.500000 0.000000
vt -6.119835 0.400000 0.000000
vt -6.119835 1.500000 0.000000
vt -5.649214 0.400000 0.000000
vt -5.649214 1.500000 0.000000
vt -5.178593 0.400000 0.000000
vt -5.178593 1.500000 0.000000
vt -4.707972 0.400000 0.000000
vt -4.707972 1.500000 0.000000
vt -4.237352 0.400000 0.000000
vt -4.237352 1.500000 0.000000
vt -4.002041 0.400000 0.000000
vt -4.002041 1.500000 0.000000
vt -3.766731 0.400000 0.000000
vt -3.766731 1.500000 0.000000
vt -3.531421 0.400000 0.000000
vt -3.531421 1.500000 0.000000
vt -3.296110 0.400000 0.000000
vt -3.296110 1.500000 0.000000
vt -3.060800 0.400000 0.000000
vt -3.060800 1.500000 0.000000
vt -2.825490 0.400000 0.000000
vt -2.825490 1.500000 0.000000
vt -2.590179 0.400000 0.000000
vt -2.590179 1.500000 0.000000
vt -2.354869 0.400000 0.000000
vt -2.354869 1.500000 0.000000
vt -2.119559 0.400000 0.000000
vt -2.119559 1.500000 0.000000
vt -1.884248 0.400000 0.000000
vt -1.884248 1.500000 0.000000
vt -1.648938 0.400000 0.000000
vt -1.648938 1.500000 0.000000
vt -1.531283 0.400000 0.000000
vt -1.531283 1.500000 0.000000
vt -1.413628 0.400000 0.000000
vt -1.413628 1.500000 0.000000
vt -1.178317 0.400000 0.000000
vt -1.178317 1.500000 0.000000
vt -0.943007 0.400000 0.000000
vt -0.943007 1.500000 0.000000
vt -0.472386 0.400000 0.000000
vt -0.472386 1.500000 0.000000
vt -0.001765 0.400000 0.000000
vt -0.001765 1.500000 0.000000
vt -14.346715 0.400000 0.000000
vt -14.122678 0.400000 0.000000
vt -14.346715 1.500000 0.000000
vt -14.122678 1.500000 0.000000
vt -13.898641 0.400000 0.000000
vt -13.898641 1.500000 0.000000
vt -13.674605 0.400000 0.000000
vt -13.674605 1.500000 0.000000
vt -13.450568 0.400000 0.000000
vt -13.450568 1.500000 0.000000
vt -13.226532 0.400000 0.000000
vt -13.226532 1.500000 0.000000
vt -13.002495 0.400000 0.000000
vt -13.002495 1.500000 0.000000
vt -12.778459 0.400000 0.000000
vt -12.778459 1.500000 0.000000
vt -12.554422 0.400000 0.000000
vt -12.554422 1.500000 0.000000
vt -12.330386 0.400000 0.000000
vt -12.330386 1.500000 0.000000
vt -12.106349 0.400000 0.000000
vt -12.106349 1.500000 0.000000
vt -11.882312 0.400000 0.000000
vt -11.882312 1.500000 0.000000
vt -11.658276 0.400000 0.000000
vt -11.658276 1.500000 0.000000
vt -11.434239 0.400000 0.000000
vt -11.434239 1.500000 0.000000
vt -11.210203 0.400000 0.000000
vt -11.210203 1.500000 0.000000
vt -10.986166 0.400000 0.000000
vt -10.986166 1.500000 0.000000
vt -10.762130 0.400000 0.000000
vt -10.762130 1.500000 0.000000
vt -10.538093 0.400000 0.000000
vt -10.538093 1.500000 0.000000
vt -10.314056 0.400000 0.000000
vt -10.314056 1.500000 0.000000
vt -10.090020 0.400000 0.000000
vt -10.090020 1.500000 0.000000
vt -9.865983 0.400000 0.000000
vt -9.865983 1.500000 0.000000
vt -9.641947 0.400000 0.000000
vt -9.641947 1.500000 0.000000
vt -9.417910 0.400000 0.000000
vt -9.417910 1.500000 0.000000
vt -9.193874 0.400000 0.000000
vt -9.193874 1.500000 0.000000
vt -8.969837 0.400000 0.000000
vt -8.969837 1.500000 0.000000
vt -8.745801 0.400000 0.000000
vt -8.745801 1.500000 0.000000
vt -8.633782 0.400000 0.000000
vt -8.633782 1.500000 0.000000
vt -8.521764 0.400000 0.000000
vt -8.521764 1.500000 0.000000
vt -8.409746 0.400000 0.000000
vt -8.409746 1.500000 0.000000
vt -8.297727 0.400000 0.000000
vt -8.297727 1.500000 0.000000
vt -8.073691 0.400000 0.000000
vt -8.073691 1.500000 0.000000
vt -7.849654 0.400000 0.000000
vt -7.849654 1.500000 0.000000
vt -7.625618 0.400000 0.000000
vt -7.625618 1.500000 0.000000
vt -7.401581 0.400000 0.000000
vt -7.401581 1.500000 0.000000
vt -7.177545 0.400000 0.000000
vt -7.177545 1.500000 0.000000
vt -6.729471 0.400000 0.000000
vt -6.729471 1.500000 0.000000
vt -6.505435 0.400000 0.000000
vt -6.505435 1.500000 0.000000
vt -6.281398 0.400000 0.000000
vt -6.281398 1.500000 0.000000
vt -5.833325 0.400000 0.000000
vt -5.833325 1.500000 0.000000
vt -5.609289 0.400000 0.000000
vt -5.609289 1.500000 0.000000
vt -5.385252 0.400000 0.000000
vt -5.385252 1.500000 0.000000
vt -4.937179 0.400000 0.000000
vt -4.937179 1.500000 0.000000
vt -4.713142 0.400000 0.000000
vt -4.713142 1.500000 0.000000
vt -4.657133 0.400000 0.000000
vt -4.657133 1.500000 0.000000
vt -4.601124 0.400000 0.000000
vt -4.601124 1.500000 0.000000
vt -4.573120 0.400000 0.000000
vt -4.573120 1.500000 0.000000
vt -4.545115 0.400000 0.000000
vt -4.545115 1.500000 0.000000
vt -4.517110 0.400000 0.000000
vt -4.517110 1.500000 0.000000
vt -4.489106 0.400000 0.000000
vt -4.489106 1.500000 0.000000
vt -4.461101 0.400000 0.000000
vt -4.461101 1.500000 0.000000
vt -4.433097 0.400000 0.000000
vt -4.433097 1.500000 0.000000
vt -4.377088 0.400000 0.000000
vt -4.377088 1.500000 0.000000
vt -4.321078 0.400000 0.000000
vt -4.321078 1.500000 0.000000
vt -4.265069 0.400000 0.000000
vt -4.265069 1.500000 0.000000
vt -4.153051 0.400000 0.000000
vt -4.153051 1.500000 0.000000
vt -4.041033 0.400000 0.000000
vt -4.041033 1.500000 0.000000
vt -3.816996 0.400000 0.000000
vt -3.816996 1.500000 0.000000
vt -3.592960 0.400000 0.000000
vt -3.592960 1.500000 0.000000
vt -3.368923 0.400000 0.000000
vt -3.368923 1.500000 0.000000
vt -3.256905 0.400000 0.000000
vt -3.256905 1.500000 0.000000
vt -3.144886 0.400000 0.000000
vt -3.144886 1.500000 0.000000
vt -3.032868 0.400000 0.000000
vt -3.032868 1.500000 0.000000
vt -2.976859 0.400000 0.000000
vt -2.976859 1.500000 0.000000
vt -2.920850 0.400000 0.000000
vt -2.920850 1.500000 0.000000
vt -2.864841 0.400000 0.000000
vt -2.864841 1.500000 0.000000
vt -2.808832 0.400000 0.000000
vt -2.808832 1.500000 0.000000
vt -2.696813 0.400000 0.000000
vt -2.696813 1.500000 0.000000
vt -2.472777 0.400000 0.000000
vt -2.472777 1.500000 0.000000
vt -2.248740 0.400000 0.000000
vt -2.248740 1.500000 0.000000
vt -2.024704 0.400000 0.000000
vt -2.024704 1.500000 0.000000
vt -1.800667 0.400000 0.000000
vt -1.800667 1.500000 0.000000
vt -1.688649 0.400000 0.000000
vt -1.688649 1.500000 0.000000
vt -1.632640 0.400000 0.000000
vt -1.632640 1.500000 0.000000
vt -1.604635 0.400000 0.000000
vt -1.604635 1.500000 0.000000
vt -1.576630 0.400000 0.000000
vt -1.576630 1.500000 0.000000
vt -1.520621 0.400000 0.000000
vt -1.520621 1.500000 0.000000
vt -1.464612 0.400000 0.000000
vt -1.464612 1.500000 0.000000
vt -1.352594 0.400000 0.000000
vt -1.352594 1.500000 0.000000
vt -1.128557 0.400000 0.000000
vt -1.128557 1.500000 0.000000
vt -0.904521 0.400000 0.000000
vt -0.904521 1.500000 0.000000
vt -0.680484 0.400000 0.000000
vt -0.680484 1.500000 0.000000
vt -0.456448 0.400000 0.000000
vt -0.456448 1.500000 0.000000
vt -0.344429 0.400000 0.000000
vt -0.344429 1.500000 0.000000
vt -0.232411 0.400000 0.000000
vt -0.232411 1.500000 0.000000
vt -0.176402 0.400000 0.000000
vt -0.176402 1.500000 0.000000
vt -0.120393 0.400000 0.000000
vt -0.120393 1.500000 0.000000
vt -0.064384 0.400000 0.000000
vt -0.064384 1.500000 0.000000
vt -0.008375 0.400000 0.000000
vt -0.008375 1.500000 0.000000
vt -3.825489 5.131981 0.000000
vt -3.914829 5.185747 0.000000
vt -3.845957 5.113010 0.000000
vt -3.937527 5.163078 0.000000
vt -3.859441 5.100474 0.000000
vt -3.956925 5.137436 0.000000
vt -3.870803 5.086484 0.000000
vt -3.972512 5.109562 0.000000
vt -3.880055 5.071051 0.000000
vt -3.983913 5.080450 0.000000
vt -3.887227 5.054204 0.000000
vt -3.995722 5.021717 0.000000
vt -3.895585 5.016529 0.000000
vt -3.896803 4.974389 0.000000
vt -3.996509 4.964015 0.000000
vt -3.863740 4.792671 0.000000
vt -3.959417 4.762354 0.000000
vt -3.794084 4.588972 0.000000
vt -3.882930 4.542581 0.000000
vt -3.671190 4.331761 0.000000
vt -3.756887 4.279888 0.000000
vt -3.472973 3.934016 0.000000
vt -3.557073 3.879907 0.000000
vt -3.313212 3.693622 0.000000
vt -3.387228 3.626260 0.000000
vt -3.222119 3.575007 0.000000
vt -3.298358 3.509932 0.000000
vt -3.158839 3.478823 0.000000
vt -3.246855 3.430914 0.000000
vt -3.142757 3.439096 0.000000
vt -3.238102 3.409178 0.000000
vt -3.135839 3.401099 0.000000
vt -3.235015 3.389441 0.000000
vt -3.136804 3.313097 0.000000
vt -3.236462 3.312279 0.000000
vt -3.137490 3.062004 0.000000
vt -3.237487 3.053473 0.000000
vt -3.121275 2.831744 0.000000
vt -3.218245 2.809178 0.000000
vt -3.054993 2.622524 0.000000
vt -3.145117 2.578524 0.000000
vt -2.872230 2.220064 0.000000
vt -2.960485 2.172859 0.000000
vt -2.780281 2.028927 0.000000
vt -2.870793 1.986278 0.000000
vt -2.765488 1.990109 0.000000
vt -2.860429 1.959040 0.000000
vt -2.757319 1.953862 0.000000
vt -2.856359 1.940523 0.000000
vt -2.756502 1.918300 0.000000
vt -2.856432 1.924267 0.000000
vt -2.860924 1.900095 0.000000
vt -3.877609 5.217381 0.000000
vt -3.802324 5.146974 0.000000
vt -3.835235 5.241513 0.000000
vt -3.776542 5.158005 0.000000
vt -3.789537 5.258033 0.000000
vt -3.748355 5.165110 0.000000
vt -3.742341 5.266829 0.000000
vt -3.686587 5.167866 0.000000
vt -3.648120 5.264031 0.000000
vt -3.621458 5.156003 0.000000
vt -3.555534 5.238869 0.000000
vt -3.555018 5.129782 0.000000
vt -3.374324 5.135992 0.000000
vt -3.483672 5.088649 0.000000
vt -3.307322 4.967014 0.000000
vt -3.167574 4.993390 0.000000
vt -3.107089 4.837442 0.000000
vt -2.970113 4.875965 0.000000
vt -2.943909 4.750482 0.000000
vt -2.815727 4.795234 0.000000
vt -2.817113 4.681555 0.000000
vt -2.756372 4.763285 0.000000
vt -2.737967 4.755891 0.000000
vt -2.786664 4.667246 0.000000
vt -2.728830 4.753561 0.000000
vt -2.756304 4.657548 0.000000
vt -2.726142 4.654296 0.000000
vt -2.725641 4.753787 0.000000
vt -2.696336 4.658327 0.000000
vt -2.667000 4.669106 0.000000
vt -2.638136 4.684926 0.000000
vt -2.709400 4.760037 0.000000
vt -2.721975 4.754815 0.000000
vt -2.661208 4.790320 0.000000
vt -2.580862 4.723427 0.000000
vt -2.515913 4.883260 0.000000
vt -2.447519 4.807539 0.000000
vt -2.250749 4.930922 0.000000
vt -2.306599 5.013883 0.000000
vt -2.019400 5.062158 0.000000
vt -2.041880 5.161776 0.000000
vt -1.824244 5.127242 0.000000
vt -1.815517 5.231110 0.000000
vt -1.744772 5.144747 0.000000
vt -1.744154 5.249306 0.000000
vt -1.671918 5.171746 0.000000
vt -1.716811 5.260887 0.000000
vt -1.637471 5.192362 0.000000
vt -1.692153 5.276028 0.000000
vt -1.604787 5.218458 0.000000
vt -1.668214 5.296076 0.000000
vt -1.547297 5.286434 0.000000
vt -1.645497 5.321555 0.000000
vt -1.606505 5.387993 0.000000
vt -1.504275 5.371868 0.000000
vt -1.578523 5.473776 0.000000
vt -1.477140 5.469796 0.000000
vt -1.563057 5.577109 0.000000
vt -1.440679 5.923574 0.000000
vt -1.548349 5.823513 0.000000
vt -1.517271 6.100350 0.000000
vt -1.401389 6.168527 0.000000
vt -1.442381 6.383479 0.000000
vt -1.325457 6.407433 0.000000
vt -1.385177 6.516663 0.000000
vt -1.273009 6.512725 0.000000
vt -1.312410 6.634631 0.000000
vt -1.212054 6.599156 0.000000
vt -1.268863 6.685158 0.000000
vt -1.179018 6.632727 0.000000
vt -1.219299 6.728597 0.000000
vt -1.144755 6.658450 0.000000
vt -1.161852 6.762144 0.000000
vt -1.109674 6.675363 0.000000
vt -1.130346 6.773653 0.000000
vt -1.092001 6.680259 0.000000
vt -1.097121 6.780805 0.000000
vt -1.074180 6.682709 0.000000
vt -1.062530 6.782906 0.000000
vt -1.056346 6.682639 0.000000
vt -1.028252 6.779502 0.000000
vt -1.038634 6.680055 0.000000
vt -0.994999 6.771187 0.000000
vt -0.963269 6.758661 0.000000
vt -1.003307 6.667417 0.000000
vt -0.906356 6.723771 0.000000
vt -0.968362 6.645296 0.000000
vt -0.857385 6.680188 0.000000
vt -0.933864 6.614642 0.000000
vt -0.799945 6.434351 0.000000
vt -0.698800 6.461463 0.000000
vt -0.562582 6.045141 0.000000
vt -0.445162 6.040677 0.000000
vt -0.352228 5.837880 0.000000
vt -0.407568 5.683139 0.000000
vt -0.278183 5.591352 0.000000
vt -0.256631 5.168013 0.000000
vt -0.095333 5.018975 0.000000
vt -0.060867 4.674678 0.000000
vt 0.010713 4.760410 0.000000
vt 0.109829 4.540514 0.000000
vt 0.127189 4.279378 0.000000
vt 0.317433 4.117494 0.000000
vt 0.220282 4.089693 0.000000
vt 0.282026 3.920759 0.000000
vt 0.385903 3.914991 0.000000
vt 0.315133 3.728668 0.000000
vt 0.421054 3.675929 0.000000
vt 0.332010 3.471103 0.000000
vt 0.430614 3.366936 0.000000
vt 0.312866 3.198407 0.000000
vt 0.382721 3.062344 0.000000
vt 0.245854 2.972401 0.000000
vt 0.295641 2.827989 0.000000
vt 0.171520 2.774069 0.000000
vt 0.264176 2.730701 0.000000
vt 0.151944 2.669551 0.000000
vt 0.249788 2.635026 0.000000
vt 0.152338 2.559523 0.000000
vt 0.257185 2.535170 0.000000
vt 0.175331 2.447144 0.000000
vt 0.287346 2.432162 0.000000
vt 0.220299 2.336349 0.000000
vt 0.412150 2.219718 0.000000
vt 0.357152 2.125664 0.000000
vt 0.579855 1.988498 0.000000
vt 0.506478 1.917771 0.000000
vt 0.713784 1.717030 0.000000
vt 0.618520 1.689170 0.000000
vt 0.681294 1.432349 0.000000
vt 0.784832 1.416063 0.000000
vt 0.706238 1.177666 0.000000
vt 0.807968 1.133267 0.000000
vt 0.708209 0.979950 0.000000
vt 0.807152 0.930487 0.000000
vt 0.708665 0.820849 0.000000
vt 0.814517 0.753649 0.000000
vt 0.736231 0.596826 0.000000
vt 0.862056 0.484096 0.000000
vt 0.804053 0.323904 0.000000
vt 0.948414 0.238507 0.000000
vt 0.851261 0.208543 0.000000
vt 0.905245 0.119100 0.000000
vt 1.061678 0.088904 0.000000
vt 1.027292 -0.023837 0.000000
vt 1.211049 -0.113137 0.000000
vt 1.151490 -0.210402 0.000000
vt 1.330458 -0.365138 0.000000
vt 1.247195 -0.427872 0.000000
vt 1.401325 -0.576668 0.000000
vt 1.377207 -0.805838 0.000000
vt 1.475441 -0.781733 0.000000
vt 1.596031 -1.053884 0.000000
vt 1.606065 -1.314754 0.000000
vt 1.724225 -1.333582 0.000000
vt 1.829167 -1.576439 0.000000
vt 1.795875 -1.759174 0.000000
vt 1.931348 -1.828864 0.000000
vt 2.039431 -2.127960 0.000000
vt 1.983826 -2.287531 0.000000
vt 2.122108 -2.438403 0.000000
vt 2.077534 -2.817295 0.000000
vt 2.166857 -2.729885 0.000000
vt 2.212884 -3.040765 0.000000
vt 2.122940 -3.114200 0.000000
vt 2.267251 -3.432129 0.000000
vt 2.170983 -3.475081 0.000000
vt 2.269933 -3.903177 0.000000
vt 2.170802 -3.889794 0.000000
vt 2.086845 -4.305703 0.000000
vt 2.169374 -4.376323 0.000000
vt 2.024036 -4.486629 0.000000
vt 2.241561 -4.449048 0.000000
vt 2.057194 -4.679586 0.000000
vt 1.966714 -4.631284 0.000000
vt 1.932784 -4.727153 0.000000
vt 1.980365 -4.747696 0.000000
vt 1.929631 -4.743306 0.000000
vt 1.953326 -4.763816 0.000000
vt 1.929220 -4.754017 0.000000
vt 1.930282 -4.759616 0.000000
vt 1.944168 -4.766659 0.000000
vt 1.931001 -4.761371 0.000000
vt 1.932797 -4.763996 0.000000
vt 1.934310 -4.765278 0.000000
vt 1.936027 -4.766179 0.000000
vt 1.937988 -4.766743 0.000000
vt 2.382891 -4.171443 0.000000
vt 2.280281 -4.158550 0.000000
vt 2.352513 -3.932802 0.000000
vt 2.465372 -3.888004 0.000000
vt 2.442478 -3.444212 0.000000
vt 2.565593 -3.275051 0.000000
vt 2.499232 -2.855394 0.000000
vt 2.596736 -2.909596 0.000000
vt 2.604586 -2.503098 0.000000
vt 2.493433 -2.167600 0.000000
vt 2.561598 -1.692411 0.000000
vt 2.448037 -1.523721 0.000000
vt 2.536726 -1.348914 0.000000
vt 2.434946 -0.984818 0.000000
vt 2.531963 -1.044538 0.000000
vt 2.561194 -0.751105 0.000000
vt 2.523032 -0.466765 0.000000
vt 2.630697 -0.454645 0.000000
vt 2.738111 -0.169441 0.000000
vt 2.723974 0.024032 0.000000
vt 2.877741 0.086103 0.000000
vt 3.014614 0.434311 0.000000
vt 3.244270 0.534708 0.000000
vt 3.191604 0.623772 0.000000
vt 3.468383 0.716870 0.000000
vt 3.395378 0.789126 0.000000
vt 3.509275 0.850866 0.000000
vt 3.586888 0.774467 0.000000
vt 3.630337 0.889473 0.000000
vt 3.646374 0.791270 0.000000
vt 3.705173 0.799177 0.000000
vt 3.753625 0.898929 0.000000
vt 3.762464 0.797926 0.000000
vt 3.814262 0.891000 0.000000
vt 3.817287 0.787635 0.000000
vt 3.872378 0.874691 0.000000
vt 3.868584 0.768775 0.000000
vt 3.927080 0.850718 0.000000
vt 3.977541 0.819795 0.000000
vt 3.915278 0.742090 0.000000
vt 4.022932 0.782637 0.000000
vt 3.956345 0.708523 0.000000
vt 4.062426 0.739959 0.000000
vt 3.990888 0.669139 0.000000
vt 4.095191 0.692489 0.000000
vt 4.018210 0.625056 0.000000
vt 4.120492 0.641393 0.000000
vt 4.037884 0.577369 0.000000
vt 4.149370 0.532455 0.000000
vt 4.049788 0.527090 0.000000
vt 4.054081 0.475135 0.000000
vt 4.151417 0.420595 0.000000
vt 4.041534 0.369274 0.000000
vt 4.129896 0.312773 0.000000
vt 4.005084 0.264656 0.000000
vt 4.039509 0.117056 0.000000
vt 3.950738 0.163844 0.000000
vt 3.790856 -0.211289 0.000000
vt 3.663071 -0.209083 0.000000
vt 3.571432 -0.498249 0.000000
vt 3.420619 -0.551451 0.000000
vt 3.492695 -0.628406 0.000000
vt 3.345148 -0.723468 0.000000
vt 3.438896 -0.759471 0.000000
vt 3.302104 -0.919040 0.000000
vt 3.384544 -1.081076 0.000000
vt 3.269487 -1.360131 0.000000
vt 3.367488 -1.448886 0.000000
vt 3.278139 -1.808780 0.000000
vt 3.379507 -1.821496 0.000000
vt 3.305178 -2.075942 0.000000
vt 3.435043 -2.294914 0.000000
vt 3.345826 -2.381284 0.000000
vt 3.508581 -2.826120 0.000000
vt 3.428844 -3.003536 0.000000
vt 3.551861 -3.329285 0.000000
vt 3.451595 -3.578963 0.000000
vt 3.532711 -3.829954 0.000000
vt 3.376846 -4.173201 0.000000
vt 3.438594 -4.352997 0.000000
vt 3.201782 -4.777647 0.000000
vt 3.272773 -4.869315 0.000000
vt 3.084845 -5.051679 0.000000
vt 3.064621 -5.310963 0.000000
vt 2.961181 -5.290299 0.000000
vt 2.827868 -5.665311 0.000000
vt 2.675517 -5.684711 0.000000
vt 2.658590 -5.839602 0.000000
vt 2.438188 -5.893571 0.000000
vt 2.422518 -6.030874 0.000000
vt 2.099954 -6.130959 0.000000
vt 2.119226 -6.237220 0.000000
vt 1.696393 -6.366740 0.000000
vt 1.772250 -6.439501 0.000000
vt 1.422073 -6.608626 0.000000
vt 1.296566 -6.551600 0.000000
vt 1.106847 -6.719406 0.000000
vt 0.961376 -6.651031 0.000000
vt 0.844991 -6.768407 0.000000
vt 0.707623 -6.673781 0.000000
vt 0.639687 -6.772456 0.000000
vt 0.512681 -6.661684 0.000000
vt 0.347501 -6.746797 0.000000
vt 0.354043 -6.646990 0.000000
vt -0.207085 -6.702623 0.000000
vt -0.192702 -6.603647 0.000000
vt -0.755037 -6.605508 0.000000
vt -0.737157 -6.506771 0.000000
vt -0.958534 -6.575804 0.000000
vt -0.946000 -6.477010 0.000000
vt -1.131025 -6.556578 0.000000
vt -1.122278 -6.456858 0.000000
vt -1.237783 -6.552606 0.000000
vt -1.381830 -6.454742 0.000000
vt -1.380271 -6.554682 0.000000
vt -1.753153 -6.464423 0.000000
vt -1.753279 -6.564379 0.000000
vt -2.126468 -6.462891 0.000000
vt -2.128018 -6.562893 0.000000
vt -2.390215 -6.462467 0.000000
vt -2.391494 -6.562697 0.000000
vt -2.619850 -6.531382 0.000000
vt -2.593162 -6.435504 0.000000
vt -2.867162 -6.446515 0.000000
vt -2.831148 -6.352801 0.000000
vt -3.096978 -6.342506 0.000000
vt -3.048373 -6.255832 0.000000
vt -3.298407 -6.197483 0.000000
vt -3.231839 -6.122432 0.000000
vt -3.478414 -6.016209 0.000000
vt -3.404315 -5.949058 0.000000
vt -3.659538 -5.785204 0.000000
vt -3.576933 -5.729090 0.000000
vt -3.830169 -5.491624 0.000000
vt -3.741550 -5.445740 0.000000
vt -3.958861 -5.183491 0.000000
vt -3.864365 -5.150739 0.000000
vt -4.094382 -4.605629 0.000000
vt -3.996185 -4.587303 0.000000
vt -4.155552 -4.055381 0.000000
vt -4.055277 -4.048714 0.000000
vt -4.147768 -3.460471 0.000000
vt -4.048118 -3.466393 0.000000
vt -4.026407 -3.181052 0.000000
vt -4.102550 -2.926789 0.000000
vt -4.004489 -2.941747 0.000000
vt -3.865602 -2.480541 0.000000
vt -3.962206 -2.454608 0.000000
vt -3.721803 -2.027551 0.000000
vt -3.814081 -1.989642 0.000000
vt -3.557129 -1.647609 0.000000
vt -3.651937 -1.615759 0.000000
vt -3.472895 -1.419502 0.000000
vt -3.567513 -1.387036 0.000000
vt -3.406171 -1.235859 0.000000
vt -3.501375 -1.205161 0.000000
vt -3.275160 -0.821046 0.000000
vt -3.372038 -0.796377 0.000000
vt -3.238177 -0.390137 0.000000
vt -3.006160 0.022561 0.000000
vt -3.102475 0.052067 0.000000
vt -2.934805 0.238045 0.000000
vt -3.028779 0.270604 0.000000
vt -2.863836 0.391025 0.000000
vt -2.957910 0.425246 0.000000
vt -2.838815 0.485157 0.000000
vt -2.938122 0.499176 0.000000
vt -2.827274 0.606927 0.000000
vt -2.927377 0.606764 0.000000
vt -2.930648 0.855858 0.000000
vt -2.830919 0.864486 0.000000
vt -2.935908 1.115734 0.000000
vt -2.836043 1.119732 0.000000
vt -2.928979 1.410985 0.000000
vt -2.828106 1.412880 0.000000
vt -2.906215 1.698584 0.000000
vt -2.807106 1.688744 0.000000
vt -2.882601 1.817456 0.000000
vt -2.762339 1.881372 0.000000
vt -20.384806 0.000000 0.000000
vt -20.348275 0.000000 0.000000
vt -20.384806 0.400000 0.000000
vt -20.348275 0.400000 0.000000
vt -20.311745 0.000000 0.000000
vt -20.311745 0.400000 0.000000
vt -20.238683 0.000000 0.000000
vt -20.238683 0.400000 0.000000
vt -20.165621 0.000000 0.000000
vt -20.165621 0.400000 0.000000
vt -20.092560 0.000000 0.000000
vt -20.092560 0.400000 0.000000
vt -19.946437 0.000000 0.000000
vt -19.946437 0.400000 0.000000
vt -19.800313 0.000000 0.000000
vt -19.800313 0.400000 0.000000
vt -19.508067 0.000000 0.000000
vt -19.508067 0.400000 0.000000
vt -19.215820 0.000000 0.000000
vt -19.215820 0.400000 0.000000
vt -18.923574 0.000000 0.000000
vt -18.923574 0.400000 0.000000
vt -18.631327 0.000000 0.000000
vt -18.631327 0.400000 0.000000
vt -18.485204 0.000000 0.000000
vt -18.485204 0.400000 0.000000
vt -18.339081 0.000000 0.000000
vt -18.339081 0.400000 0.000000
vt -18.046835 0.000000 0.000000
vt -18.046835 0.400000 0.000000
vt -1.495401 0.000000 0.000000
vt -1.126742 0.000000 0.000000
vt -1.495401 0.400000 0.000000
vt -1.126742 0.400000 0.000000
vt -0.758082 0.000000 0.000000
vt -0.758082 0.400000 0.000000
vt -0.573752 0.000000 0.000000
vt -0.573752 0.400000 0.000000
vt -0.481587 0.000000 0.000000
vt -0.481587 0.400000 0.000000
vt -0.389422 0.000000 0.000000
vt -0.389422 0.400000 0.000000
vt -0.297257 0.000000 0.000000
vt -0.297257 0.400000 0.000000
vt -0.205092 0.000000 0.000000
vt -0.205092 0.400000 0.000000
vt -0.112928 0.000000 0.000000
vt -0.112928 0.400000 0.000000
vt -0.020763 0.000000 0.000000
vt -0.020763 0.400000 0.000000
vt -4.053786 0.000000 0.000000
vt -3.808183 0.000000 0.000000
vt -4.053786 0.400000 0.000000
vt -3.808183 0.400000 0.000000
vt -3.562579 0.000000 0.000000
vt -3.562579 0.400000 0.000000
vt -3.316976 0.000000 0.000000
vt -3.316976 0.400000 0.000000
vt -3.071373 0.000000 0.000000
vt -3.071373 0.400000 0.000000
vt -20.922738 0.000000 0.000000
vt -20.448590 0.000000 0.000000
vt -20.922738 0.400000 0.000000
vt -20.448590 0.400000 0.000000
vt -20.211516 0.000000 0.000000
vt -20.211516 0.400000 0.000000
vt -19.974442 0.000000 0.000000
vt -19.974442 0.400000 0.000000
vt -19.737369 0.000000 0.000000
vt -19.737369 0.400000 0.000000
vt -19.500295 0.000000 0.000000
vt -19.500295 0.400000 0.000000
vt -19.026147 0.000000 0.000000
vt -19.026147 0.400000 0.000000
vt -18.789073 0.000000 0.000000
vt -18.789073 0.400000 0.000000
vt -18.551999 0.000000 0.000000
vt -18.551999 0.400000 0.000000
vt -18.314926 0.000000 0.000000
vt -18.314926 0.400000 0.000000
vt -18.077852 0.000000 0.000000
vt -18.077852 0.400000 0.000000
vt -17.603704 0.000000 0.000000
vt -17.603704 0.400000 0.000000
vt -17.129557 0.000000 0.000000
vt -17.129557 0.400000 0.000000
vt -16.892483 0.000000 0.000000
vt -16.892483 0.400000 0.000000
vt -16.655409 0.000000 0.000000
vt -16.655409 0.400000 0.000000
vt -16.181261 0.000000 0.000000
vt -16.181261 0.400000 0.000000
vt -15.944187 0.000000 0.000000
vt -15.944187 0.400000 0.000000
vt -15.707114 0.000000 0.000000
vt -15.707114 0.400000 0.000000
vt -15.470040 0.000000 0.000000
vt -15.470040 0.400000 0.000000
vt -15.232966 0.000000 0.000000
vt -15.232966 0.400000 0.000000
vt -14.995892 0.000000 0.000000
vt -14.995892 0.400000 0.000000
vt -14.877355 0.000000 0.000000
vt -14.877355 0.400000 0.000000
vt -14.758818 0.000000 0.000000
vt -14.758818 0.400000 0.000000
vt -14.521745 0.000000 0.000000
vt -14.521745 0.400000 0.000000
vt -14.284671 0.000000 0.000000
vt -14.284671 0.400000 0.000000
vt -14.047597 0.000000 0.000000
vt -14.047597 0.400000 0.000000
vt -13.810523 0.000000 0.000000
vt -13.810523 0.400000 0.000000
vt -13.573449 0.000000 0.000000
vt -13.573449 0.400000 0.000000
vt -13.336375 0.000000 0.000000
vt -13.336375 0.400000 0.000000
vt -13.099302 0.000000 0.000000
vt -13.099302 0.400000 0.000000
vt -12.862228 0.000000 0.000000
vt -12.862228 0.400000 0.000000
vt -12.388080 0.000000 0.000000
vt -12.388080 0.400000 0.000000
vt -11.913933 0.000000 0.000000
vt -11.439785 0.000000 0.000000
vt -10.965637 0.000000 0.000000
vt -10.491490 0.000000 0.000000
vt -9.543194 0.000000 0.000000
vt -9.069047 0.000000 0.000000
vt -9.543194 0.400000 0.000000
vt -10.491490 0.400000 0.000000
vt -10.965637 0.400000 0.000000
vt -9.069047 0.400000 0.000000
vt -8.594899 0.000000 0.000000
vt -8.594899 0.400000 0.000000
vt -8.357825 0.000000 0.000000
vt -8.357825 0.400000 0.000000
vt -8.120751 0.000000 0.000000
vt -8.120751 0.400000 0.000000
vt -8.002215 0.000000 0.000000
vt -8.002215 0.400000 0.000000
vt -7.883678 0.000000 0.000000
vt -7.883678 0.400000 0.000000
vt -7.824409 0.000000 0.000000
vt -7.824409 0.400000 0.000000
vt -7.765141 0.000000 0.000000
vt -7.765141 0.400000 0.000000
vt -7.705872 0.000000 0.000000
vt -7.705872 0.400000 0.000000
vt -7.646604 0.000000 0.000000
vt -7.646604 0.400000 0.000000
vt -7.587335 0.000000 0.000000
vt -7.587335 0.400000 0.000000
vt -7.528067 0.000000 0.000000
vt -7.528067 0.400000 0.000000
vt -7.409530 0.000000 0.000000
vt -7.409530 0.400000 0.000000
vt -7.290993 0.000000 0.000000
vt -7.290993 0.400000 0.000000
vt -7.172456 0.000000 0.000000
vt -7.172456 0.400000 0.000000
vt -6.935382 0.000000 0.000000
vt -6.935382 0.400000 0.000000
vt -6.698309 0.000000 0.000000
vt -6.698309 0.400000 0.000000
vt -6.224161 0.000000 0.000000
vt -6.224161 0.400000 0.000000
vt -5.987087 0.000000 0.000000
vt -5.987087 0.400000 0.000000
vt -5.750013 0.000000 0.000000
vt -5.750013 0.400000 0.000000
vt -11.439785 0.400000 0.000000
vt -11.913933 0.400000 0.000000
vt -27.404051 0.000000 0.000000
vt -27.109684 0.000000 0.000000
vt -27.404051 0.400000 0.000000
vt -27.109684 0.400000 0.000000
vt -26.962500 0.000000 0.000000
vt -26.962500 0.400000 0.000000
vt -26.815316 0.000000 0.000000
vt -26.815316 0.400000 0.000000
vt -26.668132 0.000000 0.000000
vt -26.668132 0.400000 0.000000
vt -26.520948 0.000000 0.000000
vt -26.520948 0.400000 0.000000
vt -26.226581 0.000000 0.000000
vt -26.226581 0.400000 0.000000
vt -26.079397 0.000000 0.000000
vt -26.079397 0.400000 0.000000
vt -25.932213 0.000000 0.000000
vt -25.932213 0.400000 0.000000
vt -25.785029 0.000000 0.000000
vt -25.785029 0.400000 0.000000
vt -25.637846 0.000000 0.000000
vt -25.637846 0.400000 0.000000
vt -25.343478 0.000000 0.000000
vt -25.343478 0.400000 0.000000
vt -25.049110 0.000000 0.000000
vt -25.049110 0.400000 0.000000
vt -24.754743 0.000000 0.000000
vt -24.754743 0.400000 0.000000
vt -24.460375 0.000000 0.000000
vt -24.460375 0.400000 0.000000
vt -24.166007 0.000000 0.000000
vt -24.166007 0.400000 0.000000
vt -23.871640 0.000000 0.000000
vt -23.871640 0.400000 0.000000
vt -23.282905 0.000000 0.000000
vt -23.282905 0.400000 0.000000
vt -22.988537 0.000000 0.000000
vt -22.988537 0.400000 0.000000
vt -22.694169 0.000000 0.000000
vt -22.694169 0.400000 0.000000
vt -22.105434 0.000000 0.000000
vt -22.105434 0.400000 0.000000
vt -21.811067 0.000000 0.000000
vt -21.811067 0.400000 0.000000
vt -21.663883 0.000000 0.000000
vt -21.663883 0.400000 0.000000
vt -21.516699 0.000000 0.000000
vt -21.516699 0.400000 0.000000
vt -21.222331 0.000000 0.000000
vt -21.222331 0.400000 0.000000
vt -20.927964 0.000000 0.000000
vt -20.927964 0.400000 0.000000
vt -20.633596 0.000000 0.000000
vt -20.633596 0.400000 0.000000
vt -20.486412 0.000000 0.000000
vt -20.486412 0.400000 0.000000
vt -20.339228 0.000000 0.000000
vt -20.339228 0.400000 0.000000
vt -20.265637 0.000000 0.000000
vt -20.265637 0.400000 0.000000
vt -20.192045 0.000000 0.000000
vt -20.192045 0.400000 0.000000
vt -20.118453 0.000000 0.000000
vt -20.118453 0.400000 0.000000
vt -20.044861 0.000000 0.000000
vt -20.044861 0.400000 0.000000
vt -19.971269 0.000000 0.000000
vt -19.971269 0.400000 0.000000
vt -19.897677 0.000000 0.000000
vt -19.897677 0.400000 0.000000
vt -19.824085 0.000000 0.000000
vt -19.824085 0.400000 0.000000
vt -19.750493 0.000000 0.000000
vt -19.750493 0.400000 0.000000
vt -19.676901 0.000000 0.000000
vt -19.676901 0.400000 0.000000
vt -19.603309 0.000000 0.000000
vt -19.603309 0.400000 0.000000
vt -19.529718 0.000000 0.000000
vt -19.529718 0.400000 0.000000
vt -19.456126 0.000000 0.000000
vt -19.456126 0.400000 0.000000
vt -19.308942 0.000000 0.000000
vt -19.308942 0.400000 0.000000
vt -19.161758 0.000000 0.000000
vt -19.161758 0.400000 0.000000
vt -18.867390 0.000000 0.000000
vt -18.867390 0.400000 0.000000
vt -18.573023 0.000000 0.000000
vt -18.573023 0.400000 0.000000
vt -18.278655 0.000000 0.000000
vt -18.278655 0.400000 0.000000
vt -17.984288 0.000000 0.000000
vt -17.984288 0.400000 0.000000
vt -12.618468 0.000000 0.000000
vt -12.224489 0.000000 0.000000
vt -12.618468 0.400000 0.000000
vt -12.224489 0.400000 0.000000
vt -11.830510 0.000000 0.000000
vt -11.830510 0.400000 0.000000
vt -11.633521 0.000000 0.000000
vt -11.633521 0.400000 0.000000
vt -11.436531 0.000000 0.000000
vt -11.436531 0.400000 0.000000
vt -11.239542 0.000000 0.000000
vt -11.239542 0.400000 0.000000
vt -11.042552 0.000000 0.000000
vt -11.042552 0.400000 0.000000
vt -10.648573 0.000000 0.000000
vt -10.648573 0.400000 0.000000
vt -10.254595 0.000000 0.000000
vt -10.254595 0.400000 0.000000
vt -9.466637 0.000000 0.000000
vt -9.466637 0.400000 0.000000
vt -9.269647 0.000000 0.000000
vt -9.269647 0.400000 0.000000
vt -9.072658 0.000000 0.000000
vt -9.072658 0.400000 0.000000
vt -8.678679 0.000000 0.000000
vt -8.678679 0.400000 0.000000
vt -8.284700 0.000000 0.000000
vt -8.284700 0.400000 0.000000
vt -8.087710 0.000000 0.000000
vt -8.087710 0.400000 0.000000
vt -7.890721 0.000000 0.000000
vt -7.890721 0.400000 0.000000
vt -7.693731 0.000000 0.000000
vt -7.693731 0.400000 0.000000
vt -7.496742 0.000000 0.000000
vt -7.496742 0.400000 0.000000
vt -7.102763 0.000000 0.000000
vt -7.102763 0.400000 0.000000
vt -6.708784 0.000000 0.000000
vt -6.708784 0.400000 0.000000
vt -6.314805 0.000000 0.000000
vt -6.314805 0.400000 0.000000
vt -5.920826 0.000000 0.000000
vt -5.920826 0.400000 0.000000
vt -5.526847 0.000000 0.000000
vt -5.526847 0.400000 0.000000
vt -5.132868 0.000000 0.000000
vt -5.132868 0.400000 0.000000
vt -4.738889 0.000000 0.000000
vt -4.738889 0.400000 0.000000
vt -4.344911 0.000000 0.000000
vt -4.344911 0.400000 0.000000
vt -4.147921 0.000000 0.000000
vt -4.147921 0.400000 0.000000
vt -3.950932 0.000000 0.000000
vt -3.950932 0.400000 0.000000
vt -3.556953 0.000000 0.000000
vt -3.556953 0.400000 0.000000
vt -3.359963 0.000000 0.000000
vt -3.359963 0.400000 0.000000
vt -3.162974 0.000000 0.000000
vt -3.162974 0.400000 0.000000
vt -2.768995 0.000000 0.000000
vt -2.768995 0.400000 0.000000
vt -2.572005 0.000000 0.000000
vt -2.572005 0.400000 0.000000
vt -2.375016 0.000000 0.000000
vt -2.375016 0.400000 0.000000
vt -2.178026 0.000000 0.000000
vt -2.178026 0.400000 0.000000
vt -1.981037 0.000000 0.000000
vt -1.981037 0.400000 0.000000
vt -1.587058 0.000000 0.000000
vt -1.587058 0.400000 0.000000
vt -1.193079 0.000000 0.000000
vt -1.193079 0.400000 0.000000
vt -0.799100 0.000000 0.000000
vt -0.799100 0.400000 0.000000
vt -0.405121 0.000000 0.000000
vt -0.405121 0.400000 0.000000
vt -0.011142 0.000000 0.000000
vt -0.011142 0.400000 0.000000
vt -14.314563 0.000000 0.000000
vt -13.945667 0.000000 0.000000
vt -14.314563 0.400000 0.000000
vt -13.945667 0.400000 0.000000
vt -13.576772 0.000000 0.000000
vt -13.576772 0.400000 0.000000
vt -13.207876 0.000000 0.000000
vt -13.207876 0.400000 0.000000
vt -13.023429 0.000000 0.000000
vt -13.023429 0.400000 0.000000
vt -12.838981 0.000000 0.000000
vt -12.838981 0.400000 0.000000
vt -16.931325 0.000000 0.000000
vt -16.520837 0.000000 0.000000
vt -16.931325 0.400000 0.000000
vt -16.520837 0.400000 0.000000
vt -16.315593 0.000000 0.000000
vt -16.315593 0.400000 0.000000
vt -16.110350 0.000000 0.000000
vt -16.110350 0.400000 0.000000
vt -15.289375 0.000000 0.000000
vt -15.289375 0.400000 0.000000
vt 2.170123 -4.380172 0.000000
vt 2.281030 -4.162400 0.000000
vt 2.270682 -3.907027 0.000000
vt 2.353262 -3.936652 0.000000
vt 2.443227 -3.448062 0.000000
vt 2.499982 -2.859243 0.000000
vt 2.213633 -3.044615 0.000000
vt 2.268000 -3.435978 0.000000
vt 2.494182 -2.171449 0.000000
vt 2.122858 -2.442252 0.000000
vt 2.167606 -2.733735 0.000000
vt 2.448786 -1.527570 0.000000
vt 1.932097 -1.832714 0.000000
vt 2.040180 -2.131809 0.000000
vt 2.435695 -0.988667 0.000000
vt 2.032486 -1.047212 0.000000
vt 1.724974 -1.337432 0.000000
vt 1.829916 -1.580289 0.000000
vt 2.091450 -0.554152 0.000000
vt 2.523781 -0.470614 0.000000
vt 2.240227 -0.066975 0.000000
vt 2.724723 0.020183 0.000000
vt 2.472348 0.374348 0.000000
vt 3.015363 0.430462 0.000000
vt 2.759538 0.745907 0.000000
vt 3.192353 0.619922 0.000000
vt 2.930520 0.922533 0.000000
vt 3.396127 0.785277 0.000000
vt 3.143376 1.097739 0.000000
vt 3.510025 0.847017 0.000000
vt 3.274402 1.177327 0.000000
vt 3.427066 1.243954 0.000000
vt 3.631086 0.885623 0.000000
vt 3.599413 1.286512 0.000000
vt 3.754374 0.895080 0.000000
vt 3.785863 1.293473 0.000000
vt 3.972565 1.258657 0.000000
vt 3.815011 0.887150 0.000000
vt 3.873127 0.870842 0.000000
vt 4.146363 1.183732 0.000000
vt 3.927829 0.846869 0.000000
vt 4.296028 1.071713 0.000000
vt 3.978290 0.815946 0.000000
vt 4.023681 0.778788 0.000000
vt 4.415641 0.930210 0.000000
vt 4.063175 0.736109 0.000000
vt 4.095940 0.688639 0.000000
vt 4.499987 0.768187 0.000000
vt 4.121241 0.637543 0.000000
vt 4.544811 0.596647 0.000000
vt 4.150119 0.528605 0.000000
vt 4.553643 0.428048 0.000000
vt 4.152166 0.416745 0.000000
vt 4.533646 0.271389 0.000000
vt 4.130645 0.308924 0.000000
vt 4.440600 0.009968 0.000000
vt 4.040258 0.113206 0.000000
vt 4.318763 -0.190578 0.000000
vt 3.791605 -0.215138 0.000000
vt 4.096350 -0.473061 0.000000
vt 3.572181 -0.502099 0.000000
vt 3.928649 -0.690494 0.000000
vt 3.493444 -0.632255 0.000000
vt 3.838622 -0.836721 0.000000
vt 3.439645 -0.763320 0.000000
vt 3.818397 -0.891195 0.000000
vt 3.801857 -0.967979 0.000000
vt 3.385293 -1.084926 0.000000
vt 3.777509 -1.213206 0.000000
vt 3.368237 -1.452736 0.000000
vt 3.776581 -1.762553 0.000000
vt 3.380256 -1.825346 0.000000
vt 3.813549 -2.107975 0.000000
vt 3.435792 -2.298764 0.000000
vt 3.872827 -2.533313 0.000000
vt 3.509330 -2.829970 0.000000
vt 3.954672 -3.418117 0.000000
vt 3.552610 -3.333135 0.000000
vt 3.533460 -3.833803 0.000000
vt 3.439343 -4.356847 0.000000
vt 3.853711 -4.341850 0.000000
vt 3.931512 -3.873746 0.000000
vt 3.722056 -4.812713 0.000000
vt 3.273522 -4.873165 0.000000
vt 3.546611 -5.250205 0.000000
vt 3.065370 -5.314813 0.000000
vt 3.352788 -5.616608 0.000000
vt 2.828617 -5.669161 0.000000
vt 3.108929 -5.956930 0.000000
vt 2.659339 -5.843452 0.000000
vt 2.937641 -6.130837 0.000000
vt 2.423267 -6.034723 0.000000
vt 2.727077 -6.306639 0.000000
vt 2.475161 -6.487104 0.000000
vt 2.119975 -6.241070 0.000000
vt 2.186689 -6.669289 0.000000
vt 1.772999 -6.443351 0.000000
vt 1.565223 -6.986521 0.000000
vt 1.422822 -6.612476 0.000000
vt 1.107596 -6.723256 0.000000
vt 0.845740 -6.772256 0.000000
vt 0.985925 -7.157721 0.000000
vt 1.264258 -7.094375 0.000000
vt 0.745313 -7.177581 0.000000
vt 0.640436 -6.776305 0.000000
vt 0.558667 -7.171178 0.000000
vt 0.321842 -7.149861 0.000000
vt 0.348250 -6.750647 0.000000
vt -0.055052 -7.125146 0.000000
vt -0.206336 -6.706472 0.000000
vt -0.455081 -7.073117 0.000000
vt -0.754288 -6.609358 0.000000
vt -0.809635 -7.005574 0.000000
vt -1.048673 -6.971908 0.000000
vt -0.957784 -6.579654 0.000000
vt -1.130276 -6.560428 0.000000
vt -1.246734 -6.956278 0.000000
vt -1.237034 -6.556455 0.000000
vt -1.379521 -6.558531 0.000000
vt -1.429968 -6.960426 0.000000
vt -1.752530 -6.568229 0.000000
vt -1.680879 -6.967293 0.000000
vt -1.947745 -6.968394 0.000000
vt -2.127269 -6.566742 0.000000
vt -2.174098 -6.966406 0.000000
vt -2.390745 -6.566547 0.000000
vt -2.531301 -6.958664 0.000000
vt -2.619101 -6.535231 0.000000
vt -2.753689 -6.913363 0.000000
vt -2.943795 -6.849052 0.000000
vt -2.866413 -6.450364 0.000000
vt -3.303403 -6.689424 0.000000
vt -3.096229 -6.346355 0.000000
vt -3.489651 -6.562254 0.000000
vt -3.297658 -6.201332 0.000000
vt -3.641075 -6.428111 0.000000
vt -3.477665 -6.020058 0.000000
vt -3.913377 -6.119558 0.000000
vt -3.658789 -5.789054 0.000000
vt -4.178973 -5.690914 0.000000
vt -3.829420 -5.495474 0.000000
vt -4.364762 -5.228303 0.000000
vt -3.958112 -5.187340 0.000000
vt -4.463487 -4.814156 0.000000
vt -4.093633 -4.609478 0.000000
vt -4.525636 -4.413612 0.000000
vt -4.154803 -4.059231 0.000000
vt -4.556401 -4.036607 0.000000
vt -4.557418 -3.612866 0.000000
vt -4.147019 -3.464320 0.000000
vt -4.528909 -3.216169 0.000000
vt -4.101801 -2.930639 0.000000
vt -4.517893 -3.046830 0.000000
vt -4.493134 -2.845740 0.000000
vt -4.441576 -2.638034 0.000000
vt -3.961457 -2.458457 0.000000
vt -4.387965 -2.479099 0.000000
vt -4.302518 -2.191746 0.000000
vt -3.813332 -1.993492 0.000000
vt -4.183017 -1.839816 0.000000
vt -4.117825 -1.701560 0.000000
vt -3.651188 -1.619608 0.000000
vt -4.075664 -1.610115 0.000000
vt -3.566764 -1.390886 0.000000
vt -3.885478 -1.097781 0.000000
vt -3.500626 -1.209010 0.000000
vt -3.806242 -0.859869 0.000000
vt -3.371289 -0.800227 0.000000
vt -3.720465 -0.576088 0.000000
vt -3.237428 -0.393986 0.000000
vt -3.670300 -0.433549 0.000000
vt -3.634007 -0.326765 0.000000
vt -3.601414 -0.203100 0.000000
vt -3.552345 -0.030958 0.000000
vt -3.101726 0.048217 0.000000
vt -3.455514 0.252148 0.000000
vt -3.028029 0.266755 0.000000
vt -3.330914 0.565694 0.000000
vt -2.957161 0.421396 0.000000
vt -2.937372 0.495327 0.000000
vt -2.926628 0.602915 0.000000
vt -3.325363 0.651058 0.000000
vt -3.327528 0.782460 0.000000
vt -2.929899 0.852008 0.000000
vt -3.335317 1.114772 0.000000
vt -2.935159 1.111884 0.000000
vt -2.928230 1.407135 0.000000
vt -3.324256 1.494461 0.000000
vt -2.905466 1.694735 0.000000
vt -3.273288 1.898511 0.000000
vt -2.881852 1.813606 0.000000
vt -2.860175 1.896246 0.000000
vt -2.859680 1.955190 0.000000
vt -2.855683 1.920418 0.000000
vt -2.855610 1.936673 0.000000
vt -2.870044 1.982429 0.000000
vt -2.959736 2.169010 0.000000
vt -3.535515 2.473903 0.000000
vt -3.144368 2.574674 0.000000
vt -3.602882 2.690942 0.000000
vt -3.217496 2.805328 0.000000
vt -3.631297 2.909250 0.000000
vt -3.236738 3.049623 0.000000
vt -3.637063 3.291900 0.000000
vt -3.235713 3.308429 0.000000
vt -3.234266 3.385592 0.000000
vt -3.237353 3.405329 0.000000
vt -3.246106 3.427065 0.000000
vt -3.297609 3.506083 0.000000
vt -3.386479 3.622411 0.000000
vt -3.823994 3.546169 0.000000
vt -3.556324 3.876058 0.000000
vt -3.909769 3.688234 0.000000
vt -3.969004 3.806228 0.000000
vt -4.042153 3.958547 0.000000
vt -3.756138 4.276039 0.000000
vt -4.153663 4.175293 0.000000
vt -3.882181 4.538731 0.000000
vt -4.277179 4.447879 0.000000
vt -3.958668 4.758505 0.000000
vt -4.353497 4.689128 0.000000
vt -4.378495 4.801210 0.000000
vt -3.995760 4.960166 0.000000
vt -4.396217 4.961143 0.000000
vt -3.994973 5.017868 0.000000
vt -4.391454 5.072993 0.000000
vt -3.983164 5.076601 0.000000
vt -4.361255 5.206449 0.000000
vt -3.971763 5.105713 0.000000
vt -3.956176 5.133586 0.000000
vt -4.293054 5.348121 0.000000
vt -3.936778 5.159228 0.000000
vt -3.914080 5.181897 0.000000
vt -4.245287 5.413882 0.000000
vt -3.876860 5.213532 0.000000
vt -4.189705 5.471997 0.000000
vt -3.834486 5.237664 0.000000
vt -4.060401 5.570463 0.000000
vt -3.788788 5.254183 0.000000
vt -3.915921 5.634237 0.000000
vt -3.741592 5.262979 0.000000
vt -3.776036 5.662000 0.000000
vt -3.645612 5.662543 0.000000
vt -3.647371 5.260181 0.000000
vt -3.524155 5.643294 0.000000
vt -3.411262 5.607972 0.000000
vt -3.554785 5.235019 0.000000
vt -3.225117 5.513509 0.000000
vt -3.373575 5.132142 0.000000
vt -2.954665 5.328663 0.000000
vt -3.166825 4.989541 0.000000
vt -2.745794 5.207115 0.000000
vt -2.969364 4.872115 0.000000
vt -2.814978 4.791385 0.000000
vt -2.660459 4.786470 0.000000
vt -2.755623 4.759435 0.000000
vt -2.708651 4.756187 0.000000
vt -2.737218 4.752041 0.000000
vt -2.721226 4.750965 0.000000
vt -2.724892 4.749938 0.000000
vt -2.728081 4.749711 0.000000
vt -2.515164 4.879411 0.000000
vt -2.305849 5.010033 0.000000
vt -2.619240 5.285225 0.000000
vt -2.439386 5.397773 0.000000
vt -2.041131 5.157927 0.000000
vt -2.205611 5.522601 0.000000
vt -1.814768 5.227260 0.000000
vt -1.961204 5.604985 0.000000
vt -1.743405 5.245457 0.000000
vt -1.716062 5.257037 0.000000
vt -1.691404 5.272179 0.000000
vt -1.667465 5.292227 0.000000
vt -1.644748 5.317706 0.000000
vt -1.605756 5.384144 0.000000
vt -1.577774 5.469926 0.000000
vt -1.562308 5.573259 0.000000
vt -1.953299 5.730081 0.000000
vt -1.547600 5.819663 0.000000
vt -1.943009 5.903723 0.000000
vt -1.516522 6.096501 0.000000
vt -1.878487 6.317570 0.000000
vt -1.441632 6.379629 0.000000
vt -1.810199 6.536364 0.000000
vt -1.384428 6.512814 0.000000
vt -1.707160 6.756197 0.000000
vt -1.311661 6.630781 0.000000
vt -1.634977 6.865740 0.000000
vt -1.268113 6.681308 0.000000
vt -1.218550 6.724748 0.000000
vt -1.540507 6.975391 0.000000
vt -1.161103 6.758294 0.000000
vt -1.407514 7.079546 0.000000
vt -1.129597 6.769803 0.000000
vt -1.319789 7.125291 0.000000
vt -1.096372 6.776955 0.000000
vt -1.216877 7.160205 0.000000
vt -1.102429 7.178020 0.000000
vt -1.061781 6.779056 0.000000
vt -0.983497 7.173235 0.000000
vt -1.027503 6.775652 0.000000
vt -0.870706 7.147878 0.000000
vt -0.994250 6.767338 0.000000
vt -0.772224 7.107419 0.000000
vt -0.962520 6.754811 0.000000
vt -0.625713 7.008046 0.000000
vt -0.905607 6.719922 0.000000
vt -0.526930 6.907524 0.000000
vt -0.856636 6.676339 0.000000
vt -0.397137 6.729947 0.000000
vt -0.698051 6.457613 0.000000
vt -0.301364 6.577119 0.000000
vt -0.141909 6.313653 0.000000
vt -0.444413 6.036827 0.000000
vt 0.009338 6.010006 0.000000
vt -0.351479 5.834030 0.000000
vt -0.277434 5.587502 0.000000
vt 0.213992 5.335446 0.000000
vt -0.094584 5.015126 0.000000
vt 0.335725 5.016515 0.000000
vt 0.011462 4.756560 0.000000
vt 0.454682 4.745571 0.000000
vt 0.110578 4.536664 0.000000
vt 0.576274 4.497047 0.000000
vt 0.318182 4.113645 0.000000
vt 0.714569 4.202817 0.000000
vt 0.386652 3.911141 0.000000
vt 0.803705 3.852209 0.000000
vt 0.421803 3.672080 0.000000
vt 0.824057 3.664417 0.000000
vt 0.832915 3.443916 0.000000
vt 0.431363 3.363086 0.000000
vt 0.819098 3.196031 0.000000
vt 0.383470 3.058495 0.000000
vt 0.768237 2.948956 0.000000
vt 0.296390 2.824140 0.000000
vt 0.699806 2.755426 0.000000
vt 0.659157 2.652792 0.000000
vt 0.264925 2.726851 0.000000
vt 0.649834 2.618305 0.000000
vt 0.250537 2.631177 0.000000
vt 0.650973 2.602863 0.000000
vt 0.257934 2.531320 0.000000
vt 0.653850 2.590013 0.000000
vt 0.661283 2.570290 0.000000
vt 0.288095 2.428312 0.000000
vt 0.700730 2.501698 0.000000
vt 0.412899 2.215868 0.000000
vt 0.785686 2.386108 0.000000
vt 0.902948 2.222444 0.000000
vt 0.580605 1.984648 0.000000
vt 1.022577 2.013012 0.000000
vt 0.714533 1.713180 0.000000
vt 1.114825 1.778498 0.000000
vt 0.785582 1.412213 0.000000
vt 1.198693 1.324547 0.000000
vt 0.808717 1.129417 0.000000
vt 1.208812 1.132374 0.000000
vt 1.209121 0.980561 0.000000
vt 0.807901 0.926638 0.000000
vt 1.211133 0.811056 0.000000
vt 0.815266 0.749799 0.000000
vt 1.258372 0.547860 0.000000
vt 0.862805 0.480246 0.000000
vt 1.292567 0.442915 0.000000
vt 0.949163 0.234657 0.000000
vt 1.309847 0.410015 0.000000
vt 1.356185 0.356535 0.000000
vt 1.062427 0.085055 0.000000
vt 1.474992 0.210790 0.000000
vt 1.211798 -0.116986 0.000000
vt 1.685808 -0.177830 0.000000
vt 1.331207 -0.368988 0.000000
vt 1.747738 -0.347468 0.000000
vt 1.402074 -0.580517 0.000000
vt 1.787105 -0.472173 0.000000
vt 1.822309 -0.573577 0.000000
vt 1.476190 -0.785583 0.000000
vt 1.875692 -0.703131 0.000000
vt 1.596780 -1.057733 0.000000
vt -0.358057 -6.600936 0.000000
vt -0.359089 -6.601025 0.000000
vt -0.357024 -6.600890 0.000000
vt -0.321842 -7.149861 0.000000
vt 0.055052 -7.125146 0.000000
vt -0.558667 -7.171178 0.000000
vt -0.708317 -6.628089 0.000000
vt -0.745313 -7.177581 0.000000
vt -0.985925 -7.157721 0.000000
vt -0.952967 -6.605626 0.000000
vt -1.264258 -7.094375 0.000000
vt -1.279439 -6.508682 0.000000
vt -1.565223 -6.986521 0.000000
vt -1.673935 -6.326119 0.000000
vt -2.186689 -6.669289 0.000000
vt -2.073514 -6.092845 0.000000
vt -2.475161 -6.487104 0.000000
vt -2.727077 -6.306639 0.000000
vt -2.407981 -5.858126 0.000000
vt -2.937641 -6.130837 0.000000
vt -2.640061 -5.654042 0.000000
vt -3.108929 -5.956930 0.000000
vt -3.352788 -5.616608 0.000000
vt -2.918712 -5.269329 0.000000
vt -3.546611 -5.250205 0.000000
vt -3.040395 -5.033801 0.000000
vt -3.155703 -4.763571 0.000000
vt -3.328416 -4.167793 0.000000
vt -3.853711 -4.341850 0.000000
vt -3.722056 -4.812713 0.000000
vt -3.931512 -3.873746 0.000000
vt -3.402199 -3.581375 0.000000
vt -3.954672 -3.418117 0.000000
vt -3.379822 -3.012326 0.000000
vt -3.872827 -2.533313 0.000000
vt -3.297167 -2.392438 0.000000
vt -3.813549 -2.107975 0.000000
vt -3.256493 -2.086559 0.000000
vt -3.776581 -1.762553 0.000000
vt -3.229083 -1.816409 0.000000
vt -3.220254 -1.362366 0.000000
vt -3.777509 -1.213206 0.000000
vt -3.253286 -0.915764 0.000000
vt -3.801857 -0.967979 0.000000
vt -3.818397 -0.891195 0.000000
vt -3.298823 -0.712679 0.000000
vt -3.838622 -0.836721 0.000000
vt -3.377771 -0.530844 0.000000
vt -3.928649 -0.690494 0.000000
vt -3.624757 -0.181751 0.000000
vt -4.096350 -0.473061 0.000000
vt -4.318763 -0.190578 0.000000
vt -3.909016 0.186377 0.000000
vt -4.440600 0.009968 0.000000
vt -3.959914 0.281721 0.000000
vt -4.533646 0.271389 0.000000
vt -3.993027 0.377594 0.000000
vt -4.553643 0.428048 0.000000
vt -4.004597 0.470839 0.000000
vt -4.544811 0.596647 0.000000
vt -4.001130 0.515488 0.000000
vt -3.990888 0.558301 0.000000
vt -4.499987 0.768187 0.000000
vt -3.973925 0.598687 0.000000
vt -3.950703 0.635830 0.000000
vt -4.415641 0.930210 0.000000
vt -3.921692 0.668912 0.000000
vt -3.887362 0.697111 0.000000
vt -4.296028 1.071713 0.000000
vt -3.848183 0.719607 0.000000
vt -4.146363 1.183732 0.000000
vt -3.804772 0.735475 0.000000
vt -3.972565 1.258657 0.000000
vt -3.758137 0.743855 0.000000
vt -3.785863 1.293473 0.000000
vt -3.708835 0.744627 0.000000
vt -3.599413 1.286512 0.000000
vt -3.657379 0.737716 0.000000
vt -3.427066 1.243954 0.000000
vt -3.604284 0.723049 0.000000
vt -3.274402 1.177327 0.000000
vt -3.143376 1.097739 0.000000
vt -3.495304 0.670416 0.000000
vt -2.930520 0.922533 0.000000
vt -3.280571 0.496065 0.000000
vt -2.759538 0.745907 0.000000
vt -2.472348 0.374348 0.000000
vt -2.920550 0.055312 0.000000
vt -2.240227 -0.066975 0.000000
vt -2.784338 -0.194097 0.000000
vt -2.679535 -0.472751 0.000000
vt -2.091450 -0.554152 0.000000
vt -2.611278 -0.763132 0.000000
vt -2.032486 -1.047212 0.000000
vt -2.583282 -1.050093 0.000000
vt -2.587864 -1.350629 0.000000
vt -2.612170 -1.692453 0.000000
vt -1.750354 -1.781883 0.000000
vt -1.561295 -1.339296 0.000000
vt -1.331692 -0.828600 0.000000
vt -1.875692 -0.703131 0.000000
vt -1.822309 -0.573577 0.000000
vt -1.787105 -0.472173 0.000000
vt -1.200585 -0.447959 0.000000
vt -1.747738 -0.347468 0.000000
vt -1.685808 -0.177830 0.000000
vt -1.108136 -0.238418 0.000000
vt -1.474992 0.210790 0.000000
vt -0.989588 -0.059747 0.000000
vt -0.865470 0.085927 0.000000
vt -1.936250 -2.304552 0.000000
vt -2.655114 -2.506054 0.000000
vt -2.028762 -2.827851 0.000000
vt -2.647117 -2.915528 0.000000
vt -2.075138 -3.126547 0.000000
vt -2.616252 -3.284381 0.000000
vt -2.121808 -3.483273 0.000000
vt -2.515045 -3.903323 0.000000
vt -2.121605 -3.888985 0.000000
vt -2.430289 -4.193353 0.000000
vt -2.038964 -4.295064 0.000000
vt -2.283477 -4.480579 0.000000
vt -1.978070 -4.472629 0.000000
vt -2.094103 -4.718320 0.000000
vt -1.921148 -4.616011 0.000000
vt -1.884945 -4.718828 0.000000
vt -2.010302 -4.792144 0.000000
vt -1.880747 -4.739415 0.000000
vt -1.880121 -4.761823 0.000000
vt -1.882422 -4.775675 0.000000
vt -1.974078 -4.814243 0.000000
vt -1.884929 -4.783200 0.000000
vt -1.888655 -4.790839 0.000000
vt -1.893836 -4.798376 0.000000
vt -1.900706 -4.805597 0.000000
vt -1.908917 -4.811642 0.000000
vt -1.917736 -4.815984 0.000000
vt -1.926756 -4.818815 0.000000
vt -1.935573 -4.820326 0.000000
vt -1.950988 -4.820160 0.000000
vt -1.356185 0.356535 0.000000
vt -0.807359 0.183016 0.000000
vt -1.309847 0.410015 0.000000
vt -0.757521 0.304418 0.000000
vt -1.292567 0.442915 0.000000
vt -1.258372 0.547860 0.000000
vt -0.687899 0.583268 0.000000
vt -1.211133 0.811056 0.000000
vt -0.659567 0.813830 0.000000
vt -1.209121 0.980561 0.000000
vt -0.658955 0.977321 0.000000
vt -1.208812 1.132374 0.000000
vt -0.657037 1.171539 0.000000
vt -1.198693 1.324547 0.000000
vt -0.632653 1.419983 0.000000
vt -1.114825 1.778498 0.000000
vt -0.571998 1.668438 0.000000
vt -1.022577 2.013012 0.000000
vt -0.464719 1.886998 0.000000
vt -0.902948 2.222444 0.000000
vt -0.317634 2.092434 0.000000
vt -0.785686 2.386108 0.000000
vt -0.176393 2.310115 0.000000
vt -0.700730 2.501698 0.000000
vt -0.128738 2.428693 0.000000
vt -0.661283 2.570290 0.000000
vt -0.653850 2.590013 0.000000
vt -0.104281 2.550535 0.000000
vt -0.650973 2.602863 0.000000
vt -0.649834 2.618305 0.000000
vt -0.103088 2.670437 0.000000
vt -0.659157 2.652792 0.000000
vt -0.124096 2.783066 0.000000
vt -0.699806 2.755426 0.000000
vt -0.200189 2.987139 0.000000
vt -0.768237 2.948956 0.000000
vt -0.264185 3.203830 0.000000
vt -0.819098 3.196031 0.000000
vt -0.282670 3.466473 0.000000
vt -0.832915 3.443916 0.000000
vt -0.824057 3.664417 0.000000
vt -0.266318 3.718805 0.000000
vt -0.803705 3.852209 0.000000
vt -0.234385 3.904318 0.000000
vt -0.714569 4.202817 0.000000
vt -0.175368 4.065446 0.000000
vt -0.083786 4.252462 0.000000
vt -0.576274 4.497047 0.000000
vt 0.106379 4.651249 0.000000
vt -0.454682 4.745571 0.000000
vt -0.335725 5.016515 0.000000
vt 0.203508 4.881924 0.000000
vt 0.303067 5.148302 0.000000
vt -0.213992 5.335446 0.000000
vt 0.387605 5.421900 0.000000
vt 0.454757 5.665082 0.000000
vt -0.009338 6.010006 0.000000
vt 0.604943 6.015974 0.000000
vt 0.141909 6.313653 0.000000
vt 0.841685 6.404276 0.000000
vt 0.301364 6.577119 0.000000
vt 0.397137 6.729947 0.000000
vt 0.968627 6.575569 0.000000
vt 0.526930 6.907524 0.000000
vt 0.997767 6.601593 0.000000
vt 1.024063 6.618488 0.000000
vt 0.625713 7.008046 0.000000
vt 1.047970 6.627250 0.000000
vt 0.772224 7.107419 0.000000
vt 0.870706 7.147878 0.000000
vt 1.059214 6.628923 0.000000
vt 0.983497 7.173235 0.000000
vt 1.102429 7.178020 0.000000
vt 1.070092 6.628969 0.000000
vt 1.216877 7.160205 0.000000
vt 1.319789 7.125291 0.000000
vt 1.081272 6.627347 0.000000
vt 1.407514 7.079546 0.000000
vt 1.093084 6.623935 0.000000
vt 1.540507 6.975391 0.000000
vt 1.118343 6.611500 0.000000
vt 1.634977 6.865740 0.000000
vt 1.145350 6.591177 0.000000
vt 1.173561 6.562505 0.000000
vt 1.707160 6.756197 0.000000
vt 1.228567 6.483863 0.000000
vt 1.810199 6.536364 0.000000
vt 1.278209 6.384302 0.000000
vt 1.878487 6.317570 0.000000
vt 1.351736 6.153903 0.000000
vt 1.943009 5.903723 0.000000
vt 1.390072 5.914983 0.000000
vt 1.953299 5.730081 0.000000
vt 1.427282 5.456365 0.000000
vt 1.961204 5.604985 0.000000
vt 1.457278 5.350364 0.000000
vt 1.505520 5.255274 0.000000
vt 1.570362 5.177687 0.000000
vt 1.608196 5.147649 0.000000
vt 1.648220 5.124143 0.000000
vt 2.205611 5.522601 0.000000
vt 1.997450 5.012980 0.000000
vt 2.439386 5.397773 0.000000
vt 2.619240 5.285225 0.000000
vt 2.420437 4.761144 0.000000
vt 2.745794 5.207115 0.000000
vt 2.551827 4.678249 0.000000
vt 2.966415 4.702234 0.000000
vt 2.839323 4.632701 0.000000
vt 2.611369 4.637744 0.000000
vt 2.804718 4.616986 0.000000
vt 2.645066 4.619822 0.000000
vt 2.766223 4.605251 0.000000
vt 2.724616 4.601424 0.000000
vt 2.683145 4.606325 0.000000
vt 3.131655 4.790536 0.000000
vt 3.335030 4.922171 0.000000
vt 2.954665 5.328663 0.000000
vt 3.509381 5.042218 0.000000
vt 3.225117 5.513509 0.000000
vt 3.576436 5.081114 0.000000
vt 3.635382 5.104310 0.000000
vt 3.411262 5.607972 0.000000
vt 3.689709 5.114192 0.000000
vt 3.524155 5.643294 0.000000
vt 3.645612 5.662543 0.000000
vt 3.776036 5.662000 0.000000
vt 3.738548 5.112220 0.000000
vt 3.915921 5.634237 0.000000
vt 4.060401 5.570463 0.000000
vt 3.759264 5.107196 0.000000
vt 4.189705 5.471997 0.000000
vt 3.777621 5.099436 0.000000
vt 4.245287 5.413882 0.000000
vt 3.793870 5.088882 0.000000
vt 4.293054 5.348121 0.000000
vt 3.808259 5.075474 0.000000
vt 3.813696 5.070340 0.000000
vt 3.810785 5.072703 0.000000
vt 3.822286 5.062490 0.000000
vt 4.361255 5.206449 0.000000
vt 3.829317 5.054015 0.000000
vt 3.834963 5.044569 0.000000
vt 3.839399 5.033806 0.000000
vt 4.391454 5.072993 0.000000
vt 3.845044 5.006939 0.000000
vt 4.396217 4.961143 0.000000
vt 3.845609 4.972494 0.000000
vt 4.378495 4.801210 0.000000
vt 3.814774 4.801599 0.000000
vt 4.353497 4.689128 0.000000
vt 3.747095 4.604340 0.000000
vt 4.277179 4.447879 0.000000
vt 3.626112 4.351038 0.000000
vt 4.153663 4.175293 0.000000
vt 3.518709 4.140995 0.000000
vt 4.042153 3.958547 0.000000
vt 3.428154 3.953538 0.000000
vt 3.969004 3.806228 0.000000
vt 3.909769 3.688234 0.000000
vt 3.823994 3.546169 0.000000
vt 3.113842 3.497906 0.000000
vt 3.637063 3.291900 0.000000
vt 3.094001 3.449186 0.000000
vt 3.085121 3.402043 0.000000
vt 3.086036 3.307166 0.000000
vt 3.086743 3.059576 0.000000
vt 3.631297 2.909250 0.000000
vt 3.071206 2.836535 0.000000
vt 3.602882 2.690942 0.000000
vt 3.008068 2.638007 0.000000
vt 3.535515 2.473903 0.000000
vt 2.825551 2.237336 0.000000
vt 3.273288 1.898511 0.000000
vt 2.733577 2.044546 0.000000
vt 2.717047 2.000267 0.000000
vt 2.707079 1.955860 0.000000
vt 2.705861 1.910710 0.000000
vt 2.712336 1.867149 0.000000
vt 2.756616 1.676943 0.000000
vt 3.324256 1.494461 0.000000
vt 2.777678 1.407456 0.000000
vt 3.335317 1.114772 0.000000
vt 2.785305 1.115492 0.000000
vt 2.779939 0.862463 0.000000
vt 3.327528 0.782460 0.000000
vt 2.776876 0.601042 0.000000
vt 3.325363 0.651058 0.000000
vt 3.330914 0.565694 0.000000
vt 2.788937 0.473371 0.000000
vt 2.816445 0.369451 0.000000
vt 2.887408 0.215444 0.000000
vt 3.455514 0.252148 0.000000
vt 2.958410 0.003369 0.000000
vt 3.552345 -0.030958 0.000000
vt 3.601414 -0.203100 0.000000
vt 3.634007 -0.326765 0.000000
vt 3.226276 -0.839032 0.000000
vt 3.670300 -0.433549 0.000000
vt 3.720465 -0.576088 0.000000
vt 3.806242 -0.859869 0.000000
vt 3.357942 -1.255546 0.000000
vt 3.885478 -1.097781 0.000000
vt 3.425551 -1.441518 0.000000
vt 4.075664 -1.610115 0.000000
vt 3.509046 -1.667951 0.000000
vt 4.117825 -1.701560 0.000000
vt 3.675217 -2.051674 0.000000
vt 4.183017 -1.839816 0.000000
vt 4.302518 -2.191746 0.000000
vt 3.749154 -2.257836 0.000000
vt 3.817020 -2.498346 0.000000
vt 3.953723 -2.953703 0.000000
vt 4.441576 -2.638034 0.000000
vt 4.387965 -2.479099 0.000000
vt 3.976410 -3.188620 0.000000
vt 4.517893 -3.046830 0.000000
vt 4.493134 -2.845740 0.000000
vt 4.528909 -3.216169 0.000000
vt 3.997358 -3.474000 0.000000
vt 4.557418 -3.612866 0.000000
vt 4.005325 -4.049056 0.000000
vt 4.556401 -4.036607 0.000000
vt 4.525636 -4.413612 0.000000
vt 3.945957 -4.583387 0.000000
vt 4.463487 -4.814156 0.000000
vt 3.816248 -5.138602 0.000000
vt 4.364762 -5.228303 0.000000
vt 3.695626 -5.427844 0.000000
vt 4.178973 -5.690914 0.000000
vt 3.535117 -5.704153 0.000000
vt 3.913377 -6.119558 0.000000
vt 3.366380 -5.919653 0.000000
vt 3.641075 -6.428111 0.000000
vt 3.197719 -6.089269 0.000000
vt 3.489651 -6.562254 0.000000
vt 3.022931 -6.215325 0.000000
vt 3.303403 -6.689424 0.000000
vt 2.812275 -6.310287 0.000000
vt 2.943795 -6.849052 0.000000
vt 2.579608 -6.391028 0.000000
vt 2.753689 -6.913363 0.000000
vt 2.531301 -6.958664 0.000000
vt 2.388212 -6.416273 0.000000
vt 2.174098 -6.966406 0.000000
vt 2.124685 -6.416954 0.000000
vt 1.947745 -6.968394 0.000000
vt 1.753324 -6.417580 0.000000
vt 1.680879 -6.967293 0.000000
vt 1.429968 -6.960426 0.000000
vt 1.382591 -6.408639 0.000000
vt 1.246734 -6.956278 0.000000
vt 1.117799 -6.410917 0.000000
vt 1.048673 -6.971908 0.000000
vt 0.938780 -6.430874 0.000000
vt 0.727401 -6.461877 0.000000
vt 0.185655 -6.557894 0.000000
vt 0.455081 -7.073117 0.000000
vt 0.809635 -7.005574 0.000000
vn -0.630242 0.776398 0.000000
vn -0.729872 0.683583 0.000000
vn -0.630242 0.776398 0.000000
vn -0.729872 0.683583 0.000000
vn -0.819126 0.573614 0.000000
vn -0.819126 0.573614 0.000000
vn -0.891503 0.453014 0.000000
vn -0.891503 0.453014 0.000000
vn -0.943714 0.330762 0.000000
vn -0.943714 0.330762 0.000000
vn -0.993568 0.113234 0.000000
vn -0.993568 0.113234 0.000000
vn -0.999103 -0.042346 0.000000
vn -0.999103 -0.042346 0.000000
vn -0.968311 -0.249748 0.000000
vn -0.968311 -0.249748 0.000000
vn -0.920960 -0.389658 0.000000
vn -0.920960 -0.389658 0.000000
vn -0.889292 -0.457340 0.000000
vn -0.889292 -0.457340 0.000000
vn -0.880328 -0.474366 0.000000
vn -0.880328 -0.474366 0.000000
vn -0.795079 -0.606506 0.000000
vn -0.795079 -0.606506 0.000000
vn -0.801119 -0.598505 0.000000
vn -0.801119 -0.598505 0.000000
vn -0.891003 -0.453998 0.000000
vn -0.891003 -0.453998 0.000000
vn -0.960330 -0.278865 0.000000
vn -0.960330 -0.278865 0.000000
vn -0.996380 -0.085007 0.000000
vn -0.996380 -0.085007 0.000000
vn -0.999117 0.042018 0.000000
vn -0.999117 0.042018 0.000000
vn -0.999622 -0.027504 0.000000
vn -0.999622 -0.027504 0.000000
vn -0.985965 -0.166951 0.000000
vn -0.985965 -0.166951 0.000000
vn -0.919934 -0.392073 0.000000
vn -0.919934 -0.392073 0.000000
vn -0.904773 -0.425895 0.000000
vn -0.904773 -0.425895 0.000000
vn -0.917420 -0.397920 0.000000
vn -0.917420 -0.397920 0.000000
vn -0.954074 -0.299571 0.000000
vn -0.954074 -0.299571 0.000000
vn -0.992061 -0.125761 0.000000
vn -0.992061 -0.125761 0.000000
vn -0.997064 0.076579 0.000000
vn -0.997064 0.076579 0.000000
vn -0.975898 0.218226 0.000000
vn -0.975898 0.218226 0.000000
vn -0.989010 0.147851 0.000000
vn -0.989010 0.147851 0.000000
vn -0.999197 0.040056 0.000000
vn -0.999197 0.040056 0.000000
vn -0.999963 0.008557 0.000000
vn -0.999963 0.008557 0.000000
vn -0.999145 -0.041339 0.000000
vn -0.999145 -0.041339 0.000000
vn -0.999164 0.040893 0.000000
vn -0.999164 0.040893 0.000000
vn -0.986435 0.164151 0.000000
vn -0.986435 0.164151 0.000000
vn -0.930861 0.365373 0.000000
vn -0.930861 0.365373 0.000000
vn -0.933778 0.357854 0.000000
vn -0.933778 0.357854 0.000000
vn -0.946550 0.322558 0.000000
vn -0.946550 0.322558 0.000000
vn -0.959736 0.280903 0.000000
vn -0.959736 0.280903 0.000000
vn -0.944595 0.328237 0.000000
vn -0.944595 0.328237 0.000000
vn -0.936801 0.349862 0.000000
vn -0.936801 0.349862 0.000000
vn -0.939328 0.343020 0.000000
vn -0.939328 0.343020 0.000000
vn -0.913981 0.405756 0.000000
vn -0.913981 0.405756 0.000000
vn -0.959882 0.280404 0.000000
vn -0.959882 0.280404 0.000000
vn -0.986373 0.164525 0.000000
vn -0.986373 0.164525 0.000000
vn -0.997953 0.063955 0.000000
vn -0.997953 0.063955 0.000000
vn -0.996920 0.078431 0.000000
vn -0.996920 0.078431 0.000000
vn -0.998355 -0.057339 0.000000
vn -0.998355 -0.057339 0.000000
vn -0.985884 -0.167428 0.000000
vn -0.985884 -0.167428 0.000000
vn -0.947928 -0.318486 0.000000
vn -0.947928 -0.318486 0.000000
vn -0.895663 -0.444734 0.000000
vn -0.895663 -0.444734 0.000000
vn -0.827477 -0.561499 0.000000
vn -0.827477 -0.561499 0.000000
vn -0.743221 -0.669046 0.000000
vn -0.743221 -0.669046 0.000000
vn -0.667369 -0.744728 0.000000
vn -0.667369 -0.744728 0.000000
vn -0.484624 -0.874723 0.000000
vn -0.484624 -0.874723 0.000000
vn -0.363785 -0.931483 0.000000
vn -0.363785 -0.931483 0.000000
vn -0.262080 -0.965046 0.000000
vn -0.262080 -0.965046 0.000000
vn -0.011386 -0.999935 0.000000
vn -0.011386 -0.999935 0.000000
vn -0.009649 -0.999953 0.000000
vn -0.009649 -0.999953 0.000000
vn 0.010930 -0.999940 0.000000
vn 0.010930 -0.999940 0.000000
vn 0.029116 -0.999576 0.000000
vn 0.029116 -0.999576 0.000000
vn -0.076593 -0.997062 0.000000
vn -0.076593 -0.997062 0.000000
vn -0.120249 -0.992744 0.000000
vn -0.120249 -0.992744 0.000000
vn -0.173385 -0.984854 0.000000
vn -0.173385 -0.984854 0.000000
vn -0.125955 -0.992036 0.000000
vn -0.125955 -0.992036 0.000000
vn -0.044626 -0.999004 0.000000
vn -0.044626 -0.999004 0.000000
vn 0.044626 0.999004 -0.000000
vn 0.044626 0.999004 -0.000000
vn 0.044626 0.999004 -0.000000
vn 0.125955 0.992036 -0.000000
vn 0.044626 0.999004 -0.000000
vn 0.125955 0.992036 -0.000000
vn 0.171847 0.985124 -0.000000
vn 0.171847 0.985124 -0.000000
vn 0.129286 0.991607 -0.000000
vn 0.129286 0.991607 -0.000000
vn 0.071369 0.997450 -0.000000
vn 0.071369 0.997450 -0.000000
vn -0.027371 0.999625 0.000000
vn -0.027371 0.999625 0.000000
vn -0.013570 0.999908 0.000000
vn -0.013570 0.999908 0.000000
vn 0.008684 0.999962 -0.000000
vn 0.008684 0.999962 -0.000000
vn 0.012979 0.999916 -0.000000
vn 0.012979 0.999916 -0.000000
vn 0.261296 0.965259 -0.000000
vn 0.261296 0.965259 -0.000000
vn 0.367887 0.929870 -0.000000
vn 0.367887 0.929870 -0.000000
vn 0.486057 0.873927 -0.000000
vn 0.486057 0.873927 -0.000000
vn 0.663202 0.748441 -0.000000
vn 0.663202 0.748441 -0.000000
vn 0.746102 0.665832 -0.000000
vn 0.746102 0.665832 -0.000000
vn 0.826984 0.562225 -0.000000
vn 0.826984 0.562225 -0.000000
vn 0.895848 0.444360 -0.000000
vn 0.895848 0.444360 -0.000000
vn 0.947837 0.318756 -0.000000
vn 0.947837 0.318756 -0.000000
vn 0.986025 0.166600 -0.000000
vn 0.986025 0.166600 -0.000000
vn 0.998447 0.055714 -0.000000
vn 0.998447 0.055714 -0.000000
vn 0.997192 -0.074885 0.000000
vn 0.997192 -0.074885 0.000000
vn 0.997743 -0.067154 0.000000
vn 0.997743 -0.067154 0.000000
vn 0.985488 -0.169744 0.000000
vn 0.985488 -0.169744 0.000000
vn 0.957963 -0.286892 0.000000
vn 0.957963 -0.286892 0.000000
vn 0.959241 -0.282590 0.000000
vn 0.959241 -0.282590 0.000000
vn 0.913701 -0.406386 0.000000
vn 0.913701 -0.406386 0.000000
vn 0.939405 -0.342808 0.000000
vn 0.939405 -0.342808 0.000000
vn 0.936874 -0.349667 0.000000
vn 0.936874 -0.349667 0.000000
vn 0.944449 -0.328659 0.000000
vn 0.944449 -0.328659 0.000000
vn 0.957576 -0.288182 0.000000
vn 0.957576 -0.288182 0.000000
vn 0.947216 -0.320596 0.000000
vn 0.947216 -0.320596 0.000000
vn 0.934105 -0.356999 0.000000
vn 0.934105 -0.356999 0.000000
vn 0.930408 -0.366525 0.000000
vn 0.930408 -0.366525 0.000000
vn 0.987122 -0.159970 0.000000
vn 0.987122 -0.159970 0.000000
vn 0.999083 -0.042819 0.000000
vn 0.999083 -0.042819 0.000000
vn 0.999268 0.038255 -0.000000
vn 0.999268 0.038255 -0.000000
vn 0.999971 -0.007582 0.000000
vn 0.999971 -0.007582 0.000000
vn 0.999060 -0.043345 0.000000
vn 0.999060 -0.043345 0.000000
vn 0.989396 -0.145245 0.000000
vn 0.989396 -0.145245 0.000000
vn 0.977579 -0.210569 0.000000
vn 0.977579 -0.210569 0.000000
vn 0.997404 -0.072007 0.000000
vn 0.997404 -0.072007 0.000000
vn 0.991379 0.131025 -0.000000
vn 0.991379 0.131025 -0.000000
vn 0.955563 0.294789 -0.000000
vn 0.955563 0.294789 -0.000000
vn 0.919392 0.393342 -0.000000
vn 0.919392 0.393342 -0.000000
vn 0.903168 0.429287 -0.000000
vn 0.903168 0.429287 -0.000000
vn 0.920437 0.390892 -0.000000
vn 0.920437 0.390892 -0.000000
vn 0.986246 0.165285 -0.000000
vn 0.986246 0.165285 -0.000000
vn 0.999659 0.026131 -0.000000
vn 0.999659 0.026131 -0.000000
vn 0.998816 -0.048655 0.000000
vn 0.998816 -0.048655 0.000000
vn 0.995546 0.094277 -0.000000
vn 0.995546 0.094277 -0.000000
vn 0.959567 0.281481 -0.000000
vn 0.959567 0.281481 -0.000000
vn 0.890724 0.454544 -0.000000
vn 0.890724 0.454544 -0.000000
vn 0.878477 0.477785 -0.000000
vn 0.878477 0.477785 -0.000000
vn 0.903060 0.429514 -0.000000
vn 0.903060 0.429514 -0.000000
vn 0.889346 0.457235 -0.000000
vn 0.889346 0.457235 -0.000000
vn 0.920251 0.391329 -0.000000
vn 0.920251 0.391329 -0.000000
vn 0.968842 0.247681 -0.000000
vn 0.968842 0.247681 -0.000000
vn 0.998866 0.047620 -0.000000
vn 0.998866 0.047620 -0.000000
vn 0.995024 -0.099635 0.000000
vn 0.995024 -0.099635 0.000000
vn 0.947635 -0.319357 0.000000
vn 0.947635 -0.319357 0.000000
vn 0.894853 -0.446361 0.000000
vn 0.894853 -0.446361 0.000000
vn 0.815879 -0.578223 0.000000
vn 0.815879 -0.578223 0.000000
vn 0.721336 -0.692585 0.000000
vn 0.721336 -0.692585 0.000000
vn 0.630242 -0.776398 0.000000
vn 0.630242 -0.776398 0.000000
vn 0.630242 -0.776398 0.000000
vn 0.630242 -0.776398 0.000000
vn 0.630242 -0.776398 0.000000
vn 0.721336 -0.692585 0.000000
vn 0.721336 -0.692585 0.000000
vn 0.815879 -0.578223 0.000000
vn 0.815879 -0.578223 0.000000
vn 0.894853 -0.446361 0.000000
vn 0.894853 -0.446361 0.000000
vn 0.947635 -0.319357 0.000000
vn 0.947635 -0.319357 0.000000
vn 0.995024 -0.099635 0.000000
vn 0.995024 -0.099635 0.000000
vn 0.998866 0.047620 -0.000000
vn 0.998866 0.047620 -0.000000
vn 0.968842 0.247681 -0.000000
vn 0.968842 0.247681 -0.000000
vn 0.920251 0.391329 -0.000000
vn 0.920251 0.391329 -0.000000
vn 0.889346 0.457235 -0.000000
vn 0.889346 0.457235 -0.000000
vn 0.903060 0.429514 -0.000000
vn 0.903060 0.429514 -0.000000
vn 0.878477 0.477785 -0.000000
vn 0.878477 0.477785 -0.000000
vn 0.890724 0.454544 -0.000000
vn 0.890724 0.454544 -0.000000
vn 0.959567 0.281481 -0.000000
vn 0.959567 0.281481 -0.000000
vn 0.995546 0.094277 -0.000000
vn 0.995546 0.094277 -0.000000
vn 0.998816 -0.048655 0.000000
vn 0.998816 -0.048655 0.000000
vn 0.999659 0.026131 -0.000000
vn 0.999659 0.026131 -0.000000
vn 0.986246 0.165285 -0.000000
vn 0.986246 0.165285 -0.000000
vn 0.920437 0.390892 -0.000000
vn 0.920437 0.390892 -0.000000
vn 0.903168 0.429287 -0.000000
vn 0.903168 0.429287 -0.000000
vn 0.919392 0.393342 -0.000000
vn 0.919392 0.393342 -0.000000
vn 0.955563 0.294789 -0.000000
vn 0.955563 0.294789 -0.000000
vn 0.991379 0.131025 -0.000000
vn 0.991379 0.131025 -0.000000
vn 0.997404 -0.072007 0.000000
vn 0.997404 -0.072007 0.000000
vn 0.977579 -0.210569 0.000000
vn 0.977579 -0.210569 0.000000
vn 0.989396 -0.145245 0.000000
vn 0.989396 -0.145245 0.000000
vn 0.999060 -0.043345 0.000000
vn 0.999060 -0.043345 0.000000
vn 0.999971 -0.007582 0.000000
vn 0.999971 -0.007582 0.000000
vn 0.999268 0.038255 -0.000000
vn 0.999268 0.038255 -0.000000
vn 0.999083 -0.042819 0.000000
vn 0.999083 -0.042819 0.000000
vn 0.987122 -0.159970 0.000000
vn 0.987122 -0.159970 0.000000
vn 0.930408 -0.366525 0.000000
vn 0.930408 -0.366525 0.000000
vn 0.934105 -0.356999 0.000000
vn 0.934105 -0.356999 0.000000
vn 0.947216 -0.320596 0.000000
vn 0.947216 -0.320596 0.000000
vn 0.957576 -0.288182 0.000000
vn 0.957576 -0.288182 0.000000
vn 0.944449 -0.328659 0.000000
vn 0.944449 -0.328659 0.000000
vn 0.936874 -0.349667 0.000000
vn 0.936874 -0.349667 0.000000
vn 0.939405 -0.342808 0.000000
vn 0.939405 -0.342808 0.000000
vn 0.913701 -0.406386 0.000000
vn 0.913701 -0.406386 0.000000
vn 0.959241 -0.282590 0.000000
vn 0.959241 -0.282590 0.000000
vn 0.957963 -0.286892 0.000000
vn 0.957963 -0.286892 0.000000
vn 0.985488 -0.169744 0.000000
vn 0.985488 -0.169744 0.000000
vn 0.997743 -0.067154 0.000000
vn 0.997743 -0.067154 0.000000
vn 0.997192 -0.074885 0.000000
vn 0.997192 -0.074885 0.000000
vn 0.998447 0.055714 -0.000000
vn 0.998447 0.055714 -0.000000
vn 0.986025 0.166600 -0.000000
vn 0.986025 0.166600 -0.000000
vn 0.947837 0.318756 -0.000000
vn 0.947837 0.318756 -0.000000
vn 0.895848 0.444360 -0.000000
vn 0.895848 0.444360 -0.000000
vn 0.826984 0.562225 -0.000000
vn 0.826984 0.562225 -0.000000
vn 0.746102 0.665832 -0.000000
vn 0.746102 0.665832 -0.000000
vn 0.663202 0.748441 -0.000000
vn 0.663202 0.748441 -0.000000
vn 0.486057 0.873927 -0.000000
vn 0.486057 0.873927 -0.000000
vn 0.367887 0.929870 -0.000000
vn 0.367887 0.929870 -0.000000
vn 0.261296 0.965259 -0.000000
vn 0.261296 0.965259 -0.000000
vn 0.012979 0.999916 -0.000000
vn 0.012979 0.999916 -0.000000
vn 0.008684 0.999962 -0.000000
vn 0.008684 0.999962 -0.000000
vn -0.013570 0.999908 0.000000
vn -0.013570 0.999908 0.000000
vn -0.027371 0.999625 0.000000
vn -0.027371 0.999625 0.000000
vn 0.071369 0.997450 -0.000000
vn 0.071369 0.997450 -0.000000
vn 0.129286 0.991607 -0.000000
vn 0.129286 0.991607 -0.000000
vn 0.171847 0.985124 -0.000000
vn 0.171847 0.985124 -0.000000
vn 0.125955 0.992036 -0.000000
vn 0.125955 0.992036 -0.000000
vn 0.125955 0.992036 -0.000000
vn 0.125955 0.992036 -0.000000
vn 0.171847 0.985124 -0.000000
vn 0.171847 0.985124 -0.000000
vn 0.129286 0.991607 -0.000000
vn 0.125955 0.992036 -0.000000
vn 0.129286 0.991607 -0.000000
vn 0.071369 0.997450 -0.000000
vn 0.071369 0.997450 -0.000000
vn -0.027371 0.999625 0.000000
vn -0.027371 0.999625 0.000000
vn -0.013570 0.999908 0.000000
vn -0.013570 0.999908 0.000000
vn 0.008684 0.999962 -0.000000
vn 0.008684 0.999962 -0.000000
vn 0.012979 0.999916 -0.000000
vn 0.012979 0.999916 -0.000000
vn 0.261296 0.965259 -0.000000
vn 0.261296 0.965259 -0.000000
vn 0.367887 0.929870 -0.000000
vn 0.367887 0.929870 -0.000000
vn 0.486057 0.873927 -0.000000
vn 0.486057 0.873927 -0.000000
vn 0.663202 0.748441 -0.000000
vn 0.663202 0.748441 -0.000000
vn 0.746102 0.665832 -0.000000
vn 0.746102 0.665832 -0.000000
vn 0.826984 0.562225 -0.000000
vn 0.826984 0.562225 -0.000000
vn 0.895848 0.444360 -0.000000
vn 0.895848 0.444360 -0.000000
vn 0.947837 0.318756 -0.000000
vn 0.947837 0.318756 -0.000000
vn 0.986025 0.166600 -0.000000
vn 0.986025 0.166600 -0.000000
vn 0.998447 0.055714 -0.000000
vn 0.998447 0.055714 -0.000000
vn 0.997192 -0.074885 0.000000
vn 0.997192 -0.074885 0.000000
vn 0.997743 -0.067154 0.000000
vn 0.997743 -0.067154 0.000000
vn 0.985488 -0.169744 0.000000
vn 0.985488 -0.169744 0.000000
vn 0.957963 -0.286892 0.000000
vn 0.957963 -0.286892 0.000000
vn 0.959241 -0.282590 0.000000
vn 0.959241 -0.282590 0.000000
vn 0.913701 -0.406386 0.000000
vn 0.913701 -0.406386 0.000000
vn 0.939405 -0.342808 0.000000
vn 0.939405 -0.342808 0.000000
vn 0.936874 -0.349667 0.000000
vn 0.936874 -0.349667 0.000000
vn 0.944449 -0.328659 0.000000
vn 0.944449 -0.328659 0.000000
vn 0.957576 -0.288182 0.000000
vn 0.957576 -0.288182 0.000000
vn 0.947216 -0.320596 0.000000
vn 0.947216 -0.320596 0.000000
vn 0.934105 -0.356999 0.000000
vn 0.934105 -0.356999 0.000000
vn 0.930408 -0.366525 0.000000
vn 0.930408 -0.366525 0.000000
vn 0.987122 -0.159970 0.000000
vn 0.987122 -0.159970 0.000000
vn 0.999083 -0.042819 0.000000
vn 0.999083 -0.042819 0.000000
vn 0.999268 0.038255 -0.000000
vn 0.999268 0.038255 -0.000000
vn 0.999971 -0.007582 0.000000
vn 0.999971 -0.007582 0.000000
vn 0.999060 -0.043345 0.000000
vn 0.999060 -0.043345 0.000000
vn 0.989396 -0.145245 0.000000
vn 0.989396 -0.145245 0.000000
vn 0.977579 -0.210569 0.000000
vn 0.977579 -0.210569 0.000000
vn 0.997404 -0.072007 0.000000
vn 0.997404 -0.072007 0.000000
vn 0.991379 0.131025 -0.000000
vn 0.991379 0.131025 -0.000000
vn 0.955563 0.294789 -0.000000
vn 0.955563 0.294789 -0.000000
vn 0.919392 0.393342 -0.000000
vn 0.919392 0.393342 -0.000000
vn 0.903168 0.429287 -0.000000
vn 0.903168 0.429287 -0.000000
vn 0.920437 0.390892 -0.000000
vn 0.920437 0.390892 -0.000000
vn 0.986246 0.165285 -0.000000
vn 0.986246 0.165285 -0.000000
vn 0.999659 0.026131 -0.000000
vn 0.999659 0.026131 -0.000000
vn 0.998816 -0.048655 0.000000
vn 0.998816 -0.048655 0.000000
vn 0.995546 0.094277 -0.000000
vn 0.995546 0.094277 -0.000000
vn 0.959567 0.281481 -0.000000
vn 0.959567 0.281481 -0.000000
vn 0.890724 0.454544 -0.000000
vn 0.890724 0.454544 -0.000000
vn 0.878477 0.477785 -0.000000
vn 0.878477 0.477785 -0.000000
vn 0.903060 0.429514 -0.000000
vn 0.903060 0.429514 -0.000000
vn 0.889346 0.457235 -0.000000
vn 0.889346 0.457235 -0.000000
vn 0.920251 0.391329 -0.000000
vn 0.920251 0.391329 -0.000000
vn 0.968842 0.247681 -0.000000
vn 0.968842 0.247681 -0.000000
vn 0.998866 0.047620 -0.000000
vn 0.998866 0.047620 -0.000000
vn 0.995024 -0.099635 0.000000
vn 0.995024 -0.099635 0.000000
vn 0.947635 -0.319357 0.000000
vn 0.947635 -0.319357 0.000000
vn 0.894853 -0.446361 0.000000
vn 0.894853 -0.446361 0.000000
vn 0.815879 -0.578223 0.000000
vn 0.815879 -0.578223 0.000000
vn 0.721336 -0.692585 0.000000
vn 0.721336 -0.692585 0.000000
vn 0.630242 -0.776398 0.000000
vn 0.630242 -0.776398 0.000000
vn 0.630242 -0.776398 0.000000
vn 0.630242 -0.776398 0.000000
vn 0.721336 -0.692585 0.000000
vn 0.815879 -0.578223 0.000000
vn 0.894853 -0.446361 0.000000
vn 0.947635 -0.319357 0.000000
vn 0.995024 -0.099635 0.000000
vn 0.998866 0.047620 -0.000000
vn 0.968842 0.247681 -0.000000
vn 0.920251 0.391329 -0.000000
vn 0.889346 0.457235 -0.000000
vn 0.903060 0.429514 -0.000000
vn 0.878477 0.477785 -0.000000
vn 0.890724 0.454544 -0.000000
vn 0.959567 0.281481 -0.000000
vn 0.995546 0.094277 -0.000000
vn 0.998816 -0.048655 0.000000
vn 0.999659 0.026131 -0.000000
vn 0.986246 0.165285 -0.000000
vn 0.920437 0.390892 -0.000000
vn 0.903168 0.429287 -0.000000
vn 0.919392 0.393342 -0.000000
vn 0.955563 0.294789 -0.000000
vn 0.991379 0.131025 -0.000000
vn 0.997404 -0.072007 0.000000
vn 0.977579 -0.210569 0.000000
vn 0.989396 -0.145245 0.000000
vn 0.999060 -0.043345 0.000000
vn 0.999971 -0.007582 0.000000
vn 0.999268 0.038255 -0.000000
vn 0.999083 -0.042819 0.000000
vn 0.987122 -0.159970 0.000000
vn 0.930408 -0.366525 0.000000
vn 0.934105 -0.356999 0.000000
vn 0.947216 -0.320596 0.000000
vn 0.957576 -0.288182 0.000000
vn 0.944449 -0.328659 0.000000
vn 0.936874 -0.349667 0.000000
vn 0.939405 -0.342808 0.000000
vn 0.913701 -0.406386 0.000000
vn 0.959241 -0.282590 0.000000
vn 0.957963 -0.286892 0.000000
vn 0.985488 -0.169744 0.000000
vn 0.997743 -0.067154 0.000000
vn 0.997192 -0.074885 0.000000
vn 0.998447 0.055714 -0.000000
vn 0.986025 0.166600 -0.000000
vn 0.947837 0.318756 -0.000000
vn 0.895848 0.444360 -0.000000
vn 0.826984 0.562225 -0.000000
vn 0.746102 0.665832 -0.000000
vn 0.663202 0.748441 -0.000000
vn 0.486057 0.873927 -0.000000
vn 0.367887 0.929870 -0.000000
vn 0.261296 0.965259 -0.000000
vn 0.012979 0.999916 -0.000000
vn 0.008684 0.999962 -0.000000
vn -0.013570 0.999908 0.000000
vn -0.027371 0.999625 0.000000
vn 0.071369 0.997450 -0.000000
vn 0.129286 0.991607 -0.000000
vn 0.171847 0.985124 -0.000000
vn 0.738982 -0.673725 0.000000
vn 0.738982 -0.673725 0.000000
vn 0.738982 -0.673725 0.000000
vn 0.738982 -0.673725 0.000000
vn 0.738982 -0.673725 0.000000
vn 0.738982 -0.673725 0.000000
vn 0.738982 -0.673725 0.000000
vn 0.616797 -0.787123 0.000000
vn 0.616797 -0.787123 0.000000
vn 0.468249 -0.883597 0.000000
vn 0.468249 -0.883597 0.000000
vn 0.311130 -0.950367 0.000000
vn 0.311130 -0.950367 0.000000
vn 0.164959 -0.986300 0.000000
vn 0.164959 -0.986300 0.000000
vn -0.070358 -0.997522 0.000000
vn -0.070358 -0.997522 0.000000
vn -0.277039 -0.960859 0.000000
vn -0.277039 -0.960859 0.000000
vn -0.442756 -0.896642 0.000000
vn -0.442756 -0.896642 0.000000
vn -0.540678 -0.841229 0.000000
vn -0.540678 -0.841229 0.000000
vn -0.567106 -0.823645 0.000000
vn -0.567106 -0.823645 0.000000
vn -0.508365 -0.861142 0.000000
vn -0.508365 -0.861142 0.000000
vn -0.452373 -0.891829 0.000000
vn -0.452373 -0.891829 0.000000
vn -0.453317 -0.891349 0.000000
vn -0.453317 -0.891349 0.000000
vn -0.367651 -0.929964 0.000000
vn -0.367651 -0.929964 0.000000
vn -0.193768 -0.981047 0.000000
vn -0.193768 -0.981047 0.000000
vn 0.010618 -0.999944 0.000000
vn 0.010618 -0.999944 0.000000
vn 0.228250 -0.973603 0.000000
vn 0.228250 -0.973603 0.000000
vn 0.414475 -0.910061 0.000000
vn 0.414475 -0.910061 0.000000
vn 0.517161 -0.855888 0.000000
vn 0.517161 -0.855888 0.000000
vn 0.574430 -0.818554 0.000000
vn 0.574430 -0.818554 0.000000
vn 0.520667 -0.853760 0.000000
vn 0.520667 -0.853760 0.000000
vn 0.426733 -0.904378 0.000000
vn 0.426733 -0.904378 0.000000
vn 0.449827 -0.893116 0.000000
vn 0.449827 -0.893116 0.000000
vn 0.562976 -0.826473 0.000000
vn 0.562976 -0.826473 0.000000
vn 0.676617 -0.736335 0.000000
vn 0.676617 -0.736335 0.000000
vn 0.838374 -0.545096 0.000000
vn 0.838374 -0.545096 0.000000
vn 0.932623 -0.360851 0.000000
vn 0.932623 -0.360851 0.000000
vn 0.981278 -0.192599 0.000000
vn 0.981278 -0.192599 0.000000
vn 0.994946 -0.100408 0.000000
vn 0.994946 -0.100408 0.000000
vn 0.974865 -0.222796 0.000000
vn 0.974865 -0.222796 0.000000
vn 0.918908 -0.394471 0.000000
vn 0.918908 -0.394471 0.000000
vn 0.863740 -0.503938 0.000000
vn 0.863740 -0.503938 0.000000
vn 0.755531 -0.655113 0.000000
vn 0.755531 -0.655113 0.000000
vn 0.661331 -0.750095 0.000000
vn 0.661331 -0.750095 0.000000
vn 0.527918 -0.849295 0.000000
vn 0.527918 -0.849295 0.000000
vn 0.336562 -0.941661 0.000000
vn 0.336562 -0.941661 0.000000
vn 0.212883 -0.977078 0.000000
vn 0.212883 -0.977078 0.000000
vn 0.068835 -0.997628 0.000000
vn 0.068835 -0.997628 0.000000
vn -0.075651 -0.997134 0.000000
vn -0.075651 -0.997134 0.000000
vn -0.215638 -0.976473 0.000000
vn -0.215638 -0.976473 0.000000
vn -0.451349 -0.892348 0.000000
vn -0.451349 -0.892348 0.000000
vn -0.610187 -0.792258 0.000000
vn -0.610187 -0.792258 0.000000
vn -0.710976 -0.703216 0.000000
vn -0.710976 -0.703216 0.000000
vn -0.843861 -0.536561 0.000000
vn -0.843861 -0.536561 0.000000
vn -0.862665 -0.505775 0.000000
vn -0.862665 -0.505775 0.000000
vn -0.960158 -0.279457 0.000000
vn -0.960158 -0.279457 0.000000
vn -0.963207 -0.268761 0.000000
vn -0.963207 -0.268761 0.000000
vn -0.945629 -0.325248 0.000000
vn -0.945629 -0.325248 0.000000
vn -0.927876 -0.372890 0.000000
vn -0.927876 -0.372890 0.000000
vn -0.915839 -0.401547 0.000000
vn -0.915839 -0.401547 0.000000
vn -0.891960 -0.452113 0.000000
vn -0.891960 -0.452113 0.000000
vn -0.911316 -0.411707 0.000000
vn -0.911316 -0.411707 0.000000
vn -0.967597 -0.252501 0.000000
vn -0.967597 -0.252501 0.000000
vn -0.993799 -0.111190 0.000000
vn -0.993799 -0.111190 0.000000
vn -0.999916 -0.012977 0.000000
vn -0.999916 -0.012977 0.000000
vn -0.983798 0.179281 0.000000
vn -0.983798 0.179281 0.000000
vn -0.928340 0.371732 0.000000
vn -0.928340 0.371732 0.000000
vn -0.963534 0.267586 0.000000
vn -0.963534 0.267586 0.000000
vn -0.996089 0.088355 0.000000
vn -0.996089 0.088355 0.000000
vn -0.994514 -0.104605 0.000000
vn -0.994514 -0.104605 0.000000
vn -0.958254 -0.285918 0.000000
vn -0.958254 -0.285918 0.000000
vn -0.892341 -0.451362 0.000000
vn -0.892341 -0.451362 0.000000
vn -0.802047 -0.597261 0.000000
vn -0.802047 -0.597261 0.000000
vn -0.847860 -0.530220 0.000000
vn -0.847860 -0.530220 0.000000
vn -0.940917 -0.338637 0.000000
vn -0.940917 -0.338637 0.000000
vn -0.988013 -0.154371 0.000000
vn -0.988013 -0.154371 0.000000
vn -0.998933 -0.046187 0.000000
vn -0.998933 -0.046187 0.000000
vn -0.999804 0.019789 0.000000
vn -0.999804 0.019789 0.000000
vn -0.998545 -0.053926 0.000000
vn -0.998545 -0.053926 0.000000
vn -0.984444 -0.175701 0.000000
vn -0.984444 -0.175701 0.000000
vn -0.945666 -0.325139 0.000000
vn -0.945666 -0.325139 0.000000
vn -0.897217 -0.441589 0.000000
vn -0.897217 -0.441589 0.000000
vn -0.809581 -0.587009 0.000000
vn -0.809581 -0.587009 0.000000
vn -0.764818 -0.644246 0.000000
vn -0.764818 -0.644246 0.000000
vn -0.881042 -0.473038 0.000000
vn -0.881042 -0.473038 0.000000
vn -0.939709 -0.341976 0.000000
vn -0.939709 -0.341976 0.000000
vn -0.926088 -0.377308 0.000000
vn -0.926088 -0.377308 0.000000
vn -0.910151 -0.414277 0.000000
vn -0.910151 -0.414277 0.000000
vn -0.927462 -0.373918 0.000000
vn -0.927462 -0.373918 0.000000
vn -0.963838 -0.266489 0.000000
vn -0.963838 -0.266489 0.000000
vn -0.990905 -0.134566 0.000000
vn -0.990905 -0.134566 0.000000
vn -0.987228 -0.159313 0.000000
vn -0.987228 -0.159313 0.000000
vn -0.996596 -0.082446 0.000000
vn -0.996596 -0.082446 0.000000
vn -0.995679 0.092858 0.000000
vn -0.995679 0.092858 0.000000
vn -0.956574 0.291489 0.000000
vn -0.956574 0.291489 0.000000
vn -0.934574 0.355770 0.000000
vn -0.934574 0.355770 0.000000
vn -0.929255 0.369440 0.000000
vn -0.929255 0.369440 0.000000
vn -0.967057 0.254560 0.000000
vn -0.967057 0.254560 0.000000
vn -0.991934 0.126752 0.000000
vn -0.991934 0.126752 0.000000
vn -0.997104 -0.076049 0.000000
vn -0.997104 -0.076049 0.000000
vn -0.966110 -0.258132 0.000000
vn -0.949209 -0.314646 0.000000
vn -0.927198 -0.374572 0.000000
vn -0.883220 -0.468958 0.000000
vn -0.865411 -0.501063 0.000000
vn -0.778094 -0.628148 0.000000
vn -0.778094 -0.628148 0.000000
vn -0.667087 -0.744980 0.000000
vn -0.629530 -0.776976 0.000000
vn -0.515393 -0.856954 0.000000
vn -0.440423 -0.897790 0.000000
vn -0.367817 -0.929898 0.000000
vn -0.264502 -0.964385 0.000000
vn -0.231578 -0.972816 0.000000
vn -0.106027 -0.994363 0.000000
vn -0.106027 -0.994363 0.000000
vn 0.077805 -0.996969 0.000000
vn 0.131048 -0.991376 0.000000
vn 0.190520 -0.981683 0.000000
vn 0.372972 -0.927843 0.000000
vn 0.372972 -0.927843 0.000000
vn 0.582805 -0.812612 0.000000
vn 0.582805 -0.812612 0.000000
vn 0.711418 -0.702769 0.000000
vn 0.711418 -0.702769 0.000000
vn 0.839032 -0.544082 0.000000
vn 0.839032 -0.544082 0.000000
vn 0.933714 -0.358020 0.000000
vn 0.616797 -0.787123 0.000000
vn 0.616797 -0.787123 0.000000
vn 0.616797 -0.787123 0.000000
vn 0.468249 -0.883597 0.000000
vn 0.468249 -0.883597 0.000000
vn 0.468249 -0.883597 0.000000
vn 0.311130 -0.950367 0.000000
vn 0.311130 -0.950367 0.000000
vn 0.311130 -0.950367 0.000000
vn 0.164959 -0.986300 0.000000
vn 0.164959 -0.986300 0.000000
vn 0.164959 -0.986300 0.000000
vn -0.070358 -0.997522 0.000000
vn -0.070358 -0.997522 0.000000
vn -0.070358 -0.997522 0.000000
vn -0.277039 -0.960859 0.000000
vn -0.277039 -0.960859 0.000000
vn -0.277039 -0.960859 0.000000
vn -0.442756 -0.896642 0.000000
vn -0.442756 -0.896642 0.000000
vn -0.442756 -0.896642 0.000000
vn -0.540678 -0.841229 0.000000
vn -0.540678 -0.841229 0.000000
vn -0.540678 -0.841229 0.000000
vn -0.567106 -0.823645 0.000000
vn -0.567106 -0.823645 0.000000
vn -0.567106 -0.823645 0.000000
vn -0.508365 -0.861142 0.000000
vn -0.508365 -0.861142 0.000000
vn -0.508365 -0.861142 0.000000
vn -0.452373 -0.891829 0.000000
vn -0.452373 -0.891829 0.000000
vn -0.452373 -0.891829 0.000000
vn -0.453317 -0.891349 0.000000
vn -0.453317 -0.891349 0.000000
vn -0.453317 -0.891349 0.000000
vn -0.367651 -0.929964 0.000000
vn -0.367651 -0.929964 0.000000
vn -0.367651 -0.929964 0.000000
vn -0.193768 -0.981047 0.000000
vn -0.193768 -0.981047 0.000000
vn -0.193768 -0.981047 0.000000
vn 0.010618 -0.999944 0.000000
vn 0.010618 -0.999944 0.000000
vn 0.010618 -0.999944 0.000000
vn 0.228250 -0.973603 0.000000
vn 0.228250 -0.973603 0.000000
vn 0.228250 -0.973603 0.000000
vn 0.414475 -0.910061 0.000000
vn 0.414475 -0.910061 0.000000
vn 0.414475 -0.910061 0.000000
vn 0.517161 -0.855888 0.000000
vn 0.517161 -0.855888 0.000000
vn 0.517161 -0.855888 0.000000
vn 0.574430 -0.818554 0.000000
vn 0.574430 -0.818554 0.000000
vn 0.574430 -0.818554 0.000000
vn 0.520667 -0.853760 0.000000
vn 0.520667 -0.853760 0.000000
vn 0.520667 -0.853760 0.000000
vn 0.426733 -0.904378 0.000000
vn 0.426733 -0.904378 0.000000
vn 0.426733 -0.904378 0.000000
vn 0.449827 -0.893116 0.000000
vn 0.449827 -0.893116 0.000000
vn 0.449827 -0.893116 0.000000
vn 0.562976 -0.826473 0.000000
vn 0.562976 -0.826473 0.000000
vn 0.562976 -0.826473 0.000000
vn 0.676617 -0.736335 0.000000
vn 0.676617 -0.736335 0.000000
vn 0.676617 -0.736335 0.000000
vn 0.838374 -0.545096 0.000000
vn 0.838374 -0.545096 0.000000
vn 0.838374 -0.545096 0.000000
vn 0.932623 -0.360851 0.000000
vn 0.932623 -0.360851 0.000000
vn 0.932623 -0.360851 0.000000
vn 0.981278 -0.192599 0.000000
vn 0.981278 -0.192599 0.000000
vn 0.981278 -0.192599 0.000000
vn 0.994946 -0.100408 0.000000
vn 0.994946 -0.100408 0.000000
vn 0.994946 -0.100408 0.000000
vn 0.974865 -0.222796 0.000000
vn 0.974865 -0.222796 0.000000
vn 0.974865 -0.222796 0.000000
vn 0.918908 -0.394471 0.000000
vn 0.918908 -0.394471 0.000000
vn 0.918908 -0.394471 0.000000
vn 0.863740 -0.503938 0.000000
vn 0.863740 -0.503938 0.000000
vn 0.863740 -0.503938 0.000000
vn 0.755531 -0.655113 0.000000
vn 0.755531 -0.655113 0.000000
vn 0.755531 -0.655113 0.000000
vn 0.661331 -0.750095 0.000000
vn 0.661331 -0.750095 0.000000
vn 0.661331 -0.750095 0.000000
vn 0.527918 -0.849295 0.000000
vn 0.527918 -0.849295 0.000000
vn 0.527918 -0.849295 0.000000
vn 0.336562 -0.941661 0.000000
vn 0.336562 -0.941661 0.000000
vn 0.336562 -0.941661 0.000000
vn 0.212883 -0.977078 0.000000
vn 0.212883 -0.977078 0.000000
vn 0.212883 -0.977078 0.000000
vn 0.068835 -0.997628 0.000000
vn 0.068835 -0.997628 0.000000
vn 0.068835 -0.997628 0.000000
vn -0.075651 -0.997134 0.000000
vn -0.075651 -0.997134 0.000000
vn -0.075651 -0.997134 0.000000
vn -0.215638 -0.976473 0.000000
vn -0.215638 -0.976473 0.000000
vn -0.215638 -0.976473 0.000000
vn -0.451349 -0.892348 0.000000
vn -0.451349 -0.892348 0.000000
vn -0.451349 -0.892348 0.000000
vn -0.610187 -0.792258 0.000000
vn -0.610187 -0.792258 0.000000
vn -0.610187 -0.792258 0.000000
vn -0.710976 -0.703216 0.000000
vn -0.710976 -0.703216 0.000000
vn -0.710976 -0.703216 0.000000
vn -0.843861 -0.536561 0.000000
vn -0.843861 -0.536561 0.000000
vn -0.843861 -0.536561 0.000000
vn -0.862665 -0.505775 0.000000
vn -0.862665 -0.505775 0.000000
vn -0.862665 -0.505775 0.000000
vn -0.960158 -0.279457 0.000000
vn -0.960158 -0.279457 0.000000
vn -0.960158 -0.279457 0.000000
vn -0.963207 -0.268761 0.000000
vn -0.963207 -0.268761 0.000000
vn -0.963207 -0.268761 0.000000
vn -0.945629 -0.325248 0.000000
vn -0.945629 -0.325248 0.000000
vn -0.945629 -0.325248 0.000000
vn -0.927876 -0.372890 0.000000
vn -0.927876 -0.372890 0.000000
vn -0.927876 -0.372890 0.000000
vn -0.915839 -0.401547 0.000000
vn -0.915839 -0.401547 0.000000
vn -0.915839 -0.401547 0.000000
vn -0.891960 -0.452113 0.000000
vn -0.891960 -0.452113 0.000000
vn -0.891960 -0.452113 0.000000
vn -0.911316 -0.411707 0.000000
vn -0.911316 -0.411707 0.000000
vn -0.911316 -0.411707 0.000000
vn -0.967597 -0.252501 0.000000
vn -0.967597 -0.252501 0.000000
vn -0.967597 -0.252501 0.000000
vn -0.993799 -0.111190 0.000000
vn -0.993799 -0.111190 0.000000
vn -0.993799 -0.111190 0.000000
vn -0.999916 -0.012977 0.000000
vn -0.999916 -0.012977 0.000000
vn -0.999916 -0.012977 0.000000
vn -0.983798 0.179281 0.000000
vn -0.983798 0.179281 0.000000
vn -0.983798 0.179281 0.000000
vn -0.928340 0.371732 0.000000
vn -0.928340 0.371732 0.000000
vn -0.928340 0.371732 0.000000
vn -0.963534 0.267586 0.000000
vn -0.963534 0.267586 0.000000
vn -0.963534 0.267586 0.000000
vn -0.996089 0.088355 0.000000
vn -0.996089 0.088355 0.000000
vn -0.996089 0.088355 0.000000
vn -0.994514 -0.104605 0.000000
vn -0.994514 -0.104605 0.000000
vn -0.994514 -0.104605 0.000000
vn -0.958254 -0.285918 0.000000
vn -0.958254 -0.285918 0.000000
vn -0.958254 -0.285918 0.000000
vn -0.892341 -0.451362 0.000000
vn -0.892341 -0.451362 0.000000
vn -0.892341 -0.451362 0.000000
vn -0.802047 -0.597261 0.000000
vn -0.802047 -0.597261 0.000000
vn -0.802047 -0.597261 0.000000
vn -0.847860 -0.530220 0.000000
vn -0.847860 -0.530220 0.000000
vn -0.847860 -0.530220 0.000000
vn -0.940917 -0.338637 0.000000
vn -0.940917 -0.338637 0.000000
vn -0.940917 -0.338637 0.000000
vn -0.988013 -0.154371 0.000000
vn -0.988013 -0.154371 0.000000
vn -0.988013 -0.154371 0.000000
vn -0.998933 -0.046187 0.000000
vn -0.998933 -0.046187 0.000000
vn -0.998933 -0.046187 0.000000
vn -0.999804 0.019789 0.000000
vn -0.999804 0.019789 0.000000
vn -0.999804 0.019789 0.000000
vn -0.998545 -0.053926 0.000000
vn -0.998545 -0.053926 0.000000
vn -0.998545 -0.053926 0.000000
vn -0.984444 -0.175701 0.000000
vn -0.984444 -0.175701 0.000000
vn -0.984444 -0.175701 0.000000
vn -0.945666 -0.325139 0.000000
vn -0.945666 -0.325139 0.000000
vn -0.945666 -0.325139 0.000000
vn -0.897217 -0.441589 0.000000
vn -0.897217 -0.441589 0.000000
vn -0.897217 -0.441589 0.000000
vn -0.809581 -0.587009 0.000000
vn -0.809581 -0.587009 0.000000
vn -0.809581 -0.587009 0.000000
vn -0.764818 -0.644246 0.000000
vn -0.764818 -0.644246 0.000000
vn -0.764818 -0.644246 0.000000
vn -0.881042 -0.473038 0.000000
vn -0.881042 -0.473038 0.000000
vn -0.881042 -0.473038 0.000000
vn -0.939709 -0.341976 0.000000
vn -0.939709 -0.341976 0.000000
vn -0.939709 -0.341976 0.000000
vn -0.926088 -0.377308 0.000000
vn -0.926088 -0.377308 0.000000
vn -0.926088 -0.377308 0.000000
vn -0.910151 -0.414277 0.000000
vn -0.910151 -0.414277 0.000000
vn -0.910151 -0.414277 0.000000
vn -0.927462 -0.373918 0.000000
vn -0.927462 -0.373918 0.000000
vn -0.927462 -0.373918 0.000000
vn -0.963838 -0.266489 0.000000
vn -0.963838 -0.266489 0.000000
vn -0.963838 -0.266489 0.000000
vn -0.990905 -0.134566 0.000000
vn -0.990905 -0.134566 0.000000
vn -0.990905 -0.134566 0.000000
vn -0.987228 -0.159313 0.000000
vn -0.987228 -0.159313 0.000000
vn -0.987228 -0.159313 0.000000
vn -0.996596 -0.082446 0.000000
vn -0.996596 -0.082446 0.000000
vn -0.996596 -0.082446 0.000000
vn -0.995679 0.092858 0.000000
vn -0.995679 0.092858 0.000000
vn -0.995679 0.092858 0.000000
vn -0.956574 0.291489 0.000000
vn -0.956574 0.291489 0.000000
vn -0.956574 0.291489 0.000000
vn -0.934574 0.355770 0.000000
vn -0.934574 0.355770 0.000000
vn -0.934574 0.355770 0.000000
vn -0.929255 0.369440 0.000000
vn -0.929255 0.369440 0.000000
vn -0.929255 0.369440 0.000000
vn -0.967057 0.254560 0.000000
vn -0.967057 0.254560 0.000000
vn -0.967057 0.254560 0.000000
vn -0.991934 0.126752 0.000000
vn -0.991934 0.126752 0.000000
vn -0.991934 0.126752 0.000000
vn -0.997104 -0.076049 0.000000
vn -0.997104 -0.076049 0.000000
vn -0.997104 -0.076049 0.000000
vn -0.966110 -0.258132 0.000000
vn -0.949209 -0.314646 0.000000
vn -0.949209 -0.314646 0.000000
vn -0.927198 -0.374572 0.000000
vn -0.883220 -0.468958 0.000000
vn -0.883220 -0.468958 0.000000
vn -0.865411 -0.501063 0.000000
vn -0.778094 -0.628148 0.000000
vn -0.778094 -0.628148 0.000000
vn -0.778094 -0.628148 0.000000
vn -0.667087 -0.744980 0.000000
vn -0.629530 -0.776976 0.000000
vn -0.515393 -0.856954 0.000000
vn -0.440423 -0.897790 0.000000
vn -0.367817 -0.929898 0.000000
vn -0.264502 -0.964385 0.000000
vn -0.231578 -0.972816 0.000000
vn -0.106027 -0.994363 0.000000
vn -0.106027 -0.994363 0.000000
vn 0.077805 -0.996969 0.000000
vn 0.131048 -0.991376 0.000000
vn 0.190520 -0.981683 0.000000
vn 0.372972 -0.927843 0.000000
vn 0.372972 -0.927843 0.000000
vn 0.582805 -0.812612 0.000000
vn 0.582805 -0.812612 0.000000
vn 0.711418 -0.702769 0.000000
vn 0.933714 -0.358020 0.000000
vn 0.976467 -0.215665 0.000000
vn 0.976467 -0.215665 0.000000
vn 0.993426 -0.114478 0.000000
vn 0.993426 -0.114478 0.000000
vn 0.998723 -0.050520 0.000000
vn 0.998723 -0.050520 0.000000
vn 0.999956 0.009352 -0.000000
vn 0.999956 0.009352 -0.000000
vn 0.996922 0.078404 -0.000000
vn 0.996922 0.078404 -0.000000
vn 0.998624 0.052439 -0.000000
vn 0.998624 0.052439 -0.000000
vn 0.999451 -0.033144 0.000000
vn 0.999451 -0.033144 0.000000
vn 0.986362 -0.164590 0.000000
vn 0.986362 -0.164590 0.000000
vn 0.956923 -0.290343 0.000000
vn 0.956923 -0.290343 0.000000
vn 0.909657 -0.415360 0.000000
vn 0.909657 -0.415360 0.000000
vn 0.841697 -0.539950 0.000000
vn 0.841697 -0.539950 0.000000
vn 0.701892 -0.712283 0.000000
vn 0.701892 -0.712283 0.000000
vn 0.521990 -0.852952 0.000000
vn 0.521990 -0.852952 0.000000
vn 0.326567 -0.945174 0.000000
vn 0.326567 -0.945174 0.000000
vn 0.201587 -0.979471 0.000000
vn 0.201587 -0.979471 0.000000
vn 0.060474 -0.998170 0.000000
vn 0.060474 -0.998170 0.000000
vn -0.095048 -0.995473 0.000000
vn -0.095048 -0.995473 0.000000
vn -0.260167 -0.965564 0.000000
vn -0.260167 -0.965564 0.000000
vn -0.423423 -0.905932 0.000000
vn -0.423423 -0.905932 0.000000
vn -0.568982 -0.822350 0.000000
vn -0.568982 -0.822350 0.000000
vn -0.696035 -0.718008 0.000000
vn -0.696035 -0.718008 0.000000
vn -0.802642 -0.596462 0.000000
vn -0.802642 -0.596462 0.000000
vn -0.887758 -0.460311 0.000000
vn -0.887758 -0.460311 0.000000
vn -0.950270 -0.311428 0.000000
vn -0.950270 -0.311428 0.000000
vn -0.988208 -0.153115 0.000000
vn -0.988208 -0.153115 0.000000
vn -0.999988 -0.004982 0.000000
vn -0.999988 -0.004982 0.000000
vn -0.972047 0.234788 0.000000
vn -0.972047 0.234788 0.000000
vn -0.914140 0.405400 0.000000
vn -0.914140 0.405400 0.000000
vn -0.849742 0.527198 0.000000
vn -0.849742 0.527198 0.000000
vn -0.780275 0.625437 0.000000
vn -0.780275 0.625437 0.000000
vn -0.873054 0.487624 0.000000
vn -0.873054 0.487624 0.000000
vn -0.951881 0.306469 0.000000
vn -0.951881 0.306469 0.000000
vn -0.989346 0.145581 0.000000
vn -0.989346 0.145581 0.000000
vn -0.999527 0.030745 0.000000
vn -0.999527 0.030745 0.000000
vn -0.997203 -0.074737 0.000000
vn -0.997203 -0.074737 0.000000
vn -0.992690 -0.120689 0.000000
vn -0.992690 -0.120689 0.000000
vn -0.990272 -0.139142 0.000000
vn -0.990272 -0.139142 0.000000
vn -0.994397 -0.105713 0.000000
vn -0.994397 -0.105713 0.000000
vn -0.999201 0.039978 0.000000
vn -0.999201 0.039978 0.000000
vn -0.979295 0.202439 0.000000
vn -0.979295 0.202439 0.000000
vn -0.934327 0.356416 0.000000
vn -0.934327 0.356416 0.000000
vn -0.903994 0.427545 0.000000
vn -0.903994 0.427545 0.000000
vn -0.871903 0.489679 0.000000
vn -0.871903 0.489679 0.000000
vn -0.715854 0.698250 0.000000
vn -0.715854 0.698250 0.000000
vn -0.613945 0.789349 0.000000
vn -0.613945 0.789349 0.000000
vn -0.539831 0.841774 0.000000
vn -0.539831 0.841774 0.000000
vn -0.466622 0.884457 0.000000
vn -0.466622 0.884457 0.000000
vn -0.359265 0.933236 0.000000
vn -0.359265 0.933236 0.000000
vn -0.189237 0.981931 0.000000
vn -0.189237 0.981931 0.000000
vn 0.008183 0.999967 -0.000000
vn 0.008183 0.999967 -0.000000
vn 0.085926 0.996302 -0.000000
vn 0.008183 0.999967 -0.000000
vn 0.085926 0.996302 -0.000000
vn 0.008183 0.999967 -0.000000
vn 0.008183 0.999967 -0.000000
vn -0.189237 0.981931 0.000000
vn 0.085926 0.996302 -0.000000
vn 0.085926 0.996302 -0.000000
vn -0.189237 0.981931 0.000000
vn -0.359265 0.933236 0.000000
vn -0.359265 0.933236 0.000000
vn -0.466622 0.884457 0.000000
vn -0.466622 0.884457 0.000000
vn -0.539831 0.841774 0.000000
vn -0.539831 0.841774 0.000000
vn -0.613945 0.789349 0.000000
vn -0.613945 0.789349 0.000000
vn -0.715854 0.698250 0.000000
vn -0.715854 0.698250 0.000000
vn -0.871903 0.489679 0.000000
vn -0.871903 0.489679 0.000000
vn -0.903994 0.427545 0.000000
vn -0.903994 0.427545 0.000000
vn -0.934327 0.356416 0.000000
vn -0.934327 0.356416 0.000000
vn -0.979295 0.202439 0.000000
vn -0.979295 0.202439 0.000000
vn -0.999201 0.039978 0.000000
vn -0.999201 0.039978 0.000000
vn -0.994397 -0.105713 0.000000
vn -0.994397 -0.105713 0.000000
vn -0.990272 -0.139142 0.000000
vn -0.990272 -0.139142 0.000000
vn -0.992690 -0.120689 0.000000
vn -0.992690 -0.120689 0.000000
vn -0.997203 -0.074737 0.000000
vn -0.997203 -0.074737 0.000000
vn -0.999527 0.030745 0.000000
vn -0.999527 0.030745 0.000000
vn -0.989346 0.145581 0.000000
vn -0.989346 0.145581 0.000000
vn -0.951881 0.306469 0.000000
vn -0.951881 0.306469 0.000000
vn -0.873054 0.487624 0.000000
vn -0.873054 0.487624 0.000000
vn -0.780275 0.625437 0.000000
vn -0.780275 0.625437 0.000000
vn -0.849742 0.527198 0.000000
vn -0.849742 0.527198 0.000000
vn -0.914140 0.405400 0.000000
vn -0.914140 0.405400 0.000000
vn -0.972047 0.234788 0.000000
vn -0.972047 0.234788 0.000000
vn -0.999988 -0.004982 0.000000
vn -0.999988 -0.004982 0.000000
vn -0.988208 -0.153115 0.000000
vn -0.988208 -0.153115 0.000000
vn -0.950270 -0.311428 0.000000
vn -0.950270 -0.311428 0.000000
vn -0.887758 -0.460311 0.000000
vn -0.887758 -0.460311 0.000000
vn -0.802642 -0.596462 0.000000
vn -0.802642 -0.596462 0.000000
vn -0.696035 -0.718008 0.000000
vn -0.696035 -0.718008 0.000000
vn -0.568982 -0.822350 0.000000
vn -0.568982 -0.822350 0.000000
vn -0.423423 -0.905932 0.000000
vn -0.423423 -0.905932 0.000000
vn -0.260167 -0.965564 0.000000
vn -0.260167 -0.965564 0.000000
vn -0.095048 -0.995473 0.000000
vn -0.095048 -0.995473 0.000000
vn 0.060474 -0.998170 0.000000
vn 0.060474 -0.998170 0.000000
vn 0.201587 -0.979471 0.000000
vn 0.201587 -0.979471 0.000000
vn 0.326567 -0.945174 0.000000
vn 0.326567 -0.945174 0.000000
vn 0.521990 -0.852952 0.000000
vn 0.521990 -0.852952 0.000000
vn 0.701892 -0.712283 0.000000
vn 0.701892 -0.712283 0.000000
vn 0.841697 -0.539950 0.000000
vn 0.841697 -0.539950 0.000000
vn 0.909657 -0.415360 0.000000
vn 0.909657 -0.415360 0.000000
vn 0.956923 -0.290343 0.000000
vn 0.956923 -0.290343 0.000000
vn 0.986362 -0.164590 0.000000
vn 0.986362 -0.164590 0.000000
vn 0.999451 -0.033144 0.000000
vn 0.999451 -0.033144 0.000000
vn 0.998624 0.052439 -0.000000
vn 0.998624 0.052439 -0.000000
vn 0.996922 0.078404 -0.000000
vn 0.996922 0.078404 -0.000000
vn 0.999956 0.009352 -0.000000
vn 0.999956 0.009352 -0.000000
vn 0.998723 -0.050520 0.000000
vn 0.998723 -0.050520 0.000000
vn 0.993426 -0.114478 0.000000
vn 0.993426 -0.114478 0.000000
vn 0.976467 -0.215665 0.000000
vn 0.976467 -0.215665 0.000000
vn 0.933714 -0.358020 0.000000
vn 0.933714 -0.358020 0.000000
vn 0.839032 -0.544082 0.000000
vn 0.839032 -0.544082 0.000000
vn 0.711418 -0.702769 0.000000
vn 0.711418 -0.702769 0.000000
vn 0.582805 -0.812612 0.000000
vn -0.189237 0.981931 0.000000
vn -0.359265 0.933236 0.000000
vn -0.466622 0.884457 0.000000
vn -0.539831 0.841774 0.000000
vn -0.613945 0.789349 0.000000
vn -0.715854 0.698250 0.000000
vn -0.871903 0.489679 0.000000
vn -0.903994 0.427545 0.000000
vn -0.934327 0.356416 0.000000
vn -0.979295 0.202439 0.000000
vn -0.999201 0.039978 0.000000
vn -0.994397 -0.105713 0.000000
vn -0.990272 -0.139142 0.000000
vn -0.992690 -0.120689 0.000000
vn -0.997203 -0.074737 0.000000
vn -0.999527 0.030745 0.000000
vn -0.989346 0.145581 0.000000
vn -0.951881 0.306469 0.000000
vn -0.873054 0.487624 0.000000
vn -0.780275 0.625437 0.000000
vn -0.849742 0.527198 0.000000
vn -0.914140 0.405400 0.000000
vn -0.972047 0.234788 0.000000
vn -0.999988 -0.004982 0.000000
vn -0.988208 -0.153115 0.000000
vn -0.950270 -0.311428 0.000000
vn -0.887758 -0.460311 0.000000
vn -0.802642 -0.596462 0.000000
vn -0.696035 -0.718008 0.000000
vn -0.568982 -0.822350 0.000000
vn -0.423423 -0.905932 0.000000
vn -0.260167 -0.965564 0.000000
vn -0.095048 -0.995473 0.000000
vn 0.060474 -0.998170 0.000000
vn 0.201587 -0.979471 0.000000
vn 0.326567 -0.945174 0.000000
vn 0.521990 -0.852952 0.000000
vn 0.701892 -0.712283 0.000000
vn 0.841697 -0.539950 0.000000
vn 0.909657 -0.415360 0.000000
vn 0.956923 -0.290343 0.000000
vn 0.986362 -0.164590 0.000000
vn 0.999451 -0.033144 0.000000
vn 0.998624 0.052439 -0.000000
vn 0.996922 0.078404 -0.000000
vn 0.999956 0.009352 -0.000000
vn 0.998723 -0.050520 0.000000
vn 0.993426 -0.114478 0.000000
vn 0.976467 -0.215665 0.000000
vn 0.933714 -0.358020 0.000000
vn 0.839032 -0.544082 0.000000
vn 0.372972 -0.927843 0.000000
vn 0.190520 -0.981683 0.000000
vn 0.077805 -0.996969 0.000000
vn -0.106027 -0.994363 0.000000
vn -0.264502 -0.964385 0.000000
vn -0.440423 -0.897790 0.000000
vn -0.629530 -0.776976 0.000000
vn -0.085926 -0.996302 0.000000
vn -0.092640 -0.995700 0.000000
vn -0.085926 -0.996302 0.000000
vn -0.092640 -0.995700 0.000000
vn -0.010249 -0.999947 0.000000
vn -0.010249 -0.999947 0.000000
vn 0.186435 -0.982467 0.000000
vn 0.186435 -0.982467 0.000000
vn 0.360642 -0.932704 0.000000
vn 0.360642 -0.932704 0.000000
vn 0.466738 -0.884396 0.000000
vn 0.466738 -0.884396 0.000000
vn 0.539826 -0.841777 0.000000
vn 0.539826 -0.841777 0.000000
vn 0.614265 -0.789099 0.000000
vn 0.614265 -0.789099 0.000000
vn 0.716001 -0.698099 0.000000
vn 0.716001 -0.698099 0.000000
vn 0.870485 -0.492195 0.000000
vn 0.870485 -0.492195 0.000000
vn 0.903444 -0.428705 0.000000
vn 0.903444 -0.428705 0.000000
vn 0.934787 -0.355208 0.000000
vn 0.934787 -0.355208 0.000000
vn 0.979354 -0.202154 0.000000
vn 0.979354 -0.202154 0.000000
vn 0.999174 -0.040626 0.000000
vn 0.999174 -0.040626 0.000000
vn 0.994415 0.105545 -0.000000
vn 0.994415 0.105545 -0.000000
vn 0.990194 0.139702 -0.000000
vn 0.990194 0.139702 -0.000000
vn 0.992761 0.120108 -0.000000
vn 0.992761 0.120108 -0.000000
vn 0.997130 0.075705 -0.000000
vn 0.997130 0.075705 -0.000000
vn 0.999539 -0.030377 0.000000
vn 0.999539 -0.030377 0.000000
vn 0.989723 -0.142999 0.000000
vn 0.989723 -0.142999 0.000000
vn 0.952738 -0.303793 0.000000
vn 0.952738 -0.303793 0.000000
vn 0.872109 -0.489313 0.000000
vn 0.872109 -0.489313 0.000000
vn 0.781539 -0.623856 0.000000
vn 0.781539 -0.623856 0.000000
vn 0.849453 -0.527664 0.000000
vn 0.849453 -0.527664 0.000000
vn 0.911597 -0.411086 0.000000
vn 0.911597 -0.411086 0.000000
vn 0.972288 -0.233786 0.000000
vn 0.972288 -0.233786 0.000000
vn 0.999935 0.011392 -0.000000
vn 0.999935 0.011392 -0.000000
vn 0.987886 0.155181 -0.000000
vn 0.987886 0.155181 -0.000000
vn 0.952097 0.305796 -0.000000
vn 0.952097 0.305796 -0.000000
vn 0.890431 0.455119 -0.000000
vn 0.890431 0.455119 -0.000000
vn 0.803768 0.594942 -0.000000
vn 0.803768 0.594942 -0.000000
vn 0.694868 0.719137 -0.000000
vn 0.694868 0.719137 -0.000000
vn 0.566737 0.823898 -0.000000
vn 0.566737 0.823898 -0.000000
vn 0.422397 0.906411 -0.000000
vn 0.422397 0.906411 -0.000000
vn 0.265804 0.964027 -0.000000
vn 0.265804 0.964027 -0.000000
vn 0.103003 0.994681 -0.000000
vn 0.103003 0.994681 -0.000000
vn -0.057301 0.998357 0.000000
vn -0.057301 0.998357 0.000000
vn -0.205256 0.978708 0.000000
vn -0.205256 0.978708 0.000000
vn -0.333376 0.942794 0.000000
vn -0.333376 0.942794 0.000000
vn -0.522149 0.852854 0.000000
vn -0.522149 0.852854 0.000000
vn -0.702051 0.712127 0.000000
vn -0.702051 0.712127 0.000000
vn -0.841196 0.540731 0.000000
vn -0.841196 0.540731 0.000000
vn -0.909435 0.415846 0.000000
vn -0.909435 0.415846 0.000000
vn -0.956972 0.290180 0.000000
vn -0.956972 0.290180 0.000000
vn -0.986436 0.164144 0.000000
vn -0.986436 0.164144 0.000000
vn -0.999374 0.035374 0.000000
vn -0.999374 0.035374 0.000000
vn -0.998497 -0.054812 0.000000
vn -0.998497 -0.054812 0.000000
vn -0.996873 -0.079024 0.000000
vn -0.996873 -0.079024 0.000000
vn -0.999939 -0.011061 0.000000
vn -0.999939 -0.011061 0.000000
vn -0.998622 0.052483 0.000000
vn -0.998622 0.052483 0.000000
vn -0.993199 0.116432 0.000000
vn -0.993199 0.116432 0.000000
vn -0.976294 0.216450 0.000000
vn -0.976294 0.216450 0.000000
vn -0.933989 0.357301 0.000000
vn -0.933989 0.357301 0.000000
vn -0.838264 0.545265 0.000000
vn -0.838264 0.545265 0.000000
vn -0.710411 0.703787 0.000000
vn -0.710411 0.703787 0.000000
vn -0.583622 0.812026 0.000000
vn -0.583622 0.812026 0.000000
vn -0.388027 0.921648 0.000000
vn -0.388027 0.921648 0.000000
vn -0.167626 0.985851 0.000000
vn -0.167626 0.985851 0.000000
vn 0.187212 0.982320 -0.000000
vn 0.187212 0.982320 -0.000000
vn 0.369932 0.929059 -0.000000
vn 0.369932 0.929059 -0.000000
vn 0.556936 0.830556 -0.000000
vn 0.556936 0.830556 -0.000000
vn 0.726311 0.687366 -0.000000
vn 0.726311 0.687366 -0.000000
vn 0.896987 0.442057 -0.000000
vn 0.896987 0.442057 -0.000000
vn 0.947364 0.320157 -0.000000
vn 0.947364 0.320157 -0.000000
vn 0.996943 0.078134 -0.000000
vn 0.996943 0.078134 -0.000000
vn 0.992435 -0.122768 0.000000
vn 0.992435 -0.122768 0.000000
vn 0.970354 -0.241689 0.000000
vn 0.970354 -0.241689 0.000000
vn 0.929445 -0.368960 0.000000
vn 0.929445 -0.368960 0.000000
vn 0.934094 -0.357028 0.000000
vn 0.934094 -0.357028 0.000000
vn 0.955901 -0.293690 0.000000
vn 0.955901 -0.293690 0.000000
vn 0.995427 -0.095523 0.000000
vn 0.995427 -0.095523 0.000000
vn 0.996381 0.084995 -0.000000
vn 0.996381 0.084995 -0.000000
vn 0.987167 0.159693 -0.000000
vn 0.987167 0.159693 -0.000000
vn 0.990846 0.134995 -0.000000
vn 0.990846 0.134995 -0.000000
vn 0.964389 0.264487 -0.000000
vn 0.964389 0.264487 -0.000000
vn 0.926984 0.375102 -0.000000
vn 0.926984 0.375102 -0.000000
vn 0.910222 0.414120 -0.000000
vn 0.910222 0.414120 -0.000000
vn 0.926490 0.376320 -0.000000
vn 0.926490 0.376320 -0.000000
vn 0.939775 0.341794 -0.000000
vn 0.939775 0.341794 -0.000000
vn 0.882612 0.470103 -0.000000
vn 0.882612 0.470103 -0.000000
vn 0.767506 0.641042 -0.000000
vn 0.767506 0.641042 -0.000000
vn 0.808646 0.588295 -0.000000
vn 0.808646 0.588295 -0.000000
vn 0.895327 0.445409 -0.000000
vn 0.895327 0.445409 -0.000000
vn 0.946774 0.321898 -0.000000
vn 0.946774 0.321898 -0.000000
vn 0.984467 0.175569 -0.000000
vn 0.984467 0.175569 -0.000000
vn 0.998502 0.054712 -0.000000
vn 0.998502 0.054712 -0.000000
vn 0.999778 -0.021074 0.000000
vn 0.999778 -0.021074 0.000000
vn 0.998926 0.046335 -0.000000
vn 0.998926 0.046335 -0.000000
vn 0.988008 0.154406 -0.000000
vn 0.988008 0.154406 -0.000000
vn 0.942502 0.334201 -0.000000
vn 0.942502 0.334201 -0.000000
vn 0.844902 0.534921 -0.000000
vn 0.844902 0.534921 -0.000000
vn 0.800795 0.598939 -0.000000
vn 0.800795 0.598939 -0.000000
vn 0.893231 0.449598 -0.000000
vn 0.893231 0.449598 -0.000000
vn 0.956123 0.292965 -0.000000
vn 0.956123 0.292965 -0.000000
vn 0.994743 0.102402 -0.000000
vn 0.994743 0.102402 -0.000000
vn 0.995462 -0.095161 0.000000
vn 0.995462 -0.095161 0.000000
vn 0.964129 -0.265434 0.000000
vn 0.964129 -0.265434 0.000000
vn 0.928205 -0.372069 0.000000
vn 0.928205 -0.372069 0.000000
vn 0.984599 -0.174829 0.000000
vn 0.984599 -0.174829 0.000000
vn 0.999910 0.013401 -0.000000
vn 0.999910 0.013401 -0.000000
vn 0.993587 0.113073 -0.000000
vn 0.993587 0.113073 -0.000000
vn 0.967733 0.251980 -0.000000
vn 0.967733 0.251980 -0.000000
vn 0.911117 0.412149 -0.000000
vn 0.911117 0.412149 -0.000000
vn 0.891901 0.452231 -0.000000
vn 0.891901 0.452231 -0.000000
vn 0.915630 0.402022 -0.000000
vn 0.915630 0.402022 -0.000000
vn 0.946139 0.323761 -0.000000
vn 0.946139 0.323761 -0.000000
vn 0.960226 0.279224 -0.000000
vn 0.960226 0.279224 -0.000000
vn 0.862157 0.506641 -0.000000
vn 0.862157 0.506641 -0.000000
vn 0.844295 0.535878 -0.000000
vn 0.844295 0.535878 -0.000000
vn 0.709628 0.704577 -0.000000
vn 0.709628 0.704577 -0.000000
vn 0.607776 0.794109 -0.000000
vn 0.607776 0.794109 -0.000000
vn 0.445729 0.895168 -0.000000
vn 0.445729 0.895168 -0.000000
vn 0.211837 0.977305 -0.000000
vn 0.211837 0.977305 -0.000000
vn 0.074806 0.997198 -0.000000
vn 0.074806 0.997198 -0.000000
vn -0.066866 0.997762 0.000000
vn -0.066866 0.997762 0.000000
vn -0.203407 0.979094 0.000000
vn -0.203407 0.979094 0.000000
vn -0.326999 0.945025 0.000000
vn -0.326999 0.945025 0.000000
vn -0.525627 0.850715 0.000000
vn -0.525627 0.850715 0.000000
vn -0.662492 0.749069 0.000000
vn -0.662492 0.749069 0.000000
vn -0.754664 0.656111 0.000000
vn -0.754664 0.656111 0.000000
vn -0.862713 0.505694 0.000000
vn -0.862713 0.505694 0.000000
vn -0.920082 0.391726 0.000000
vn -0.920082 0.391726 0.000000
vn -0.974642 0.223769 0.000000
vn -0.974642 0.223769 0.000000
vn -0.995132 0.098555 0.000000
vn -0.995132 0.098555 0.000000
vn -0.981707 0.190399 0.000000
vn -0.981707 0.190399 0.000000
vn -0.935566 0.353153 0.000000
vn -0.935566 0.353153 0.000000
vn -0.836078 0.548611 0.000000
vn -0.836078 0.548611 0.000000
vn -0.674127 0.738615 0.000000
vn -0.674127 0.738615 0.000000
vn -0.569738 0.821827 0.000000
vn -0.569738 0.821827 0.000000
vn -0.454903 0.890541 0.000000
vn -0.454903 0.890541 0.000000
vn -0.254022 0.967198 0.000000
vn -0.254022 0.967198 0.000000
vn -0.207877 0.978155 0.000000
vn -0.207877 0.978155 0.000000
vn -0.424261 0.905540 0.000000
vn -0.424261 0.905540 0.000000
vn -0.532162 0.846642 0.000000
vn -0.532162 0.846642 0.000000
vn -0.519323 0.854578 0.000000
vn -0.519323 0.854578 0.000000
vn -0.566180 0.824282 0.000000
vn -0.566180 0.824282 0.000000
vn -0.523683 0.851913 0.000000
vn -0.523683 0.851913 0.000000
vn -0.424729 0.905321 0.000000
vn -0.424729 0.905321 0.000000
vn -0.249203 0.968451 0.000000
vn -0.249203 0.968451 0.000000
vn -0.011913 0.999929 0.000000
vn -0.011913 0.999929 0.000000
vn 0.216488 0.976285 -0.000000
vn 0.216488 0.976285 -0.000000
vn 0.376513 0.926411 -0.000000
vn 0.376513 0.926411 -0.000000
vn 0.462118 0.886818 -0.000000
vn 0.462118 0.886818 -0.000000
vn 0.453497 0.891258 -0.000000
vn 0.453497 0.891258 -0.000000
vn 0.505834 0.862631 -0.000000
vn 0.505834 0.862631 -0.000000
vn 0.569425 0.822043 -0.000000
vn 0.569425 0.822043 -0.000000
vn 0.539955 0.841694 -0.000000
vn 0.539955 0.841694 -0.000000
vn 0.443253 0.896396 -0.000000
vn 0.443253 0.896396 -0.000000
vn 0.277891 0.960613 -0.000000
vn 0.277891 0.960613 -0.000000
vn 0.072643 0.997358 -0.000000
vn 0.072643 0.997358 -0.000000
vn -0.173762 0.984788 0.000000
vn -0.173762 0.984788 0.000000
vn -0.317709 0.948188 0.000000
vn -0.317709 0.948188 0.000000
vn -0.469020 0.883188 0.000000
vn -0.469020 0.883188 0.000000
vn -0.614119 0.789213 0.000000
vn -0.614119 0.789213 0.000000
vn -0.738982 0.673725 0.000000
vn -0.738982 0.673725 0.000000
vn 0.000000 0.000000 1.000000
vn 0.000000 0.000000 1.000000
vn 0.000000 0.000000 1.000000
vn 0.000000 0.000000 1.000000
vn 0.000000 0.000000 1.000000
vn 0.000000 0.000000 1.000000
vn 0.000000 0.000000 1.000000
vn 0.000000 0.000000 1.000000
vn 0.000000 0.000000 1.000000
vn 0.000000 0.000000 1.000000
vn 0.000000 0.000000 1.000000
vn 0.000000 0.000000 1.000000
vn 0.000000 0.000000 1.000000
vn 0.000000 0.000000 1.000000
vn 0.000000 0.000000 1.000000
vn 0.000000 0.000000 1.000000
vn 0.000000 0.000000 1.000000
vn 0.000000 0.000000 1.000000
vn 0.000000 0.000000 1.000000
vn 0.000000 0.000000 1.000000
vn 0.000000 0.000000 1.000000
vn 0.000000 0.000000 1.000000
vn 0.000000 0.000000 1.000000
vn 0.000000 0.000000 1.000000
vn 0.000000 0.000000 1.000000
vn 0.000000 0.000000 1.000000
vn 0.000000 0.000000 1.000000
vn 0.000000 0.000000 1.000000
vn 0.000000 0.000000 1.000000
vn 0.000000 0.000000 1.000000
vn 0.000000 0.000000 1.000000
vn 0.000000 0.000000 1.000000
vn 0.000000 0.000000 1.000000
vn 0.000000 0.000000 1.000000
vn 0.000000 0.000000 1.000000
vn 0.000000 0.000000 1.000000
vn 0.000000 0.000000 1.000000
vn 0.000000 0.000000 1.000000
vn 0.000000 0.000000 1.000000
vn 0.000000 0.000000 1.000000
vn 0.000000 0.000000 1.000000
vn 0.000000 0.000000 1.000000
vn 0.000000 0.000000 1.000000
vn 0.000000 0.000000 1.000000
vn 0.000000 0.000000 1.000000
vn 0.000000 0.000000 1.000000
vn 0.000000 0.000000 1.000000
vn 0.000000 0.000000 1.000000
vn 0.000000 0.000000 1.000000
vn 0.000000 0.000000 1.000000
vn 0.000000 0.000000 1.000000
vn 0.000000 0.000000 1.000000
vn 0.000000 0.000000 1.000000
vn 0.000000 0.000000 1.000000
vn 0.000000 0.000000 1.000000
vn 0.000000 0.000000 1.000000
vn 0.000000 0.000000 1.000000
vn 0.000000 0.000000 1.000000
vn 0.000000 0.000000 1.000000
vn 0.000000 0.000000 1.000000
vn 0.000000 0.000000 1.000000
vn 0.000000 0.000000 1.000000
vn 0.000000 0.000000 1.000000
vn 0.000000 0.000000 1.000000
vn 0.000000 0.000000 1.000000
vn 0.000000 0.000000 1.000000
vn 0.000000 0.000000 1.000000
vn 0.000000 0.000000 1.000000
vn 0.000000 0.000000 1.000000
vn 0.000000 0.000000 1.000000
vn 0.000000 0.000000 1.000000
vn 0.000000 0.000000 1.000000
vn 0.000000 0.000000 1.000000
vn 0.000000 0.000000 1.000000
vn 0.000000 0.000000 1.000000
vn 0.000000 0.000000 1.000000
vn 0.000000 0.000000 1.000000
vn 0.000000 0.000000 1.000000
vn 0.000000 0.000000 1.000000
vn 0.000000 0.000000 1.000000
vn 0.000000 0.000000 1.000000
vn 0.000000 0.000000 1.000000
vn 0.000000 0.000000 1.000000
vn 0.000000 0.000000 1.000000
vn 0.000000 0.000000 1.000000
vn 0.000000 0.000000 1.000000
vn 0.000000 0.000000 1.000000
vn 0.000000 0.000000 1.000000
vn 0.000000 0.000000 1.000000
vn 0.000000 0.000000 1.000000
vn 0.000000 0.000000 1.000000
vn 0.000000 0.000000 1.000000
vn 0.000000 0.000000 1.000000
vn 0.000000 0.000000 1.000000
vn 0.000000 0.000000 1.000000
vn 0.000000 0.000000 1.000000
vn 0.000000 0.000000 1.000000
vn 0.000000 0.000000 1.000000
vn 0.000000 0.000000 1.000000
vn 0.000000 0.000000 1.000000
vn 0.000000 0.000000 1.000000
vn 0.000000 0.000000 1.000000
vn 0.000000 0.000000 1.000000
vn 0.000000 0.000000 1.000000
vn 0.000000 0.000000 1.000000
vn 0.000000 0.000000 1.000000
vn 0.000000 0.000000 1.000000
vn 0.000000 0.000000 1.000000
vn 0.000000 0.000000 1.000000
vn 0.000000 0.000000 1.000000
vn 0.000000 0.000000 1.000000
vn 0.000000 0.000000 1.000000
vn 0.000000 0.000000 1.000000
vn 0.000000 0.000000 1.000000
vn 0.000000 0.000000 1.000000
vn 0.000000 0.000000 1.000000
vn 0.000000 0.000000 1.000000
vn 0.000000 0.000000 1.000000
vn 0.000000 0.000000 1.000000
vn 0.000000 0.000000 1.000000
vn 0.000000 0.000000 1.000000
vn 0.000000 0.000000 1.000000
vn 0.000000 0.000000 1.000000
vn 0.000000 0.000000 1.000000
vn 0.000000 0.000000 1.000000
vn 0.000000 0.000000 1.000000
vn 0.000000 0.000000 1.000000
vn 0.000000 0.000000 1.000000
vn 0.000000 0.000000 1.000000
vn 0.000000 0.000000 1.000000
vn 0.000000 0.000000 1.000000
vn 0.000000 0.000000 1.000000
vn 0.000000 0.000000 1.000000
vn 0.000000 0.000000 1.000000
vn 0.000000 0.000000 1.000000
vn 0.000000 0.000000 1.000000
vn 0.000000 0.000000 1.000000
vn 0.000000 0.000000 1.000000
vn 0.000000 0.000000 1.000000
vn 0.000000 0.000000 1.000000
vn 0.000000 0.000000 1.000000
vn 0.000000 0.000000 1.000000
vn 0.000000 0.000000 1.000000
vn 0.000000 0.000000 1.000000
vn 0.000000 0.000000 1.000000
vn 0.000000 0.000000 1.000000
vn 0.000000 0.000000 1.000000
vn 0.000000 0.000000 1.000000
vn 0.000000 0.000000 1.000000
vn 0.000000 0.000000 1.000000
vn 0.000000 0.000000 1.000000
vn 0.000000 0.000000 1.000000
vn 0.000000 0.000000 1.000000
vn 0.000000 0.000000 1.000000
vn 0.000000 0.000000 1.000000
vn 0.000000 0.000000 1.000000
vn 0.000000 0.000000 1.000000
vn 0.000000 0.000000 1.000000
vn 0.000000 0.000000 1.000000
vn 0.000000 0.000000 1.000000
vn 0.000000 0.000000 1.000000
vn 0.000000 0.000000 1.000000
vn 0.000000 0.000000 1.000000
vn 0.000000 0.000000 1.000000
vn 0.000000 0.000000 1.000000
vn 0.000000 0.000000 1.000000
vn 0.000000 0.000000 1.000000
vn 0.000000 0.000000 1.000000
vn 0.000000 0.000000 1.000000
vn 0.000000 0.000000 1.000000
vn 0.000000 0.000000 1.000000
vn 0.000000 0.000000 1.000000
vn 0.000000 0.000000 1.000000
vn 0.000000 0.000000 1.000000
vn 0.000000 0.000000 1.000000
vn 0.000000 0.000000 1.000000
vn 0.000000 0.000000 1.000000
vn 0.000000 0.000000 1.000000
vn 0.000000 0.000000 1.000000
vn 0.000000 0.000000 1.000000
vn 0.000000 0.000000 1.000000
vn 0.000000 0.000000 1.000000
vn 0.000000 0.000000 1.000000
vn 0.000000 0.000000 1.000000
vn 0.000000 0.000000 1.000000
vn 0.000000 0.000000 1.000000
vn 0.000000 0.000000 1.000000
vn 0.000000 0.000000 1.000000
vn 0.000000 0.000000 1.000000
vn 0.000000 0.000000 1.000000
vn 0.000000 0.000000 1.000000
vn 0.000000 0.000000 1.000000
vn 0.000000 0.000000 1.000000
vn 0.000000 0.000000 1.000000
vn 0.000000 0.000000 1.000000
vn 0.000000 0.000000 1.000000
vn 0.000000 0.000000 1.000000
vn 0.000000 0.000000 1.000000
vn 0.000000 0.000000 1.000000
vn 0.000000 0.000000 1.000000
vn 0.000000 0.000000 1.000000
vn 0.000000 0.000000 1.000000
vn 0.000000 0.000000 1.000000
vn 0.000000 0.000000 1.000000
vn 0.000000 0.000000 1.000000
vn 0.000000 0.000000 1.000000
vn 0.000000 0.000000 1.000000
vn 0.000000 0.000000 1.000000
vn 0.000000 0.000000 1.000000
vn 0.000000 0.000000 1.000000
vn 0.000000 0.000000 1.000000
vn 0.000000 0.000000 1.000000
vn 0.000000 0.000000 1.000000
vn 0.000000 0.000000 1.000000
vn 0.000000 0.000000 1.000000
vn 0.000000 0.000000 1.000000
vn 0.000000 0.000000 1.000000
vn 0.000000 0.000000 1.000000
vn 0.000000 0.000000 1.000000
vn 0.000000 0.000000 1.000000
vn 0.000000 0.000000 1.000000
vn 0.000000 0.000000 1.000000
vn 0.000000 0.000000 1.000000
vn 0.000000 0.000000 1.000000
vn 0.000000 0.000000 1.000000
vn 0.000000 0.000000 1.000000
vn 0.000000 0.000000 1.000000
vn 0.000000 0.000000 1.000000
vn 0.000000 0.000000 1.000000
vn 0.000000 0.000000 1.000000
vn 0.000000 0.000000 1.000000
vn 0.000000 0.000000 1.000000
vn 0.000000 0.000000 1.000000
vn 0.000000 0.000000 1.000000
vn 0.000000 0.000000 1.000000
vn 0.000000 0.000000 1.000000
vn 0.000000 0.000000 1.000000
vn 0.000000 0.000000 1.000000
vn 0.000000 0.000000 1.000000
vn 0.000000 0.000000 1.000000
vn 0.000000 0.000000 1.000000
vn 0.000000 0.000000 1.000000
vn 0.000000 0.000000 1.000000
vn 0.000000 0.000000 1.000000
vn 0.000000 0.000000 1.000000
vn 0.000000 0.000000 1.000000
vn 0.000000 0.000000 1.000000
vn 0.000000 0.000000 1.000000
vn 0.000000 0.000000 1.000000
vn 0.000000 0.000000 1.000000
vn 0.000000 0.000000 1.000000
vn 0.000000 0.000000 1.000000
vn 0.000000 0.000000 1.000000
vn 0.000000 0.000000 1.000000
vn 0.000000 0.000000 1.000000
vn 0.000000 0.000000 1.000000
vn 0.000000 0.000000 1.000000
vn 0.000000 0.000000 1.000000
vn 0.000000 0.000000 1.000000
vn 0.000000 0.000000 1.000000
vn 0.000000 0.000000 1.000000
vn 0.000000 0.000000 1.000000
vn 0.000000 0.000000 1.000000
vn 0.000000 0.000000 1.000000
vn 0.000000 0.000000 1.000000
vn 0.000000 0.000000 1.000000
vn 0.000000 0.000000 1.000000
vn 0.000000 0.000000 1.000000
vn 0.000000 0.000000 1.000000
vn 0.000000 0.000000 1.000000
vn 0.000000 0.000000 1.000000
vn 0.000000 0.000000 1.000000
vn 0.000000 0.000000 1.000000
vn 0.000000 0.000000 1.000000
vn 0.000000 0.000000 1.000000
vn 0.000000 0.000000 1.000000
vn 0.000000 0.000000 1.000000
vn 0.000000 0.000000 1.000000
vn 0.000000 0.000000 1.000000
vn 0.000000 0.000000 1.000000
vn 0.000000 0.000000 1.000000
vn 0.000000 0.000000 1.000000
vn 0.000000 0.000000 1.000000
vn 0.000000 0.000000 1.000000
vn 0.000000 0.000000 1.000000
vn 0.000000 0.000000 1.000000
vn 0.000000 0.000000 1.000000
vn 0.000000 0.000000 1.000000
vn 0.000000 0.000000 1.000000
vn 0.000000 0.000000 1.000000
vn 0.000000 0.000000 1.000000
vn 0.000000 0.000000 1.000000
vn 0.000000 0.000000 1.000000
vn 0.000000 0.000000 1.000000
vn 0.000000 0.000000 1.000000
vn 0.000000 0.000000 1.000000
vn 0.000000 0.000000 1.000000
vn 0.000000 0.000000 1.000000
vn 0.000000 0.000000 1.000000
vn 0.000000 0.000000 1.000000
vn 0.000000 0.000000 1.000000
vn 0.000000 0.000000 1.000000
vn 0.000000 0.000000 1.000000
vn 0.000000 0.000000 1.000000
vn 0.000000 0.000000 1.000000
vn 0.000000 0.000000 1.000000
vn 0.000000 0.000000 1.000000
vn 0.000000 0.000000 1.000000
vn 0.000000 0.000000 1.000000
vn 0.000000 0.000000 1.000000
vn 0.000000 0.000000 1.000000
vn 0.000000 0.000000 1.000000
vn 0.000000 0.000000 1.000000
vn 0.000000 0.000000 1.000000
vn 0.000000 0.000000 1.000000
vn 0.000000 0.000000 1.000000
vn 0.000000 0.000000 1.000000
vn 0.000000 0.000000 1.000000
vn 0.000000 0.000000 1.000000
vn 0.000000 0.000000 1.000000
vn 0.000000 0.000000 1.000000
vn 0.000000 0.000000 1.000000
vn 0.000000 0.000000 1.000000
vn 0.000000 0.000000 1.000000
vn 0.000000 0.000000 1.000000
vn 0.000000 0.000000 1.000000
vn 0.000000 0.000000 1.000000
vn 0.000000 0.000000 1.000000
vn 0.000000 0.000000 1.000000
vn 0.000000 0.000000 1.000000
vn 0.000000 0.000000 1.000000
vn 0.000000 0.000000 1.000000
vn 0.000000 0.000000 1.000000
vn 0.000000 0.000000 1.000000
vn 0.000000 0.000000 1.000000
vn 0.000000 0.000000 1.000000
vn 0.000000 0.000000 1.000000
vn 0.000000 0.000000 1.000000
vn 0.000000 0.000000 1.000000
vn 0.000000 0.000000 1.000000
vn 0.000000 0.000000 1.000000
vn 0.000000 0.000000 1.000000
vn 0.000000 0.000000 1.000000
vn 0.000000 0.000000 1.000000
vn 0.000000 0.000000 1.000000
vn 0.000000 0.000000 1.000000
vn 0.000000 0.000000 1.000000
vn 0.000000 0.000000 1.000000
vn 0.000000 0.000000 1.000000
vn 0.000000 0.000000 1.000000
vn 0.000000 0.000000 1.000000
vn 0.000000 0.000000 1.000000
vn 0.000000 0.000000 1.000000
vn 0.000000 0.000000 1.000000
vn 0.000000 0.000000 1.000000
vn 0.000000 0.000000 1.000000
vn 0.000000 0.000000 1.000000
vn 0.000000 0.000000 1.000000
vn 0.000000 0.000000 1.000000
vn 0.000000 0.000000 1.000000
vn 0.000000 0.000000 1.000000
vn 0.000000 0.000000 1.000000
vn 0.000000 0.000000 1.000000
vn 0.000000 0.000000 1.000000
vn 0.000000 0.000000 1.000000
vn 0.000000 0.000000 1.000000
vn 0.000000 0.000000 1.000000
vn 0.000000 0.000000 1.000000
vn 0.000000 0.000000 1.000000
vn 0.000000 0.000000 1.000000
vn 0.000000 0.000000 1.000000
vn 0.000000 0.000000 1.000000
vn 0.000000 0.000000 1.000000
vn 0.000000 0.000000 1.000000
vn 0.000000 0.000000 1.000000
vn 0.000000 0.000000 1.000000
vn 0.000000 0.000000 1.000000
vn 0.000000 0.000000 1.000000
vn 0.000000 0.000000 1.000000
vn 0.000000 0.000000 1.000000
vn 0.000000 0.000000 1.000000
vn 0.000000 0.000000 1.000000
vn 0.000000 0.000000 1.000000
vn 0.000000 0.000000 1.000000
vn 0.000000 0.000000 1.000000
vn 0.000000 0.000000 1.000000
vn 0.000000 0.000000 1.000000
vn 0.000000 0.000000 1.000000
vn 0.000000 0.000000 1.000000
vn 0.000000 0.000000 1.000000
vn 0.000000 0.000000 1.000000
vn 0.000000 0.000000 1.000000
vn 0.000000 0.000000 1.000000
vn 0.000000 0.000000 1.000000
vn 0.000000 0.000000 1.000000
vn 0.000000 0.000000 1.000000
vn 0.000000 0.000000 1.000000
vn 0.000000 0.000000 1.000000
vn 0.000000 0.000000 1.000000
vn 0.000000 0.000000 1.000000
vn 0.000000 0.000000 1.000000
vn 0.000000 0.000000 1.000000
vn 0.000000 0.000000 1.000000
vn 0.000000 0.000000 1.000000
vn 0.000000 0.000000 1.000000
vn 0.000000 0.000000 1.000000
vn 0.000000 0.000000 1.000000
vn 0.000000 0.000000 1.000000
vn 0.000000 0.000000 1.000000
vn 0.000000 0.000000 1.000000
vn 0.000000 0.000000 1.000000
vn 0.000000 0.000000 1.000000
vn 0.000000 0.000000 1.000000
vn 0.000000 0.000000 1.000000
vn 0.000000 0.000000 1.000000
vn 0.000000 0.000000 1.000000
vn 0.000000 0.000000 1.000000
vn 0.000000 0.000000 1.000000
vn 0.000000 0.000000 1.000000
vn 0.000000 0.000000 1.000000
vn 0.000000 0.000000 1.000000
vn 0.000000 0.000000 1.000000
vn 0.000000 0.000000 1.000000
vn 0.000000 0.000000 1.000000
vn 0.000000 0.000000 1.000000
vn 0.000000 0.000000 1.000000
vn 0.000000 0.000000 1.000000
vn 0.000000 0.000000 1.000000
vn 0.000000 0.000000 1.000000
vn 0.000000 0.000000 1.000000
vn 0.000000 0.000000 1.000000
vn 0.000000 0.000000 1.000000
vn 0.000000 0.000000 1.000000
vn 0.000000 0.000000 1.000000
vn 0.000000 0.000000 1.000000
vn 0.000000 0.000000 1.000000
vn 0.000000 0.000000 1.000000
vn -0.086183 -0.996279 0.000000
vn -0.050638 -0.998717 0.000000
vn -0.086183 -0.996279 0.000000
vn -0.050638 -0.998717 0.000000
vn 0.093086 -0.995658 0.000000
vn 0.093086 -0.995658 0.000000
vn 0.262859 -0.964834 0.000000
vn 0.262859 -0.964834 0.000000
vn 0.389646 -0.920965 0.000000
vn 0.389646 -0.920965 0.000000
vn 0.472312 -0.881431 0.000000
vn 0.472312 -0.881431 0.000000
vn 0.533735 -0.845652 0.000000
vn 0.533735 -0.845652 0.000000
vn 0.594012 -0.804457 0.000000
vn 0.594012 -0.804457 0.000000
vn 0.672037 -0.740518 0.000000
vn 0.672037 -0.740518 0.000000
vn 0.764223 -0.644952 0.000000
vn 0.764223 -0.644952 0.000000
vn 0.875602 -0.483032 0.000000
vn 0.875602 -0.483032 0.000000
vn 0.929399 -0.369075 0.000000
vn 0.929399 -0.369075 0.000000
vn 0.970616 -0.240632 0.000000
vn 0.970616 -0.240632 0.000000
vn 0.993916 -0.110145 0.000000
vn 0.993916 -0.110145 0.000000
vn 0.999449 0.033193 -0.000000
vn 0.999449 0.033193 -0.000000
vn 0.992117 0.125317 -0.000000
vn 0.992117 0.125317 -0.000000
vn 0.990540 0.137228 -0.000000
vn 0.990540 0.137228 -0.000000
vn 0.996846 0.079365 -0.000000
vn 0.996846 0.079365 -0.000000
vn 0.999896 -0.014402 0.000000
vn 0.999896 -0.014402 0.000000
vn 0.996389 -0.084900 0.000000
vn 0.996389 -0.084900 0.000000
vn 0.954980 -0.296671 0.000000
vn 0.954980 -0.296671 0.000000
vn 0.887951 -0.459937 0.000000
vn 0.887951 -0.459937 0.000000
vn 0.827609 -0.561306 0.000000
vn 0.827609 -0.561306 0.000000
vn 0.773858 -0.633359 0.000000
vn 0.773858 -0.633359 0.000000
vn 0.852112 -0.523359 0.000000
vn 0.852112 -0.523359 0.000000
vn 0.958406 -0.285410 0.000000
vn 0.958406 -0.285410 0.000000
vn 0.995535 -0.094396 0.000000
vn 0.995535 -0.094396 0.000000
vn 0.991048 0.133508 -0.000000
vn 0.991048 0.133508 -0.000000
vn 0.925014 0.379934 -0.000000
vn 0.925014 0.379934 -0.000000
vn 0.862286 0.506421 -0.000000
vn 0.862286 0.506421 -0.000000
vn 0.779937 0.625858 -0.000000
vn 0.779937 0.625858 -0.000000
vn 0.685014 0.728530 -0.000000
vn 0.685014 0.728530 -0.000000
vn 0.579312 0.815106 -0.000000
vn 0.579312 0.815106 -0.000000
vn 0.463381 0.886159 -0.000000
vn 0.463381 0.886159 -0.000000
vn 0.337289 0.941401 -0.000000
vn 0.337289 0.941401 -0.000000
vn 0.201304 0.979529 -0.000000
vn 0.201304 0.979529 -0.000000
vn 0.057498 0.998346 -0.000000
vn 0.057498 0.998346 -0.000000
vn -0.199171 0.979965 0.000000
vn -0.199171 0.979965 0.000000
vn -0.397596 0.917561 0.000000
vn -0.397596 0.917561 0.000000
vn -0.542216 0.840239 0.000000
vn -0.542216 0.840239 0.000000
vn -0.695338 0.718683 0.000000
vn -0.695338 0.718683 0.000000
vn -0.757469 0.652871 0.000000
vn -0.757469 0.652871 0.000000
vn -0.873854 0.486188 0.000000
vn -0.873854 0.486188 0.000000
vn -0.961665 0.274227 0.000000
vn -0.961665 0.274227 0.000000
vn -0.998351 0.057411 0.000000
vn -0.998351 0.057411 0.000000
vn -0.997238 -0.074269 0.000000
vn -0.997238 -0.074269 0.000000
vn -0.998811 -0.048752 0.000000
vn -0.998811 -0.048752 0.000000
vn -0.999034 0.043940 0.000000
vn -0.999034 0.043940 0.000000
vn -0.989633 0.143622 0.000000
vn -0.989633 0.143622 0.000000
vn -0.969268 0.246007 0.000000
vn -0.969268 0.246007 0.000000
vn -0.927125 0.374752 0.000000
vn -0.927125 0.374752 0.000000
vn -0.846558 0.532297 0.000000
vn -0.846558 0.532297 0.000000
vn -0.654586 0.755988 0.000000
vn -0.754284 0.656549 0.000000
vn -0.654586 0.755988 0.000000
vn -0.754284 0.656549 0.000000
vn -0.836954 0.547273 0.000000
vn -0.836954 0.547273 0.000000
vn -0.904999 0.425414 0.000000
vn -0.904999 0.425414 0.000000
vn -0.952300 0.305163 0.000000
vn -0.952300 0.305163 0.000000
vn -0.995504 0.094720 0.000000
vn -0.995504 0.094720 0.000000
vn -0.998332 -0.057742 0.000000
vn -0.998332 -0.057742 0.000000
vn -0.965254 -0.261314 0.000000
vn -0.965254 -0.261314 0.000000
vn -0.920490 -0.390766 0.000000
vn -0.920490 -0.390766 0.000000
vn -0.889208 -0.457503 0.000000
vn -0.889208 -0.457503 0.000000
vn -0.878138 -0.478408 0.000000
vn -0.878138 -0.478408 0.000000
vn -0.794859 -0.606794 0.000000
vn -0.794859 -0.606794 0.000000
vn -0.804663 -0.593732 0.000000
vn -0.804663 -0.593732 0.000000
vn -0.891240 -0.453532 0.000000
vn -0.891240 -0.453532 0.000000
vn -0.961949 -0.273229 0.000000
vn -0.961949 -0.273229 0.000000
vn -0.998587 -0.053143 0.000000
vn -0.998587 -0.053143 0.000000
vn -0.999516 0.031115 0.000000
vn -0.999516 0.031115 0.000000
vn -0.999684 -0.025125 0.000000
vn -0.999684 -0.025125 0.000000
vn -0.983648 -0.180102 0.000000
vn -0.983648 -0.180102 0.000000
vn -0.920052 -0.391797 0.000000
vn -0.920052 -0.391797 0.000000
vn -0.902854 -0.429947 0.000000
vn -0.902854 -0.429947 0.000000
vn -0.920000 -0.391917 0.000000
vn -0.920000 -0.391917 0.000000
vn -0.954679 -0.297638 0.000000
vn -0.954679 -0.297638 0.000000
vn -0.994465 -0.105073 0.000000
vn -0.994465 -0.105073 0.000000
vn -0.993850 0.110734 0.000000
vn -0.993850 0.110734 0.000000
vn -0.974220 0.225599 0.000000
vn -0.974220 0.225599 0.000000
vn -0.971233 0.238130 0.000000
vn -0.971233 0.238130 0.000000
vn -0.988334 0.152299 0.000000
vn -0.988334 0.152299 0.000000
vn -0.999229 0.039272 0.000000
vn -0.999229 0.039272 0.000000
vn -0.999991 0.004335 0.000000
vn -0.999991 0.004335 0.000000
vn -0.999145 -0.041338 0.000000
vn -0.999145 -0.041338 0.000000
vn -0.998981 0.045134 0.000000
vn -0.998981 0.045134 0.000000
vn -0.986030 0.166568 0.000000
vn -0.986030 0.166568 0.000000
vn -0.926222 0.376978 0.000000
vn -0.926222 0.376978 0.000000
vn -0.934957 0.354761 0.000000
vn -0.934957 0.354761 0.000000
vn -0.945536 0.325517 0.000000
vn -0.945536 0.325517 0.000000
vn -0.964274 0.264906 0.000000
vn -0.964274 0.264906 0.000000
vn -0.958951 0.283572 0.000000
vn -0.958951 0.283572 0.000000
vn -0.944306 0.329069 0.000000
vn -0.944306 0.329069 0.000000
vn -0.937008 0.349308 0.000000
vn -0.937008 0.349308 0.000000
vn -0.938765 0.344558 0.000000
vn -0.938765 0.344558 0.000000
vn -0.913817 0.406127 0.000000
vn -0.913817 0.406127 0.000000
vn -0.959755 0.280839 0.000000
vn -0.959755 0.280839 0.000000
vn -0.986338 0.164736 0.000000
vn -0.986338 0.164736 0.000000
vn -0.997266 0.073900 0.000000
vn -0.997266 0.073900 0.000000
vn -0.998404 -0.056482 0.000000
vn -0.998404 -0.056482 0.000000
vn -0.986069 -0.166335 0.000000
vn -0.986069 -0.166335 0.000000
vn -0.947667 -0.319260 0.000000
vn -0.947667 -0.319260 0.000000
vn -0.895761 -0.444535 0.000000
vn -0.895761 -0.444535 0.000000
vn -0.826428 -0.563042 0.000000
vn -0.826428 -0.563042 0.000000
vn -0.743335 -0.668920 0.000000
vn -0.743335 -0.668920 0.000000
vn -0.663203 -0.748439 0.000000
vn -0.663203 -0.748439 0.000000
vn -0.487071 -0.873363 0.000000
vn -0.487071 -0.873363 0.000000
vn -0.365331 -0.930878 0.000000
vn -0.365331 -0.930878 0.000000
vn -0.255864 -0.966713 0.000000
vn -0.255864 -0.966713 0.000000
vn -0.017949 -0.999839 0.000000
vn -0.017949 -0.999839 0.000000
vn -0.009878 -0.999951 0.000000
vn -0.009878 -0.999951 0.000000
vn 0.012523 -0.999922 0.000000
vn 0.012523 -0.999922 0.000000
vn 0.027641 -0.999618 0.000000
vn 0.027641 -0.999618 0.000000
vn -0.008192 -0.999966 0.000000
vn -0.008192 -0.999966 0.000000
vn -0.072178 -0.997392 0.000000
vn -0.072178 -0.997392 0.000000
vn -0.126899 -0.991916 0.000000
vn -0.126899 -0.991916 0.000000
vn -0.172436 -0.985021 0.000000
vn -0.172436 -0.985021 0.000000
vn -0.126537 -0.991962 0.000000
vn -0.126537 -0.991962 0.000000
vn -0.044847 -0.998994 0.000000
vn -0.044847 -0.998994 0.000000
vn 0.950792 -0.309831 0.000000
vn 0.995050 -0.099377 0.000000
vn 0.950792 -0.309831 0.000000
vn 0.995050 -0.099377 0.000000
vn 0.995531 0.094434 -0.000000
vn 0.995531 0.094434 -0.000000
vn 0.987185 0.159581 -0.000000
vn 0.987185 0.159581 -0.000000
vn 0.991558 0.129664 -0.000000
vn 0.991558 0.129664 -0.000000
vn 0.981077 0.193617 -0.000000
vn 0.981077 0.193617 -0.000000
vn 0.951273 0.308350 -0.000000
vn 0.951273 0.308350 -0.000000
vn 0.931114 0.364729 -0.000000
vn 0.931114 0.364729 -0.000000
vn 0.923184 0.384359 -0.000000
vn 0.923184 0.384359 -0.000000
vn 0.912195 0.409757 -0.000000
vn 0.912195 0.409757 -0.000000
vn 0.908417 0.418066 -0.000000
vn 0.908417 0.418066 -0.000000
vn 0.924278 0.381719 -0.000000
vn 0.924278 0.381719 -0.000000
vn 0.953230 0.302245 -0.000000
vn 0.953230 0.302245 -0.000000
vn 0.934617 0.355657 -0.000000
vn 0.934617 0.355657 -0.000000
vn 0.858318 0.513119 -0.000000
vn 0.858318 0.513119 -0.000000
vn 0.745192 0.666850 -0.000000
vn 0.745192 0.666850 -0.000000
vn 0.884174 0.467157 -0.000000
vn 0.884174 0.467157 -0.000000
vn 0.971814 0.235750 -0.000000
vn 0.971814 0.235750 -0.000000
vn 0.994210 0.107450 -0.000000
vn 0.994210 0.107450 -0.000000
vn 0.999843 -0.017700 0.000000
vn 0.999843 -0.017700 0.000000
vn 0.999597 0.028386 -0.000000
vn 0.999597 0.028386 -0.000000
vn 0.990203 0.139635 -0.000000
vn 0.990203 0.139635 -0.000000
vn 0.943238 0.332119 -0.000000
vn 0.943238 0.332119 -0.000000
vn 0.837222 0.546863 -0.000000
vn 0.837222 0.546863 -0.000000
vn 0.807322 0.590112 -0.000000
vn 0.807322 0.590112 -0.000000
vn 0.929516 0.368781 -0.000000
vn 0.929516 0.368781 -0.000000
vn 0.983191 0.182580 -0.000000
vn 0.983191 0.182580 -0.000000
vn 0.999119 -0.041971 0.000000
vn 0.999119 -0.041971 0.000000
vn 0.970052 -0.242899 0.000000
vn 0.970052 -0.242899 0.000000
vn 0.935127 -0.354314 0.000000
vn 0.935127 -0.354314 0.000000
vn 0.959118 -0.283007 0.000000
vn 0.959118 -0.283007 0.000000
vn 0.999164 -0.040880 0.000000
vn 0.999164 -0.040880 0.000000
vn 0.995836 0.091163 -0.000000
vn 0.995836 0.091163 -0.000000
vn 0.974672 0.223639 -0.000000
vn 0.974672 0.223639 -0.000000
vn 0.915006 0.403440 -0.000000
vn 0.915006 0.403440 -0.000000
vn 0.904079 0.427364 -0.000000
vn 0.904079 0.427364 -0.000000
vn 0.918278 0.395937 -0.000000
vn 0.918278 0.395937 -0.000000
vn 0.933408 0.358817 -0.000000
vn 0.933408 0.358817 -0.000000
vn 0.965053 0.262053 -0.000000
vn 0.965053 0.262053 -0.000000
vn 0.940726 0.339168 -0.000000
vn 0.940726 0.339168 -0.000000
vn 0.876226 0.481901 -0.000000
vn 0.876226 0.481901 -0.000000
vn 0.846765 0.531967 -0.000000
vn 0.846765 0.531967 -0.000000
vn 0.712755 0.701413 -0.000000
vn 0.712755 0.701413 -0.000000
vn 0.609379 0.792879 -0.000000
vn 0.609379 0.792879 -0.000000
vn 0.423506 0.905893 -0.000000
vn 0.423506 0.905893 -0.000000
vn 0.307771 0.951460 -0.000000
vn 0.307771 0.951460 -0.000000
vn 0.173855 0.984771 -0.000000
vn 0.173855 0.984771 -0.000000
vn 0.020664 0.999786 -0.000000
vn 0.020664 0.999786 -0.000000
vn -0.138481 0.990365 0.000000
vn -0.138481 0.990365 0.000000
vn -0.279776 0.960065 0.000000
vn -0.279776 0.960065 0.000000
vn -0.402901 0.915244 0.000000
vn -0.402901 0.915244 0.000000
vn -0.591694 0.806162 0.000000
vn -0.591694 0.806162 0.000000
vn -0.714286 0.699854 0.000000
vn -0.714286 0.699854 0.000000
vn -0.795029 0.606571 0.000000
vn -0.795029 0.606571 0.000000
vn -0.892252 0.451538 0.000000
vn -0.892252 0.451538 0.000000
vn -0.939137 0.343543 0.000000
vn -0.939137 0.343543 0.000000
vn -0.984413 0.175872 0.000000
vn -0.984413 0.175872 0.000000
vn -0.998284 0.058555 0.000000
vn -0.998284 0.058555 0.000000
vn -0.995337 0.096462 0.000000
vn -0.995337 0.096462 0.000000
vn -0.975286 0.220948 0.000000
vn -0.975286 0.220948 0.000000
vn -0.913680 0.406435 0.000000
vn -0.913680 0.406435 0.000000
vn -0.790844 0.612018 0.000000
vn -0.790844 0.612018 0.000000
vn -0.694702 0.719298 0.000000
vn -0.694702 0.719298 0.000000
vn -0.586300 0.810094 0.000000
vn -0.586300 0.810094 0.000000
vn -0.455685 0.890141 0.000000
vn -0.455685 0.890141 0.000000
vn -0.329641 0.944106 0.000000
vn -0.329641 0.944106 0.000000
vn -0.208630 0.977995 0.000000
vn -0.208630 0.977995 0.000000
vn -0.409541 0.912292 0.000000
vn -0.409541 0.912292 0.000000
vn -0.531395 0.847124 0.000000
vn -0.531395 0.847124 0.000000
vn -0.520030 0.854148 0.000000
vn -0.520030 0.854148 0.000000
vn -0.554947 0.831886 0.000000
vn -0.554947 0.831886 0.000000
vn -0.464366 0.885643 0.000000
vn -0.464366 0.885643 0.000000
vn -0.311719 0.950174 0.000000
vn -0.311719 0.950174 0.000000
vn -0.193928 0.981016 0.000000
vn -0.193928 0.981016 0.000000
vn 0.062080 0.998071 -0.000000
vn 0.062080 0.998071 -0.000000
vn 0.317572 0.948234 -0.000000
vn 0.317572 0.948234 -0.000000
vn 0.428698 0.903448 -0.000000
vn 0.428698 0.903448 -0.000000
vn 0.487859 0.872923 -0.000000
vn 0.487859 0.872923 -0.000000
vn 0.462713 0.886508 -0.000000
vn 0.462713 0.886508 -0.000000
vn 0.548513 0.836142 -0.000000
vn 0.548513 0.836142 -0.000000
vn 0.566932 0.823764 -0.000000
vn 0.566932 0.823764 -0.000000
vn 0.358713 0.933448 -0.000000
vn 0.358713 0.933448 -0.000000
vn 0.154089 0.988057 -0.000000
vn 0.154089 0.988057 -0.000000
vn -0.102917 0.994690 0.000000
vn -0.102917 0.994690 0.000000
vn -0.261687 0.965153 0.000000
vn -0.261687 0.965153 0.000000
vn -0.417018 0.908898 0.000000
vn -0.417018 0.908898 0.000000
vn -0.571135 0.820856 0.000000
vn -0.571135 0.820856 0.000000
vn -0.720369 0.693591 0.000000
vn -0.720369 0.693591 0.000000
vn 0.000000 0.000000 1.000000
vn 0.000000 0.000000 1.000000
vn 0.000000 0.000000 1.000000
vn 0.000000 0.000000 1.000000
vn 0.000000 0.000000 1.000000
vn 0.000000 0.000000 1.000000
vn 0.000000 0.000000 1.000000
vn 0.000000 0.000000 1.000000
vn 0.000000 0.000000 1.000000
vn 0.000000 0.000000 1.000000
vn 0.000000 0.000000 1.000000
vn 0.000000 0.000000 1.000000
vn 0.000000 0.000000 1.000000
vn 0.000000 0.000000 1.000000
vn 0.000000 0.000000 1.000000
vn 0.000000 0.000000 1.000000
vn 0.000000 0.000000 1.000000
vn 0.000000 0.000000 1.000000
vn 0.000000 0.000000 1.000000
vn 0.000000 0.000000 1.000000
vn 0.000000 0.000000 1.000000
vn 0.000000 0.000000 1.000000
vn 0.000000 0.000000 1.000000
vn 0.000000 0.000000 1.000000
vn 0.000000 0.000000 1.000000
vn 0.000000 0.000000 1.000000
vn 0.000000 0.000000 1.000000
vn 0.000000 0.000000 1.000000
vn 0.000000 0.000000 1.000000
vn 0.000000 0.000000 1.000000
vn 0.000000 0.000000 1.000000
vn 0.000000 0.000000 1.000000
vn 0.000000 0.000000 1.000000
vn 0.000000 0.000000 1.000000
vn 0.000000 0.000000 1.000000
vn 0.000000 0.000000 1.000000
vn 0.000000 0.000000 1.000000
vn 0.000000 0.000000 1.000000
vn 0.000000 0.000000 1.000000
vn 0.000000 0.000000 1.000000
vn 0.000000 0.000000 1.000000
vn 0.000000 0.000000 1.000000
vn 0.000000 0.000000 1.000000
vn 0.000000 0.000000 1.000000
vn 0.000000 0.000000 1.000000
vn 0.000000 0.000000 1.000000
vn 0.000000 0.000000 1.000000
vn 0.000000 0.000000 1.000000
vn 0.000000 0.000000 1.000000
vn 0.000000 0.000000 1.000000
vn 0.000000 0.000000 1.000000
vn 0.000000 0.000000 1.000000
vn 0.000000 0.000000 1.000000
vn 0.000000 0.000000 1.000000
vn 0.000000 0.000000 1.000000
vn 0.000000 0.000000 1.000000
vn 0.000000 0.000000 1.000000
vn 0.000000 0.000000 1.000000
vn 0.000000 0.000000 1.000000
vn 0.000000 0.000000 1.000000
vn 0.000000 0.000000 1.000000
vn 0.000000 0.000000 1.000000
vn 0.000000 0.000000 1.000000
vn 0.000000 0.000000 1.000000
vn 0.000000 0.000000 1.000000
vn 0.000000 0.000000 1.000000
vn 0.000000 0.000000 1.000000
vn 0.000000 0.000000 1.000000
vn 0.000000 0.000000 1.000000
vn 0.000000 0.000000 1.000000
vn 0.000000 0.000000 1.000000
vn 0.000000 0.000000 1.000000
vn 0.000000 0.000000 1.000000
vn 0.000000 0.000000 1.000000
vn 0.000000 0.000000 1.000000
vn 0.000000 0.000000 1.000000
vn 0.000000 0.000000 1.000000
vn 0.000000 0.000000 1.000000
vn 0.000000 0.000000 1.000000
vn 0.000000 0.000000 1.000000
vn 0.000000 0.000000 1.000000
vn 0.000000 0.000000 1.000000
vn 0.000000 0.000000 1.000000
vn 0.000000 0.000000 1.000000
vn 0.000000 0.000000 1.000000
vn 0.000000 0.000000 1.000000
vn 0.000000 0.000000 1.000000
vn 0.000000 0.000000 1.000000
vn 0.000000 0.000000 1.000000
vn 0.000000 0.000000 1.000000
vn 0.000000 0.000000 1.000000
vn 0.000000 0.000000 1.000000
vn 0.000000 0.000000 1.000000
vn 0.000000 0.000000 1.000000
vn 0.000000 0.000000 1.000000
vn 0.000000 0.000000 1.000000
vn 0.000000 0.000000 1.000000
vn 0.000000 0.000000 1.000000
vn 0.000000 0.000000 1.000000
vn 0.000000 0.000000 1.000000
vn 0.000000 0.000000 1.000000
vn 0.000000 0.000000 1.000000
vn 0.000000 0.000000 1.000000
vn 0.000000 0.000000 1.000000
vn 0.000000 0.000000 1.000000
vn 0.000000 0.000000 1.000000
vn 0.000000 0.000000 1.000000
vn 0.000000 0.000000 1.000000
vn 0.000000 0.000000 1.000000
vn 0.000000 0.000000 1.000000
vn 0.000000 0.000000 1.000000
vn 0.000000 0.000000 1.000000
vn 0.000000 0.000000 1.000000
vn 0.000000 0.000000 1.000000
vn 0.000000 0.000000 1.000000
vn 0.000000 0.000000 1.000000
vn 0.000000 0.000000 1.000000
vn 0.000000 0.000000 1.000000
vn 0.000000 0.000000 1.000000
vn 0.000000 0.000000 1.000000
vn 0.000000 0.000000 1.000000
vn 0.000000 0.000000 1.000000
vn 0.000000 0.000000 1.000000
vn 0.000000 0.000000 1.000000
vn 0.000000 0.000000 1.000000
vn 0.000000 0.000000 1.000000
vn 0.000000 0.000000 1.000000
vn 0.000000 0.000000 1.000000
vn 0.000000 0.000000 1.000000
vn 0.000000 0.000000 1.000000
vn 0.000000 0.000000 1.000000
vn 0.000000 0.000000 1.000000
vn 0.000000 0.000000 1.000000
vn 0.000000 0.000000 1.000000
vn 0.000000 0.000000 1.000000
vn 0.000000 0.000000 1.000000
vn 0.000000 0.000000 1.000000
vn 0.000000 0.000000 1.000000
vn 0.000000 0.000000 1.000000
vn 0.000000 0.000000 1.000000
vn 0.000000 0.000000 1.000000
vn 0.000000 0.000000 1.000000
vn 0.000000 0.000000 1.000000
vn 0.000000 0.000000 1.000000
vn 0.000000 0.000000 1.000000
vn 0.000000 0.000000 1.000000
vn 0.000000 0.000000 1.000000
vn 0.000000 0.000000 1.000000
vn 0.000000 0.000000 1.000000
vn 0.000000 0.000000 1.000000
vn 0.000000 0.000000 1.000000
vn 0.000000 0.000000 1.000000
vn 0.000000 0.000000 1.000000
vn 0.000000 0.000000 1.000000
vn 0.000000 0.000000 1.000000
vn 0.000000 0.000000 1.000000
vn 0.000000 0.000000 1.000000
vn 0.000000 0.000000 1.000000
vn 0.000000 0.000000 1.000000
vn 0.000000 0.000000 1.000000
vn 0.000000 0.000000 1.000000
vn 0.000000 0.000000 1.000000
vn 0.000000 0.000000 1.000000
vn 0.000000 0.000000 1.000000
vn 0.000000 0.000000 1.000000
vn 0.000000 0.000000 1.000000
vn 0.000000 0.000000 1.000000
vn 0.000000 0.000000 1.000000
vn 0.000000 0.000000 1.000000
vn 0.000000 0.000000 1.000000
vn 0.000000 0.000000 1.000000
vn 0.000000 0.000000 1.000000
vn 0.000000 0.000000 1.000000
vn 0.000000 0.000000 1.000000
vn 0.000000 0.000000 1.000000
vn 0.000000 0.000000 1.000000
vn 0.000000 0.000000 1.000000
vn 0.000000 0.000000 1.000000
vn 0.000000 0.000000 1.000000
vn 0.000000 0.000000 1.000000
vn 0.000000 0.000000 1.000000
vn 0.000000 0.000000 1.000000
vn 0.000000 0.000000 1.000000
vn 0.000000 0.000000 1.000000
vn 0.000000 0.000000 1.000000
vn 0.000000 0.000000 1.000000
vn 0.000000 0.000000 1.000000
vn 0.000000 0.000000 1.000000
vn 0.000000 0.000000 1.000000
vn 0.000000 0.000000 1.000000
vn 0.000000 0.000000 1.000000
vn 0.000000 0.000000 1.000000
vn 0.000000 0.000000 1.000000
vn 0.000000 0.000000 1.000000
vn 0.000000 0.000000 1.000000
vn 0.000000 0.000000 1.000000
vn 0.000000 0.000000 1.000000
vn 0.000000 0.000000 1.000000
vn 0.000000 0.000000 1.000000
vn 0.000000 0.000000 1.000000
vn 0.000000 0.000000 1.000000
vn 0.000000 0.000000 1.000000
vn 0.000000 0.000000 1.000000
vn 0.000000 0.000000 1.000000
vn 0.000000 0.000000 1.000000
vn 0.000000 0.000000 1.000000
vn 0.000000 0.000000 1.000000
vn 0.000000 0.000000 1.000000
vn 0.000000 0.000000 1.000000
vn 0.000000 0.000000 1.000000
vn 0.000000 0.000000 1.000000
vn 0.000000 0.000000 1.000000
vn 0.000000 0.000000 1.000000
vn 0.000000 0.000000 1.000000
vn 0.000000 0.000000 1.000000
vn 0.000000 0.000000 1.000000
vn 0.000000 0.000000 1.000000
vn 0.000000 0.000000 1.000000
vn 0.000000 0.000000 1.000000
vn 0.000000 0.000000 1.000000
vn 0.000000 0.000000 1.000000
vn 0.000000 0.000000 1.000000
vn 0.000000 0.000000 1.000000
vn 0.000000 0.000000 1.000000
vn 0.000000 0.000000 1.000000
vn 0.000000 0.000000 1.000000
vn 0.000000 0.000000 1.000000
vn 0.000000 0.000000 1.000000
vn 0.000000 0.000000 1.000000
vn 0.000000 0.000000 1.000000
vn 0.000000 0.000000 1.000000
vn 0.000000 0.000000 1.000000
vn 0.000000 0.000000 1.000000
vn 0.000000 0.000000 1.000000
vn 0.000000 0.000000 1.000000
vn 0.000000 0.000000 1.000000
vn 0.000000 0.000000 1.000000
vn 0.000000 0.000000 1.000000
vn 0.000000 0.000000 1.000000
vn 0.000000 0.000000 1.000000
vn 0.000000 0.000000 1.000000
vn 0.000000 0.000000 1.000000
vn 0.000000 0.000000 1.000000
vn 0.000000 0.000000 1.000000
vn 0.000000 0.000000 1.000000
vn 0.000000 0.000000 1.000000
vn 0.000000 0.000000 1.000000
vn 0.000000 0.000000 1.000000
vn 0.000000 0.000000 1.000000
vn 0.000000 0.000000 1.000000
vn 0.000000 0.000000 1.000000
vn 0.000000 0.000000 1.000000
vn 0.000000 0.000000 1.000000
vn 0.000000 0.000000 1.000000
vn 0.000000 0.000000 1.000000
vn 0.000000 0.000000 1.000000
vn 0.000000 0.000000 1.000000
vn 0.000000 0.000000 1.000000
vn 0.000000 0.000000 1.000000
vn 0.000000 0.000000 1.000000
vn 0.000000 0.000000 1.000000
vn 0.000000 0.000000 1.000000
vn 0.000000 0.000000 1.000000
vn 0.000000 0.000000 1.000000
vn 0.000000 0.000000 1.000000
vn 0.000000 0.000000 1.000000
vn 0.000000 0.000000 1.000000
vn 0.000000 0.000000 1.000000
vn 0.000000 0.000000 1.000000
vn 0.000000 0.000000 1.000000
vn 0.000000 0.000000 1.000000
vn 0.000000 0.000000 1.000000
vn 0.000000 0.000000 1.000000
vn 0.000000 0.000000 1.000000
vn 0.000000 0.000000 1.000000
vn 0.000000 0.000000 1.000000
vn 0.000000 0.000000 1.000000
vn 0.000000 0.000000 1.000000
vn 0.000000 0.000000 1.000000
vn 0.000000 0.000000 1.000000
vn 0.000000 0.000000 1.000000
vn 0.000000 0.000000 1.000000
vn 0.000000 0.000000 1.000000
vn 0.000000 0.000000 1.000000
vn 0.000000 0.000000 1.000000
vn 0.000000 0.000000 1.000000
vn 0.000000 0.000000 1.000000
vn 0.000000 0.000000 1.000000
vn 0.000000 0.000000 1.000000
vn 0.000000 0.000000 1.000000
vn 0.000000 0.000000 1.000000
vn 0.000000 0.000000 1.000000
vn 0.000000 0.000000 1.000000
vn 0.000000 0.000000 1.000000
vn 0.000000 0.000000 1.000000
vn 0.000000 0.000000 1.000000
vn 0.000000 0.000000 1.000000
vn 0.000000 0.000000 1.000000
vn 0.000000 0.000000 1.000000
vn 0.000000 0.000000 1.000000
vn 0.000000 0.000000 1.000000
vn 0.000000 0.000000 1.000000
vn 0.000000 0.000000 1.000000
vn 0.000000 0.000000 1.000000
vn 0.000000 0.000000 1.000000
vn 0.000000 0.000000 1.000000
vn 0.000000 0.000000 1.000000
vn 0.000000 0.000000 1.000000
vn 0.000000 0.000000 1.000000
vn 0.000000 0.000000 1.000000
vn 0.000000 0.000000 1.000000
vn 0.000000 0.000000 1.000000
vn 0.000000 0.000000 1.000000
vn 0.000000 0.000000 1.000000
vn 0.000000 0.000000 1.000000
vn 0.000000 0.000000 1.000000
vn 0.000000 0.000000 1.000000
vn 0.000000 0.000000 1.000000
vn 0.000000 0.000000 1.000000
vn 0.000000 0.000000 1.000000
vn 0.000000 0.000000 1.000000
vn 0.000000 0.000000 1.000000
vn 0.000000 0.000000 1.000000
vn 0.000000 0.000000 1.000000
vn 0.000000 0.000000 1.000000
vn 0.000000 0.000000 1.000000
vn 0.000000 0.000000 1.000000
vn 0.000000 0.000000 1.000000
vn 0.000000 0.000000 1.000000
vn 0.000000 0.000000 1.000000
vn 0.000000 0.000000 1.000000
vn 0.000000 0.000000 1.000000
vn 0.000000 0.000000 1.000000
vn 0.000000 0.000000 1.000000
vn 0.000000 0.000000 1.000000
vn 0.000000 0.000000 1.000000
vn 0.000000 0.000000 1.000000
vn 0.000000 0.000000 1.000000
vn 0.000000 0.000000 1.000000
vn 0.000000 0.000000 1.000000
vn 0.000000 0.000000 1.000000
vn 0.000000 0.000000 1.000000
vn 0.000000 0.000000 1.000000
vn 0.000000 0.000000 1.000000
vn 0.000000 0.000000 1.000000
vn 0.000000 0.000000 1.000000
vn 0.000000 0.000000 1.000000
vn 0.000000 0.000000 1.000000
vn 0.000000 0.000000 1.000000
vn 0.000000 0.000000 1.000000
vn 0.000000 0.000000 1.000000
vn 0.000000 0.000000 1.000000
vn 0.000000 0.000000 1.000000
vn 0.000000 0.000000 1.000000
vn 0.000000 0.000000 1.000000
vn 0.000000 0.000000 1.000000
vn 0.000000 0.000000 1.000000
vn 0.000000 0.000000 1.000000
vn 0.000000 0.000000 1.000000
vn 0.000000 0.000000 1.000000
vn 0.000000 0.000000 1.000000
vn 0.000000 0.000000 1.000000
vn 0.000000 0.000000 1.000000
vn 0.000000 0.000000 1.000000
vn 0.000000 0.000000 1.000000
vn 0.000000 0.000000 1.000000
vn 0.000000 0.000000 1.000000
vn 0.000000 0.000000 1.000000
vn 0.000000 0.000000 1.000000
vn 0.000000 0.000000 1.000000
vn 0.000000 0.000000 1.000000
vn 0.000000 0.000000 1.000000
vn 0.000000 0.000000 1.000000
vn 0.000000 0.000000 1.000000
vn 0.000000 0.000000 1.000000
vn 0.000000 0.000000 1.000000
vn 0.000000 0.000000 1.000000
vn 0.000000 0.000000 1.000000
vn 0.000000 0.000000 1.000000
vn 0.000000 0.000000 1.000000
vn 0.000000 0.000000 1.000000
vn 0.000000 0.000000 1.000000
vn 0.000000 0.000000 1.000000
vn 0.000000 0.000000 1.000000
vn 0.000000 0.000000 1.000000
vn 0.000000 0.000000 1.000000
vn 0.000000 0.000000 1.000000
vn 0.000000 0.000000 1.000000
vn 0.000000 0.000000 1.000000
vn 0.000000 0.000000 1.000000
vn 0.000000 0.000000 1.000000
vn 0.000000 0.000000 1.000000
vn 0.000000 0.000000 1.000000
vn 0.000000 0.000000 1.000000
vn 0.000000 0.000000 1.000000
vn 0.000000 0.000000 1.000000
vn 0.000000 0.000000 1.000000
vn 0.000000 0.000000 1.000000
vn 0.000000 0.000000 1.000000
vn 0.000000 0.000000 1.000000
vn 0.000000 0.000000 1.000000
vn 0.000000 0.000000 1.000000
vn 0.000000 0.000000 1.000000
vn 0.000000 0.000000 1.000000
vn 0.000000 0.000000 1.000000
vn 0.000000 0.000000 1.000000
vn 0.000000 0.000000 1.000000
vn 0.000000 0.000000 1.000000
vn 0.000000 0.000000 1.000000
vn 0.000000 0.000000 1.000000
vn 0.000000 0.000000 1.000000
vn 0.000000 0.000000 1.000000
vn 0.000000 0.000000 1.000000
vn 0.000000 0.000000 1.000000
vn 0.000000 0.000000 1.000000
vn 0.000000 0.000000 1.000000
vn 0.000000 0.000000 1.000000
vn 0.000000 0.000000 1.000000
vn -0.676238 0.736684 0.000000
vn -0.768362 0.640016 0.000000
vn -0.676238 0.736684 0.000000
vn -0.768362 0.640016 0.000000
vn -0.844736 0.535183 0.000000
vn -0.844736 0.535183 0.000000
vn -0.945917 0.324410 0.000000
vn -0.945917 0.324410 0.000000
vn -0.992572 0.121657 0.000000
vn -0.992572 0.121657 0.000000
vn -0.999457 -0.032942 0.000000
vn -0.999457 -0.032942 0.000000
vn -0.983445 -0.181205 0.000000
vn -0.983445 -0.181205 0.000000
vn -0.971311 -0.237812 0.000000
vn -0.971311 -0.237812 0.000000
vn -0.930623 -0.365979 0.000000
vn -0.930623 -0.365979 0.000000
vn -0.894694 -0.446680 0.000000
vn -0.894694 -0.446680 0.000000
vn -0.890384 -0.455210 0.000000
vn -0.890384 -0.455210 0.000000
vn -0.905070 -0.425262 0.000000
vn -0.905070 -0.425262 0.000000
vn -0.879336 -0.476202 0.000000
vn -0.879336 -0.476202 0.000000
vn -0.832537 -0.553970 0.000000
vn -0.832537 -0.553970 0.000000
vn -0.794408 -0.607384 0.000000
vn -0.794408 -0.607384 0.000000
vn 0.450288 0.892883 -0.000000
vn 0.552086 0.833787 -0.000000
vn 0.450288 0.892883 -0.000000
vn 0.552086 0.833787 -0.000000
vn 0.528756 0.848774 -0.000000
vn 0.528756 0.848774 -0.000000
vn 0.359643 0.933090 -0.000000
vn 0.359643 0.933090 -0.000000
vn 0.232674 0.972555 -0.000000
vn 0.232674 0.972555 -0.000000
vn 0.081819 0.996647 -0.000000
vn 0.081819 0.996647 -0.000000
vn -0.094152 0.995558 0.000000
vn -0.094152 0.995558 0.000000
vn -0.291743 0.956497 0.000000
vn -0.291743 0.956497 0.000000
vn -0.506874 0.862020 0.000000
vn -0.506874 0.862020 0.000000
vn -0.701599 0.712572 0.000000
vn -0.701599 0.712572 0.000000
vn -0.226149 0.974093 0.000000
vn -0.408320 0.912839 0.000000
vn -0.226149 0.974093 0.000000
vn -0.408320 0.912839 0.000000
vn -0.517152 0.855893 0.000000
vn -0.517152 0.855893 0.000000
vn -0.535121 0.844776 0.000000
vn -0.535121 0.844776 0.000000
vn -0.519233 0.854633 0.000000
vn -0.519233 0.854633 0.000000
vn 0.908538 0.417802 -0.000000
vn 0.916573 0.399868 -0.000000
vn 0.908538 0.417802 -0.000000
vn 0.916573 0.399868 -0.000000
vn 0.934743 0.355325 -0.000000
vn 0.934743 0.355325 -0.000000
vn 0.953188 0.302379 -0.000000
vn 0.953188 0.302379 -0.000000
vn 0.949983 0.312302 -0.000000
vn 0.949983 0.312302 -0.000000
vn 0.926299 0.376789 -0.000000
vn 0.926299 0.376789 -0.000000
vn 0.806782 0.590849 -0.000000
vn 0.806782 0.590849 -0.000000
vn 0.744823 0.667262 -0.000000
vn 0.744823 0.667262 -0.000000
vn 0.801768 0.597635 -0.000000
vn 0.801768 0.597635 -0.000000
vn 0.920619 0.390462 -0.000000
vn 0.920619 0.390462 -0.000000
vn 0.965776 0.259378 -0.000000
vn 0.965776 0.259378 -0.000000
vn 0.995818 0.091359 -0.000000
vn 0.995818 0.091359 -0.000000
vn 0.999837 -0.018074 0.000000
vn 0.999837 -0.018074 0.000000
vn 0.999715 0.023862 -0.000000
vn 0.999715 0.023862 -0.000000
vn 0.996424 0.084496 -0.000000
vn 0.996424 0.084496 -0.000000
vn 0.956670 0.291173 -0.000000
vn 0.956670 0.291173 -0.000000
vn 0.899761 0.436383 -0.000000
vn 0.899761 0.436383 -0.000000
vn 0.831849 0.555003 -0.000000
vn 0.831849 0.555003 -0.000000
vn 0.799088 0.601214 -0.000000
vn 0.799088 0.601214 -0.000000
vn 0.832317 0.554299 -0.000000
vn 0.832317 0.554299 -0.000000
vn 0.913649 0.406505 -0.000000
vn 0.913649 0.406505 -0.000000
vn 0.959127 0.282976 -0.000000
vn 0.959127 0.282976 -0.000000
vn 0.989097 0.147268 -0.000000
vn 0.989097 0.147268 -0.000000
vn 0.994095 -0.108510 0.000000
vn 0.994095 -0.108510 0.000000
vn 0.943489 -0.331403 0.000000
vn 0.943489 -0.331403 0.000000
vn 0.927313 -0.374286 0.000000
vn 0.927313 -0.374286 0.000000
vn 0.959789 -0.280724 0.000000
vn 0.959789 -0.280724 0.000000
vn 0.992832 -0.119522 0.000000
vn 0.992832 -0.119522 0.000000
vn 0.999999 0.001118 -0.000000
vn 0.999999 0.001118 -0.000000
vn 0.997146 0.075496 -0.000000
vn 0.997146 0.075496 -0.000000
vn 0.990126 0.140183 -0.000000
vn 0.990126 0.140183 -0.000000
vn 0.932341 0.361579 -0.000000
vn 0.932341 0.361579 -0.000000
vn 0.890418 0.455143 -0.000000
vn 0.907038 0.421049 -0.000000
vn 0.923099 0.384562 -0.000000
vn 0.946758 0.321945 -0.000000
vn 0.933160 0.359461 -0.000000
vn 0.858777 0.512350 -0.000000
vn 0.933160 0.359461 -0.000000
vn 0.946758 0.321945 -0.000000
vn 0.923099 0.384562 -0.000000
vn 0.858777 0.512350 -0.000000
vn 0.852592 0.522577 -0.000000
vn 0.852592 0.522577 -0.000000
vn 0.842031 0.539429 -0.000000
vn 0.842031 0.539429 -0.000000
vn 0.755445 0.655212 -0.000000
vn 0.755445 0.655212 -0.000000
vn 0.658442 0.752631 -0.000000
vn 0.658442 0.752631 -0.000000
vn 0.453975 0.891014 -0.000000
vn 0.453975 0.891014 -0.000000
vn 0.301762 0.953383 -0.000000
vn 0.301762 0.953383 -0.000000
vn 0.134917 0.990857 -0.000000
vn 0.134917 0.990857 -0.000000
vn -0.060251 0.998183 0.000000
vn -0.060251 0.998183 0.000000
vn -0.243232 0.969968 0.000000
vn -0.243232 0.969968 0.000000
vn -0.396114 0.918201 0.000000
vn -0.396114 0.918201 0.000000
vn -0.524776 0.851240 0.000000
vn -0.524776 0.851240 0.000000
vn -0.701254 0.712911 0.000000
vn -0.701254 0.712911 0.000000
vn -0.801338 0.598212 0.000000
vn -0.801338 0.598212 0.000000
vn -0.865135 0.501539 0.000000
vn -0.865135 0.501539 0.000000
vn -0.934438 0.356127 0.000000
vn -0.934438 0.356127 0.000000
vn -0.970371 0.241621 0.000000
vn -0.970371 0.241621 0.000000
vn -0.997036 0.076932 0.000000
vn -0.997036 0.076932 0.000000
vn -0.998800 0.048979 0.000000
vn -0.998800 0.048979 0.000000
vn -0.995006 0.099816 0.000000
vn -0.995006 0.099816 0.000000
vn 0.907038 0.421049 -0.000000
vn 0.890418 0.455143 -0.000000
vn -0.087223 -0.996189 0.000000
vn -0.074201 -0.997243 0.000000
vn -0.087223 -0.996189 0.000000
vn -0.074201 -0.997243 0.000000
vn 0.012971 -0.999916 0.000000
vn 0.012971 -0.999916 0.000000
vn 0.153202 -0.988195 0.000000
vn 0.153202 -0.988195 0.000000
vn 0.282084 -0.959390 0.000000
vn 0.282084 -0.959390 0.000000
vn 0.386042 -0.922481 0.000000
vn 0.386042 -0.922481 0.000000
vn 0.510265 -0.860017 0.000000
vn 0.510265 -0.860017 0.000000
vn 0.557756 -0.830005 0.000000
vn 0.557756 -0.830005 0.000000
vn 0.609839 -0.792525 0.000000
vn 0.609839 -0.792525 0.000000
vn 0.675090 -0.737735 0.000000
vn 0.675090 -0.737735 0.000000
vn 0.751846 -0.659338 0.000000
vn 0.751846 -0.659338 0.000000
vn 0.857846 -0.513907 0.000000
vn 0.857846 -0.513907 0.000000
vn 0.905961 -0.423361 0.000000
vn 0.905961 -0.423361 0.000000
vn 0.946816 -0.321774 0.000000
vn 0.946816 -0.321774 0.000000
vn 0.976264 -0.216582 0.000000
vn 0.976264 -0.216582 0.000000
vn 0.994050 -0.108924 0.000000
vn 0.994050 -0.108924 0.000000
vn 0.999955 0.009533 -0.000000
vn 0.999955 0.009533 -0.000000
vn 0.990271 0.139152 -0.000000
vn 0.990271 0.139152 -0.000000
vn 0.991520 0.129951 -0.000000
vn 0.991520 0.129951 -0.000000
vn 0.997373 0.072440 -0.000000
vn 0.997373 0.072440 -0.000000
vn 0.998141 -0.060942 0.000000
vn 0.998141 -0.060942 0.000000
vn 0.986668 -0.162745 0.000000
vn 0.986668 -0.162745 0.000000
vn 0.961708 -0.274076 0.000000
vn 0.961708 -0.274076 0.000000
vn 0.908905 -0.417002 0.000000
vn 0.908905 -0.417002 0.000000
vn 0.814588 -0.580039 0.000000
vn 0.814588 -0.580039 0.000000
vn 0.776132 -0.630570 0.000000
vn 0.776132 -0.630570 0.000000
vn 0.819724 -0.572759 0.000000
vn 0.819724 -0.572759 0.000000
vn 0.893658 -0.448748 0.000000
vn 0.893658 -0.448748 0.000000
vn 0.977716 -0.209934 0.000000
vn 0.977716 -0.209934 0.000000
vn 0.999147 -0.041298 0.000000
vn 0.999147 -0.041298 0.000000
vn 0.989018 0.147793 -0.000000
vn 0.989018 0.147793 -0.000000
vn 0.933607 0.358298 -0.000000
vn 0.933607 0.358298 -0.000000
vn 0.830348 0.557246 -0.000000
vn 0.830348 0.557246 -0.000000
vn 0.687417 0.726263 -0.000000
vn 0.687417 0.726263 -0.000000
vn 0.500491 0.865742 -0.000000
vn 0.500491 0.865742 -0.000000
vn 0.289769 0.957097 -0.000000
vn 0.289769 0.957097 -0.000000
vn 0.074277 0.997238 -0.000000
vn 0.074277 0.997238 -0.000000
vn -0.146231 0.989250 0.000000
vn -0.146231 0.989250 0.000000
vn -0.327126 0.944981 0.000000
vn -0.327126 0.944981 0.000000
vn -0.467749 0.883861 0.000000
vn -0.467749 0.883861 0.000000
vn -0.565800 0.824542 0.000000
vn -0.565800 0.824542 0.000000
vn -0.690654 0.723186 0.000000
vn -0.690654 0.723186 0.000000
vn -0.744142 0.668022 0.000000
vn -0.744142 0.668022 0.000000
vn -0.836890 0.547370 0.000000
vn -0.836890 0.547370 0.000000
vn -0.925922 0.377714 0.000000
vn -0.925922 0.377714 0.000000
vn -0.978597 0.205788 0.000000
vn -0.978597 0.205788 0.000000
vn -0.999554 0.029875 0.000000
vn -0.999554 0.029875 0.000000
vn -0.889934 0.456089 0.000000
vn -0.950274 0.311416 0.000000
vn -0.889934 0.456089 0.000000
vn -0.950274 0.311416 0.000000
vn -0.952776 0.303673 0.000000
vn -0.952776 0.303673 0.000000
vn -0.968996 0.247077 0.000000
vn -0.968996 0.247077 0.000000
vn -0.958988 0.283445 0.000000
vn -0.958988 0.283445 0.000000
vn -0.939579 0.342332 0.000000
vn -0.939579 0.342332 0.000000
vn -0.950065 0.312053 0.000000
vn -0.950065 0.312053 0.000000
vn -0.955346 0.295489 0.000000
vn -0.955346 0.295489 0.000000
vn -0.943250 0.332083 0.000000
vn -0.943250 0.332083 0.000000
vn -0.922696 0.385528 0.000000
vn -0.922696 0.385528 0.000000
vn -0.897509 0.440997 0.000000
vn -0.897509 0.440997 0.000000
vn -0.916704 0.399567 0.000000
vn -0.916704 0.399567 0.000000
vn -0.963519 0.267641 0.000000
vn -0.963519 0.267641 0.000000
vn -0.945175 0.326563 0.000000
vn -0.945175 0.326563 0.000000
vn -0.953347 0.301878 0.000000
vn -0.953347 0.301878 0.000000
vn -0.983153 0.182783 0.000000
vn -0.983153 0.182783 0.000000
vn -0.997238 0.074272 0.000000
vn -0.997238 0.074272 0.000000
vn -0.997388 0.072225 0.000000
vn -0.997388 0.072225 0.000000
vn -0.998942 0.045998 0.000000
vn -0.998942 0.045998 0.000000
vn -0.998790 -0.049169 0.000000
vn -0.998790 -0.049169 0.000000
vn -0.993276 -0.115772 0.000000
vn -0.993276 -0.115772 0.000000
vn -0.982773 -0.184816 0.000000
vn -0.982773 -0.184816 0.000000
vn -0.957476 -0.288511 0.000000
vn -0.957476 -0.288511 0.000000
vn -0.893541 -0.448982 0.000000
vn -0.893541 -0.448982 0.000000
vn -0.799101 -0.601197 0.000000
vn -0.799101 -0.601197 0.000000
vn -0.695602 -0.718427 0.000000
vn -0.695602 -0.718427 0.000000
vn -0.622098 -0.782939 0.000000
vn -0.622098 -0.782939 0.000000
vn -0.497242 -0.867612 0.000000
vn -0.497242 -0.867612 0.000000
vn -0.354726 -0.934970 0.000000
vn -0.354726 -0.934970 0.000000
vn -0.278801 -0.960349 0.000000
vn -0.278801 -0.960349 0.000000
vn -0.113302 -0.993561 0.000000
vn -0.113302 -0.993561 0.000000
vn -0.006197 -0.999981 0.000000
vn -0.006197 -0.999981 0.000000
vn -0.005979 -0.999982 0.000000
vn -0.005979 -0.999982 0.000000
vn 0.017567 -0.999846 0.000000
vn 0.017567 -0.999846 0.000000
vn 0.032155 -0.999483 0.000000
vn 0.032155 -0.999483 0.000000
vn -0.001366 -0.999999 0.000000
vn -0.001366 -0.999999 0.000000
vn -0.124455 -0.992225 0.000000
vn -0.124455 -0.992225 0.000000
vn -0.179452 -0.983767 0.000000
vn -0.179452 -0.983767 0.000000
vn -0.168969 -0.985621 0.000000
vn -0.168969 -0.985621 0.000000
vn -0.090825 -0.995867 0.000000
vn -0.090825 -0.995867 0.000000
vn -0.045713 -0.998955 0.000000
vn -0.045713 -0.998955 0.000000
vn -0.970716 0.240229 0.000000
vn -0.998952 0.045777 0.000000
vn -0.970716 0.240229 0.000000
vn -0.998952 0.045777 0.000000
vn -0.999974 0.007182 0.000000
vn -0.999974 0.007182 0.000000
vn -0.999311 -0.037107 0.000000
vn -0.999311 -0.037107 0.000000
vn -0.999784 0.020767 0.000000
vn -0.999784 0.020767 0.000000
vn -0.988459 0.151486 0.000000
vn -0.988459 0.151486 0.000000
vn -0.999472 0.032501 0.000000
vn -0.998072 -0.062069 0.000000
vn -0.999472 0.032501 0.000000
vn -0.998072 -0.062069 0.000000
vn -0.978203 -0.207650 0.000000
vn -0.978203 -0.207650 0.000000
vn -0.929255 -0.369439 0.000000
vn -0.929255 -0.369439 0.000000
vn -0.896997 -0.442037 0.000000
vn -0.896997 -0.442037 0.000000
vn 0.000000 0.000000 1.000000
vn 0.000000 0.000000 1.000000
vn 0.000000 0.000000 1.000000
vn 0.000000 0.000000 1.000000
vn 0.000000 0.000000 1.000000
vn 0.000000 0.000000 1.000000
vn 0.000000 0.000000 1.000000
vn 0.000000 0.000000 1.000000
vn 0.000000 0.000000 1.000000
vn 0.000000 0.000000 1.000000
vn 0.000000 0.000000 1.000000
vn 0.000000 0.000000 1.000000
vn 0.000000 0.000000 1.000000
vn 0.000000 0.000000 1.000000
vn 0.000000 0.000000 1.000000
vn 0.000000 0.000000 1.000000
vn 0.000000 0.000000 1.000000
vn 0.000000 0.000000 1.000000
vn 0.000000 0.000000 1.000000
vn 0.000000 0.000000 1.000000
vn 0.000000 0.000000 1.000000
vn 0.000000 0.000000 1.000000
vn 0.000000 0.000000 1.000000
vn 0.000000 0.000000 1.000000
vn 0.000000 0.000000 1.000000
vn 0.000000 0.000000 1.000000
vn 0.000000 0.000000 1.000000
vn 0.000000 0.000000 1.000000
vn 0.000000 0.000000 1.000000
vn 0.000000 0.000000 1.000000
vn 0.000000 0.000000 1.000000
vn 0.000000 0.000000 1.000000
vn 0.000000 0.000000 1.000000
vn 0.000000 0.000000 1.000000
vn 0.000000 0.000000 1.000000
vn 0.000000 0.000000 1.000000
vn 0.000000 0.000000 1.000000
vn 0.000000 0.000000 1.000000
vn 0.000000 0.000000 1.000000
vn 0.000000 0.000000 1.000000
vn 0.000000 0.000000 1.000000
vn 0.000000 0.000000 1.000000
vn 0.000000 0.000000 1.000000
vn 0.000000 0.000000 1.000000
vn 0.000000 0.000000 1.000000
vn 0.000000 0.000000 1.000000
vn 0.000000 0.000000 1.000000
vn 0.000000 0.000000 1.000000
vn 0.000000 0.000000 1.000000
vn 0.000000 0.000000 1.000000
vn 0.000000 0.000000 1.000000
vn 0.000000 0.000000 1.000000
vn 0.000000 0.000000 1.000000
vn 0.000000 0.000000 1.000000
vn 0.000000 0.000000 1.000000
vn 0.000000 0.000000 1.000000
vn 0.000000 0.000000 1.000000
vn 0.000000 0.000000 1.000000
vn 0.000000 0.000000 1.000000
vn 0.000000 0.000000 1.000000
vn 0.000000 0.000000 1.000000
vn 0.000000 0.000000 1.000000
vn 0.000000 0.000000 1.000000
vn 0.000000 0.000000 1.000000
vn 0.000000 0.000000 1.000000
vn 0.000000 0.000000 1.000000
vn 0.000000 0.000000 1.000000
vn 0.000000 0.000000 1.000000
vn 0.000000 0.000000 1.000000
vn 0.000000 0.000000 1.000000
vn 0.000000 0.000000 1.000000
vn 0.000000 0.000000 1.000000
vn 0.000000 0.000000 1.000000
vn 0.000000 0.000000 1.000000
vn 0.000000 0.000000 1.000000
vn 0.000000 0.000000 1.000000
vn 0.000000 0.000000 1.000000
vn 0.000000 0.000000 1.000000
vn 0.000000 0.000000 1.000000
vn 0.000000 0.000000 1.000000
vn 0.000000 0.000000 1.000000
vn 0.000000 0.000000 1.000000
vn 0.000000 0.000000 1.000000
vn 0.000000 0.000000 1.000000
vn 0.000000 0.000000 1.000000
vn 0.000000 0.000000 1.000000
vn 0.000000 0.000000 1.000000
vn 0.000000 0.000000 1.000000
vn 0.000000 0.000000 1.000000
vn 0.000000 0.000000 1.000000
vn 0.000000 0.000000 1.000000
vn 0.000000 0.000000 1.000000
vn 0.000000 0.000000 1.000000
vn 0.000000 0.000000 1.000000
vn 0.000000 0.000000 1.000000
vn 0.000000 0.000000 1.000000
vn 0.000000 0.000000 1.000000
vn 0.000000 0.000000 1.000000
vn 0.000000 0.000000 1.000000
vn 0.000000 0.000000 1.000000
vn 0.000000 0.000000 1.000000
vn 0.000000 0.000000 1.000000
vn 0.000000 0.000000 1.000000
vn 0.000000 0.000000 1.000000
vn 0.000000 0.000000 1.000000
vn 0.000000 0.000000 1.000000
vn 0.000000 0.000000 1.000000
vn 0.000000 0.000000 1.000000
vn 0.000000 0.000000 1.000000
vn 0.000000 0.000000 1.000000
vn 0.000000 0.000000 1.000000
vn 0.000000 0.000000 1.000000
vn 0.000000 0.000000 1.000000
vn 0.000000 0.000000 1.000000
vn 0.000000 0.000000 1.000000
vn 0.000000 0.000000 1.000000
vn 0.000000 0.000000 1.000000
vn 0.000000 0.000000 1.000000
vn 0.000000 0.000000 1.000000
vn 0.000000 0.000000 1.000000
vn 0.000000 0.000000 1.000000
vn 0.000000 0.000000 1.000000
vn 0.000000 0.000000 1.000000
vn 0.000000 0.000000 1.000000
vn 0.000000 0.000000 1.000000
vn 0.000000 0.000000 1.000000
vn 0.000000 0.000000 1.000000
vn 0.000000 0.000000 1.000000
vn 0.000000 0.000000 1.000000
vn 0.000000 0.000000 1.000000
vn 0.000000 0.000000 1.000000
vn 0.000000 0.000000 1.000000
vn 0.000000 0.000000 1.000000
vn 0.000000 0.000000 1.000000
vn 0.000000 0.000000 1.000000
vn 0.000000 0.000000 1.000000
vn 0.000000 0.000000 1.000000
vn 0.000000 0.000000 1.000000
vn 0.000000 0.000000 1.000000
vn 0.000000 0.000000 1.000000
vn 0.000000 0.000000 1.000000
vn 0.000000 0.000000 1.000000
vn 0.000000 0.000000 1.000000
vn 0.000000 0.000000 1.000000
vn 0.000000 0.000000 1.000000
vn 0.000000 0.000000 1.000000
vn 0.000000 0.000000 1.000000
vn 0.000000 0.000000 1.000000
vn 0.000000 0.000000 1.000000
vn 0.000000 0.000000 1.000000
vn 0.000000 0.000000 1.000000
vn 0.000000 0.000000 1.000000
vn 0.000000 0.000000 1.000000
vn 0.000000 0.000000 1.000000
vn 0.000000 0.000000 1.000000
vn 0.000000 0.000000 1.000000
vn 0.000000 0.000000 1.000000
vn 0.000000 0.000000 1.000000
vn 0.000000 0.000000 1.000000
vn 0.000000 0.000000 1.000000
vn 0.000000 0.000000 1.000000
vn 0.000000 0.000000 1.000000
vn 0.000000 0.000000 1.000000
vn 0.000000 0.000000 1.000000
vn 0.000000 0.000000 1.000000
vn 0.000000 0.000000 1.000000
vn 0.000000 0.000000 1.000000
vn 0.000000 0.000000 1.000000
vn 0.000000 0.000000 1.000000
vn 0.000000 0.000000 1.000000
vn 0.000000 0.000000 1.000000
vn 0.000000 0.000000 1.000000
vn 0.000000 0.000000 1.000000
vn 0.000000 0.000000 1.000000
vn 0.000000 0.000000 1.000000
vn 0.000000 0.000000 1.000000
vn 0.000000 0.000000 1.000000
vn 0.000000 0.000000 1.000000
vn 0.000000 0.000000 1.000000
vn 0.000000 0.000000 1.000000
vn 0.000000 0.000000 1.000000
vn 0.000000 0.000000 1.000000
vn 0.000000 0.000000 1.000000
vn 0.000000 0.000000 1.000000
vn 0.000000 0.000000 1.000000
vn 0.000000 0.000000 1.000000
vn 0.000000 0.000000 1.000000
vn 0.000000 0.000000 1.000000
vn 0.000000 0.000000 1.000000
vn 0.000000 0.000000 1.000000
vn 0.000000 0.000000 1.000000
vn 0.000000 0.000000 1.000000
vn 0.000000 0.000000 1.000000
vn 0.000000 0.000000 1.000000
vn 0.000000 0.000000 1.000000
vn 0.000000 0.000000 1.000000
vn 0.000000 0.000000 1.000000
vn 0.000000 0.000000 1.000000
vn 0.000000 0.000000 1.000000
vn 0.000000 0.000000 1.000000
vn 0.000000 0.000000 1.000000
vn 0.000000 0.000000 1.000000
vn 0.000000 0.000000 1.000000
vn 0.000000 0.000000 1.000000
vn 0.000000 0.000000 1.000000
vn 0.000000 0.000000 1.000000
vn 0.000000 0.000000 1.000000
vn 0.000000 0.000000 1.000000
vn 0.000000 0.000000 1.000000
vn 0.000000 0.000000 1.000000
vn 0.000000 0.000000 1.000000
vn 0.000000 0.000000 1.000000
vn 0.000000 0.000000 1.000000
vn 0.000000 0.000000 1.000000
vn 0.000000 0.000000 1.000000
vn 0.000000 0.000000 1.000000
vn 0.000000 0.000000 1.000000
vn 0.000000 0.000000 1.000000
vn 0.000000 0.000000 1.000000
vn 0.000000 0.000000 1.000000
vn 0.000000 0.000000 1.000000
vn 0.000000 0.000000 1.000000
vn 0.000000 0.000000 1.000000
vn 0.000000 0.000000 1.000000
vn 0.000000 0.000000 1.000000
vn 0.000000 0.000000 1.000000
vn 0.000000 0.000000 1.000000
vn 0.000000 0.000000 1.000000
vn 0.000000 0.000000 1.000000
vn 0.000000 0.000000 1.000000
vn 0.000000 0.000000 1.000000
vn 0.000000 0.000000 1.000000
vn 0.000000 0.000000 1.000000
vn 0.000000 0.000000 1.000000
vn 0.000000 0.000000 1.000000
vn 0.000000 0.000000 1.000000
vn 0.000000 0.000000 1.000000
vn 0.000000 0.000000 1.000000
vn 0.000000 0.000000 1.000000
vn 0.000000 0.000000 1.000000
vn 0.000000 0.000000 1.000000
vn 0.000000 0.000000 1.000000
vn 0.000000 0.000000 1.000000
vn 0.000000 0.000000 1.000000
vn 0.000000 0.000000 1.000000
vn 0.000000 0.000000 1.000000
vn 0.000000 0.000000 1.000000
vn 0.000000 0.000000 1.000000
vn 0.000000 0.000000 1.000000
vn 0.000000 0.000000 1.000000
vn 0.000000 0.000000 1.000000
vn 0.000000 0.000000 1.000000
vn 0.000000 0.000000 1.000000
vn 0.000000 0.000000 1.000000
vn 0.000000 0.000000 1.000000
vn 0.000000 0.000000 1.000000
vn 0.000000 0.000000 1.000000
vn 0.000000 0.000000 1.000000
vn 0.000000 0.000000 1.000000
vn 0.000000 0.000000 1.000000
vn 0.000000 0.000000 1.000000
vn 0.000000 0.000000 1.000000
vn 0.000000 0.000000 1.000000
vn 0.000000 0.000000 1.000000
vn 0.000000 0.000000 1.000000
vn 0.000000 0.000000 1.000000
vn 0.000000 0.000000 1.000000
vn 0.000000 0.000000 1.000000
vn 0.000000 0.000000 1.000000
vn 0.000000 0.000000 1.000000
vn 0.000000 0.000000 1.000000
vn 0.000000 0.000000 1.000000
vn 0.000000 0.000000 1.000000
vn 0.000000 0.000000 1.000000
vn 0.000000 0.000000 1.000000
vn 0.000000 0.000000 1.000000
vn 0.000000 0.000000 1.000000
vn 0.000000 0.000000 1.000000
vn 0.000000 0.000000 1.000000
vn 0.000000 0.000000 1.000000
vn 0.000000 0.000000 1.000000
vn 0.000000 0.000000 1.000000
vn 0.000000 0.000000 1.000000
vn 0.000000 0.000000 1.000000
vn 0.000000 0.000000 1.000000
vn 0.000000 0.000000 1.000000
vn 0.000000 0.000000 1.000000
vn 0.000000 0.000000 1.000000
vn 0.000000 0.000000 1.000000
vn 0.000000 0.000000 1.000000
vn 0.000000 0.000000 1.000000
vn 0.000000 0.000000 1.000000
vn 0.000000 0.000000 1.000000
vn 0.000000 0.000000 1.000000
vn 0.000000 0.000000 1.000000
vn 0.000000 0.000000 1.000000
vn 0.000000 0.000000 1.000000
vn 0.000000 0.000000 1.000000
vn 0.000000 0.000000 1.000000
vn 0.000000 0.000000 1.000000
vn 0.000000 0.000000 1.000000
vn 0.000000 0.000000 1.000000
vn 0.000000 0.000000 1.000000
vn 0.000000 0.000000 1.000000
vn 0.000000 0.000000 1.000000
vn 0.000000 0.000000 1.000000
vn 0.000000 0.000000 1.000000
vn 0.000000 0.000000 1.000000
vn 0.000000 0.000000 1.000000
vn 0.000000 0.000000 1.000000
vn 0.000000 0.000000 1.000000
vn 0.000000 0.000000 1.000000
vn 0.000000 0.000000 1.000000
vn 0.000000 0.000000 1.000000
vn 0.000000 0.000000 1.000000
vn 0.000000 0.000000 1.000000
vn 0.000000 0.000000 1.000000
vn 0.000000 0.000000 1.000000
vn 0.000000 0.000000 1.000000
vn 0.000000 0.000000 1.000000
vn 0.000000 0.000000 1.000000
vn 0.000000 0.000000 1.000000
vn 0.000000 0.000000 1.000000
vn 0.000000 0.000000 1.000000
vn 0.000000 0.000000 1.000000
vn 0.000000 0.000000 1.000000
vn 0.000000 0.000000 1.000000
vn 0.000000 0.000000 1.000000
vn 0.000000 0.000000 1.000000
vn 0.000000 0.000000 1.000000
vn 0.000000 0.000000 1.000000
vn 0.000000 0.000000 1.000000
vn 0.000000 0.000000 1.000000
vn 0.000000 0.000000 1.000000
vn 0.000000 0.000000 1.000000
vn 0.000000 0.000000 1.000000
vn 0.000000 0.000000 1.000000
vn 0.000000 0.000000 1.000000
vn 0.000000 0.000000 1.000000
vn 0.000000 0.000000 1.000000
vn 0.000000 0.000000 1.000000
vn 0.000000 0.000000 1.000000
vn 0.000000 0.000000 1.000000
vn 0.000000 0.000000 1.000000
vn 0.000000 0.000000 1.000000
vn 0.000000 0.000000 1.000000
vn 0.000000 0.000000 1.000000
vn 0.000000 0.000000 1.000000
vn 0.000000 0.000000 1.000000
vn 0.000000 0.000000 1.000000
vn 0.000000 0.000000 1.000000
vn 0.000000 0.000000 1.000000
vn 0.000000 0.000000 1.000000
vn 0.000000 0.000000 1.000000
vn 0.000000 0.000000 1.000000
vn 0.000000 0.000000 1.000000
vn 0.000000 0.000000 1.000000
vn 0.000000 0.000000 1.000000
vn 0.000000 0.000000 1.000000
vn 0.000000 0.000000 1.000000
vn 0.000000 0.000000 1.000000
vn 0.000000 0.000000 1.000000
vn 0.000000 0.000000 1.000000
vn 0.000000 0.000000 1.000000
vn 0.000000 0.000000 1.000000
vn 0.000000 0.000000 1.000000
vn 0.000000 0.000000 1.000000
vn 0.000000 0.000000 1.000000
vn 0.000000 0.000000 1.000000
vn 0.000000 0.000000 1.000000
vn 0.000000 0.000000 1.000000
vn 0.000000 0.000000 1.000000
vn 0.000000 0.000000 1.000000
vn 0.000000 0.000000 1.000000
vn 0.000000 0.000000 1.000000
vn 0.000000 0.000000 1.000000
vn 0.000000 0.000000 1.000000
vn 0.000000 0.000000 1.000000
vn 0.000000 0.000000 1.000000
vn 0.000000 0.000000 1.000000
vn -0.000000 -0.000000 -1.000000
vn -0.000000 -0.000000 -1.000000
vn -0.000000 -0.000000 -1.000000
vn -0.000000 -0.000000 -1.000000
vn -0.000000 -0.000000 -1.000000
vn -0.000000 -0.000000 -1.000000
vn -0.000000 -0.000000 -1.000000
vn -0.000000 -0.000000 -1.000000
vn -0.000000 -0.000000 -1.000000
vn -0.000000 -0.000000 -1.000000
vn -0.000000 -0.000000 -1.000000
vn -0.000000 -0.000000 -1.000000
vn -0.000000 -0.000000 -1.000000
vn -0.000000 -0.000000 -1.000000
vn -0.000000 -0.000000 -1.000000
vn -0.000000 -0.000000 -1.000000
vn -0.000000 -0.000000 -1.000000
vn -0.000000 -0.000000 -1.000000
vn -0.000000 -0.000000 -1.000000
vn -0.000000 -0.000000 -1.000000
vn -0.000000 -0.000000 -1.000000
vn -0.000000 -0.000000 -1.000000
vn -0.000000 -0.000000 -1.000000
vn -0.000000 -0.000000 -1.000000
vn -0.000000 -0.000000 -1.000000
vn -0.000000 -0.000000 -1.000000
vn -0.000000 -0.000000 -1.000000
vn -0.000000 -0.000000 -1.000000
vn -0.000000 -0.000000 -1.000000
vn -0.000000 -0.000000 -1.000000
vn -0.000000 -0.000000 -1.000000
vn -0.000000 -0.000000 -1.000000
vn -0.000000 -0.000000 -1.000000
vn -0.000000 -0.000000 -1.000000
vn -0.000000 -0.000000 -1.000000
vn -0.000000 -0.000000 -1.000000
vn -0.000000 -0.000000 -1.000000
vn -0.000000 -0.000000 -1.000000
vn -0.000000 -0.000000 -1.000000
vn -0.000000 -0.000000 -1.000000
vn -0.000000 -0.000000 -1.000000
vn -0.000000 -0.000000 -1.000000
vn -0.000000 -0.000000 -1.000000
vn -0.000000 -0.000000 -1.000000
vn -0.000000 -0.000000 -1.000000
vn -0.000000 -0.000000 -1.000000
vn -0.000000 -0.000000 -1.000000
vn -0.000000 -0.000000 -1.000000
vn -0.000000 -0.000000 -1.000000
vn -0.000000 -0.000000 -1.000000
vn -0.000000 -0.000000 -1.000000
vn -0.000000 -0.000000 -1.000000
vn -0.000000 -0.000000 -1.000000
vn -0.000000 -0.000000 -1.000000
vn -0.000000 -0.000000 -1.000000
vn -0.000000 -0.000000 -1.000000
vn -0.000000 -0.000000 -1.000000
vn -0.000000 -0.000000 -1.000000
vn -0.000000 -0.000000 -1.000000
vn -0.000000 -0.000000 -1.000000
vn -0.000000 -0.000000 -1.000000
vn -0.000000 -0.000000 -1.000000
vn -0.000000 -0.000000 -1.000000
vn -0.000000 -0.000000 -1.000000
vn -0.000000 -0.000000 -1.000000
vn -0.000000 -0.000000 -1.000000
vn -0.000000 -0.000000 -1.000000
vn -0.000000 -0.000000 -1.000000
vn -0.000000 -0.000000 -1.000000
vn -0.000000 -0.000000 -1.000000
vn -0.000000 -0.000000 -1.000000
vn -0.000000 -0.000000 -1.000000
vn -0.000000 -0.000000 -1.000000
vn -0.000000 -0.000000 -1.000000
vn -0.000000 -0.000000 -1.000000
vn -0.000000 -0.000000 -1.000000
vn -0.000000 -0.000000 -1.000000
vn -0.000000 -0.000000 -1.000000
vn -0.000000 -0.000000 -1.000000
vn -0.000000 -0.000000 -1.000000
vn -0.000000 -0.000000 -1.000000
vn -0.000000 -0.000000 -1.000000
vn -0.000000 -0.000000 -1.000000
vn -0.000000 -0.000000 -1.000000
vn -0.000000 -0.000000 -1.000000
vn -0.000000 -0.000000 -1.000000
vn -0.000000 -0.000000 -1.000000
vn -0.000000 -0.000000 -1.000000
vn -0.000000 -0.000000 -1.000000
vn -0.000000 -0.000000 -1.000000
vn -0.000000 -0.000000 -1.000000
vn -0.000000 -0.000000 -1.000000
vn -0.000000 -0.000000 -1.000000
vn -0.000000 -0.000000 -1.000000
vn -0.000000 -0.000000 -1.000000
vn -0.000000 -0.000000 -1.000000
vn -0.000000 -0.000000 -1.000000
vn -0.000000 -0.000000 -1.000000
vn -0.000000 -0.000000 -1.000000
vn -0.000000 -0.000000 -1.000000
vn -0.000000 -0.000000 -1.000000
vn -0.000000 -0.000000 -1.000000
vn -0.000000 -0.000000 -1.000000
vn -0.000000 -0.000000 -1.000000
vn -0.000000 -0.000000 -1.000000
vn -0.000000 -0.000000 -1.000000
vn -0.000000 -0.000000 -1.000000
vn -0.000000 -0.000000 -1.000000
vn -0.000000 -0.000000 -1.000000
vn -0.000000 -0.000000 -1.000000
vn -0.000000 -0.000000 -1.000000
vn -0.000000 -0.000000 -1.000000
vn -0.000000 -0.000000 -1.000000
vn -0.000000 -0.000000 -1.000000
vn -0.000000 -0.000000 -1.000000
vn -0.000000 -0.000000 -1.000000
vn -0.000000 -0.000000 -1.000000
vn -0.000000 -0.000000 -1.000000
vn -0.000000 -0.000000 -1.000000
vn -0.000000 -0.000000 -1.000000
vn -0.000000 -0.000000 -1.000000
vn -0.000000 -0.000000 -1.000000
vn -0.000000 -0.000000 -1.000000
vn -0.000000 -0.000000 -1.000000
vn -0.000000 -0.000000 -1.000000
vn -0.000000 -0.000000 -1.000000
vn -0.000000 -0.000000 -1.000000
vn -0.000000 -0.000000 -1.000000
vn -0.000000 -0.000000 -1.000000
vn -0.000000 -0.000000 -1.000000
vn -0.000000 -0.000000 -1.000000
vn -0.000000 -0.000000 -1.000000
vn -0.000000 -0.000000 -1.000000
vn -0.000000 -0.000000 -1.000000
vn -0.000000 -0.000000 -1.000000
vn -0.000000 -0.000000 -1.000000
vn -0.000000 -0.000000 -1.000000
vn -0.000000 -0.000000 -1.000000
vn -0.000000 -0.000000 -1.000000
vn -0.000000 -0.000000 -1.000000
vn -0.000000 -0.000000 -1.000000
vn -0.000000 -0.000000 -1.000000
vn -0.000000 -0.000000 -1.000000
vn -0.000000 -0.000000 -1.000000
vn -0.000000 -0.000000 -1.000000
vn -0.000000 -0.000000 -1.000000
vn -0.000000 -0.000000 -1.000000
vn -0.000000 -0.000000 -1.000000
vn -0.000000 -0.000000 -1.000000
vn -0.000000 -0.000000 -1.000000
vn -0.000000 -0.000000 -1.000000
vn -0.000000 -0.000000 -1.000000
vn -0.000000 -0.000000 -1.000000
vn -0.000000 -0.000000 -1.000000
vn -0.000000 -0.000000 -1.000000
vn -0.000000 -0.000000 -1.000000
vn -0.000000 -0.000000 -1.000000
vn -0.000000 -0.000000 -1.000000
vn -0.000000 -0.000000 -1.000000
vn -0.000000 -0.000000 -1.000000
vn -0.000000 -0.000000 -1.000000
vn -0.000000 -0.000000 -1.000000
vn -0.000000 -0.000000 -1.000000
vn -0.000000 -0.000000 -1.000000
vn -0.000000 -0.000000 -1.000000
vn -0.000000 -0.000000 -1.000000
vn -0.000000 -0.000000 -1.000000
vn -0.000000 -0.000000 -1.000000
vn -0.000000 -0.000000 -1.000000
vn -0.000000 -0.000000 -1.000000
vn -0.000000 -0.000000 -1.000000
vn -0.000000 -0.000000 -1.000000
vn -0.000000 -0.000000 -1.000000
vn -0.000000 -0.000000 -1.000000
vn -0.000000 -0.000000 -1.000000
vn -0.000000 -0.000000 -1.000000
vn -0.000000 -0.000000 -1.000000
vn -0.000000 -0.000000 -1.000000
vn -0.000000 -0.000000 -1.000000
vn -0.000000 -0.000000 -1.000000
vn -0.000000 -0.000000 -1.000000
vn -0.000000 -0.000000 -1.000000
vn -0.000000 -0.000000 -1.000000
vn -0.000000 -0.000000 -1.000000
vn -0.000000 -0.000000 -1.000000
vn -0.000000 -0.000000 -1.000000
vn -0.000000 -0.000000 -1.000000
vn -0.000000 -0.000000 -1.000000
vn -0.000000 -0.000000 -1.000000
vn -0.000000 -0.000000 -1.000000
vn -0.000000 -0.000000 -1.000000
vn -0.000000 -0.000000 -1.000000
vn -0.000000 -0.000000 -1.000000
vn -0.000000 -0.000000 -1.000000
vn -0.000000 -0.000000 -1.000000
vn -0.000000 -0.000000 -1.000000
vn -0.000000 -0.000000 -1.000000
vn -0.000000 -0.000000 -1.000000
vn -0.000000 -0.000000 -1.000000
vn -0.000000 -0.000000 -1.000000
vn -0.000000 -0.000000 -1.000000
vn -0.000000 -0.000000 -1.000000
vn -0.000000 -0.000000 -1.000000
vn -0.000000 -0.000000 -1.000000
vn -0.000000 -0.000000 -1.000000
vn -0.000000 -0.000000 -1.000000
vn -0.000000 -0.000000 -1.000000
vn -0.000000 -0.000000 -1.000000
vn -0.000000 -0.000000 -1.000000
vn -0.000000 -0.000000 -1.000000
vn -0.000000 -0.000000 -1.000000
vn -0.000000 -0.000000 -1.000000
vn -0.000000 -0.000000 -1.000000
vn -0.000000 -0.000000 -1.000000
vn -0.000000 -0.000000 -1.000000
vn -0.000000 -0.000000 -1.000000
vn -0.000000 -0.000000 -1.000000
vn -0.000000 -0.000000 -1.000000
vn -0.000000 -0.000000 -1.000000
vn -0.000000 -0.000000 -1.000000
vn -0.000000 -0.000000 -1.000000
vn -0.000000 -0.000000 -1.000000
vn -0.000000 -0.000000 -1.000000
vn -0.000000 -0.000000 -1.000000
vn -0.000000 -0.000000 -1.000000
vn -0.000000 -0.000000 -1.000000
vn -0.000000 -0.000000 -1.000000
vn -0.000000 -0.000000 -1.000000
vn -0.000000 -0.000000 -1.000000
vn -0.000000 -0.000000 -1.000000
vn -0.000000 -0.000000 -1.000000
vn -0.000000 -0.000000 -1.000000
vn -0.000000 -0.000000 -1.000000
vn -0.000000 -0.000000 -1.000000
vn -0.000000 -0.000000 -1.000000
vn -0.000000 -0.000000 -1.000000
vn -0.000000 -0.000000 -1.000000
vn -0.000000 -0.000000 -1.000000
vn -0.000000 -0.000000 -1.000000
vn -0.000000 -0.000000 -1.000000
vn -0.000000 -0.000000 -1.000000
vn -0.000000 -0.000000 -1.000000
vn -0.000000 -0.000000 -1.000000
vn -0.000000 -0.000000 -1.000000
vn -0.000000 -0.000000 -1.000000
vn -0.000000 -0.000000 -1.000000
vn -0.000000 -0.000000 -1.000000
vn -0.000000 -0.000000 -1.000000
vn -0.000000 -0.000000 -1.000000
vn -0.000000 -0.000000 -1.000000
vn -0.000000 -0.000000 -1.000000
vn -0.000000 -0.000000 -1.000000
vn -0.000000 -0.000000 -1.000000
vn -0.000000 -0.000000 -1.000000
vn -0.000000 -0.000000 -1.000000
vn -0.000000 -0.000000 -1.000000
vn -0.000000 -0.000000 -1.000000
vn -0.000000 -0.000000 -1.000000
vn -0.000000 -0.000000 -1.000000
vn -0.000000 -0.000000 -1.000000
vn -0.000000 -0.000000 -1.000000
vn -0.000000 -0.000000 -1.000000
vn -0.000000 -0.000000 -1.000000
vn -0.000000 -0.000000 -1.000000
vn -0.000000 -0.000000 -1.000000
vn -0.000000 -0.000000 -1.000000
vn -0.000000 -0.000000 -1.000000
vn -0.000000 -0.000000 -1.000000
vn -0.000000 -0.000000 -1.000000
vn -0.000000 -0.000000 -1.000000
vn -0.000000 -0.000000 -1.000000
vn -0.000000 -0.000000 -1.000000
vn -0.000000 -0.000000 -1.000000
vn -0.000000 -0.000000 -1.000000
vn -0.000000 -0.000000 -1.000000
vn -0.000000 -0.000000 -1.000000
vn -0.000000 -0.000000 -1.000000
vn -0.000000 -0.000000 -1.000000
vn -0.000000 -0.000000 -1.000000
vn -0.000000 -0.000000 -1.000000
vn -0.000000 -0.000000 -1.000000
vn -0.000000 -0.000000 -1.000000
vn -0.000000 -0.000000 -1.000000
vn -0.000000 -0.000000 -1.000000
vn -0.000000 -0.000000 -1.000000
vn -0.000000 -0.000000 -1.000000
vn -0.000000 -0.000000 -1.000000
vn -0.000000 -0.000000 -1.000000
vn -0.000000 -0.000000 -1.000000
vn -0.000000 -0.000000 -1.000000
vn -0.000000 -0.000000 -1.000000
vn -0.000000 -0.000000 -1.000000
vn -0.000000 -0.000000 -1.000000
vn -0.000000 -0.000000 -1.000000
vn -0.000000 -0.000000 -1.000000
vn -0.000000 -0.000000 -1.000000
vn -0.000000 -0.000000 -1.000000
vn -0.000000 -0.000000 -1.000000
vn -0.000000 -0.000000 -1.000000
vn -0.000000 -0.000000 -1.000000
vn -0.000000 -0.000000 -1.000000
vn -0.000000 -0.000000 -1.000000
vn -0.000000 -0.000000 -1.000000
vn -0.000000 -0.000000 -1.000000
vn -0.000000 -0.000000 -1.000000
vn -0.000000 -0.000000 -1.000000
vn -0.000000 -0.000000 -1.000000
vn -0.000000 -0.000000 -1.000000
vn -0.000000 -0.000000 -1.000000
vn -0.000000 -0.000000 -1.000000
vn -0.000000 -0.000000 -1.000000
vn -0.000000 -0.000000 -1.000000
vn -0.000000 -0.000000 -1.000000
vn -0.000000 -0.000000 -1.000000
vn -0.000000 -0.000000 -1.000000
vn -0.000000 -0.000000 -1.000000
vn -0.000000 -0.000000 -1.000000
vn -0.000000 -0.000000 -1.000000
vn -0.000000 -0.000000 -1.000000
vn -0.000000 -0.000000 -1.000000
vn -0.000000 -0.000000 -1.000000
vn -0.000000 -0.000000 -1.000000
vn -0.000000 -0.000000 -1.000000
vn -0.000000 -0.000000 -1.000000
vn -0.000000 -0.000000 -1.000000
vn -0.000000 -0.000000 -1.000000
vn -0.000000 -0.000000 -1.000000
vn -0.000000 -0.000000 -1.000000
vn -0.000000 -0.000000 -1.000000
vn -0.000000 -0.000000 -1.000000
vn -0.000000 -0.000000 -1.000000
vn -0.000000 -0.000000 -1.000000
vn -0.000000 -0.000000 -1.000000
vn -0.000000 -0.000000 -1.000000
vn -0.000000 -0.000000 -1.000000
vn -0.000000 -0.000000 -1.000000
vn -0.000000 -0.000000 -1.000000
vn -0.000000 -0.000000 -1.000000
vn -0.000000 -0.000000 -1.000000
vn -0.000000 -0.000000 -1.000000
vn -0.000000 -0.000000 -1.000000
vn -0.000000 -0.000000 -1.000000
vn -0.000000 -0.000000 -1.000000
vn -0.000000 -0.000000 -1.000000
vn -0.000000 -0.000000 -1.000000
vn -0.000000 -0.000000 -1.000000
vn -0.000000 -0.000000 -1.000000
vn -0.000000 -0.000000 -1.000000
vn -0.000000 -0.000000 -1.000000
vn -0.000000 -0.000000 -1.000000
vn -0.000000 -0.000000 -1.000000
vn -0.000000 -0.000000 -1.000000
vn -0.000000 -0.000000 -1.000000
vn -0.000000 -0.000000 -1.000000
vn -0.000000 -0.000000 -1.000000
vn -0.000000 -0.000000 -1.000000
vn -0.000000 -0.000000 -1.000000
vn -0.000000 -0.000000 -1.000000
vn -0.000000 -0.000000 -1.000000
vn -0.000000 -0.000000 -1.000000
vn -0.000000 -0.000000 -1.000000
vn -0.000000 -0.000000 -1.000000
vn -0.000000 -0.000000 -1.000000
vn -0.000000 -0.000000 -1.000000
vn -0.000000 -0.000000 -1.000000
vn -0.000000 -0.000000 -1.000000
vn -0.000000 -0.000000 -1.000000
vn -0.000000 -0.000000 -1.000000
vn -0.000000 -0.000000 -1.000000
vn -0.000000 -0.000000 -1.000000
vn -0.000000 -0.000000 -1.000000
vn -0.000000 -0.000000 -1.000000
vn -0.000000 -0.000000 -1.000000
vn -0.000000 -0.000000 -1.000000
vn -0.000000 -0.000000 -1.000000
vn -0.000000 -0.000000 -1.000000
vn -0.000000 -0.000000 -1.000000
vn -0.000000 -0.000000 -1.000000
vn -0.000000 -0.000000 -1.000000
vn -0.000000 -0.000000 -1.000000
vn -0.000000 -0.000000 -1.000000
vn -0.000000 -0.000000 -1.000000
vn -0.000000 -0.000000 -1.000000
vn -0.000000 -0.000000 -1.000000
vn -0.000000 -0.000000 -1.000000
vn -0.000000 -0.000000 -1.000000
vn -0.000000 -0.000000 -1.000000
vn -0.000000 -0.000000 -1.000000
vn -0.000000 -0.000000 -1.000000
vn -0.000000 -0.000000 -1.000000
vn -0.000000 -0.000000 -1.000000
vn -0.000000 -0.000000 -1.000000
vn -0.000000 -0.000000 -1.000000
vn -0.000000 -0.000000 -1.000000
vn -0.000000 -0.000000 -1.000000
vn -0.000000 -0.000000 -1.000000
vn -0.000000 -0.000000 -1.000000
vn -0.000000 -0.000000 -1.000000
vn -0.000000 -0.000000 -1.000000
usemtl Steel_-_Satin
f 1/1/1 2/2/2 126/3/3
f 126/3/3 2/2/2 125/4/4
f 125/4/4 2/2/2 3/5/5
f 125/4/4 3/5/5 124/6/6
f 124/6/6 3/5/5 4/7/7
f 124/6/6 4/7/7 123/8/8
f 123/8/8 4/7/7 5/9/9
f 123/8/8 5/9/9 122/10/10
f 122/10/10 5/9/9 6/11/11
f 122/10/10 6/11/11 121/12/12
f 121/12/12 6/11/11 7/13/13
f 121/12/12 7/13/13 120/14/14
f 120/14/14 7/13/13 8/15/15
f 120/14/14 8/15/15 119/16/16
f 119/16/16 8/15/15 9/17/17
f 119/16/16 9/17/17 118/18/18
f 118/18/18 9/17/17 10/19/19
f 118/18/18 10/19/19 117/20/20
f 117/20/20 10/19/19 11/21/21
f 117/20/20 11/21/21 116/22/22
f 116/22/22 11/21/21 12/23/23
f 116/22/22 12/23/23 115/24/24
f 115/24/24 12/23/23 13/25/25
f 115/24/24 13/25/25 114/26/26
f 114/26/26 13/25/25 14/27/27
f 114/26/26 14/27/27 113/28/28
f 113/28/28 14/27/27 15/29/29
f 113/28/28 15/29/29 112/30/30
f 112/30/30 15/29/29 16/31/31
f 112/30/30 16/31/31 111/32/32
f 111/32/32 16/31/31 17/33/33
f 111/32/32 17/33/33 110/34/34
f 110/34/34 17/33/33 18/35/35
f 110/34/34 18/35/35 109/36/36
f 109/36/36 18/35/35 19/37/37
f 109/36/36 19/37/37 108/38/38
f 108/38/38 19/37/37 20/39/39
f 108/38/38 20/39/39 107/40/40
f 107/40/40 20/39/39 21/41/41
f 107/40/40 21/41/41 106/42/42
f 106/42/42 21/41/41 22/43/43
f 106/42/42 22/43/43 105/44/44
f 105/44/44 22/43/43 23/45/45
f 105/44/44 23/45/45 104/46/46
f 104/46/46 23/45/45 24/47/47
f 104/46/46 24/47/47 103/48/48
f 103/48/48 24/47/47 25/49/49
f 103/48/48 25/49/49 102/50/50
f 102/50/50 25/49/49 26/51/51
f 102/50/50 26/51/51 101/52/52
f 101/52/52 26/51/51 27/53/53
f 101/52/52 27/53/53 100/54/54
f 100/54/54 27/53/53 28/55/55
f 100/54/54 28/55/55 99/56/56
f 99/56/56 28/55/55 29/57/57
f 99/56/56 29/57/57 98/58/58
f 98/58/58 29/57/57 30/59/59
f 98/58/58 30/59/59 97/60/60
f 97/60/60 30/59/59 31/61/61
f 97/60/60 31/61/61 96/62/62
f 96/62/62 31/61/61 32/63/63
f 96/62/62 32/63/63 95/64/64
f 95/64/64 32/63/63 33/65/65
f 95/64/64 33/65/65 94/66/66
f 94/66/66 33/65/65 34/67/67
f 94/66/66 34/67/67 93/68/68
f 93/68/68 34/67/67 35/69/69
f 93/68/68 35/69/69 92/70/70
f 92/70/70 35/69/69 36/71/71
f 92/70/70 36/71/71 91/72/72
f 91/72/72 36/71/71 37/73/73
f 91/72/72 37/73/73 90/74/74
f 90/74/74 37/73/73 38/75/75
f 90/74/74 38/75/75 89/76/76
f 89/76/76 38/75/75 39/77/77
f 89/76/76 39/77/77 88/78/78
f 88/78/78 39/77/77 40/79/79
f 88/78/78 40/79/79 87/80/80
f 87/80/80 40/79/79 41/81/81
f 87/80/80 41/81/81 86/82/82
f 86/82/82 41/81/81 42/83/83
f 86/82/82 42/83/83 85/84/84
f 85/84/84 42/83/83 43/85/85
f 85/84/84 43/85/85 84/86/86
f 84/86/86 43/85/85 44/87/87
f 84/86/86 44/87/87 83/88/88
f 83/88/88 44/87/87 45/89/89
f 83/88/88 45/89/89 82/90/90
f 82/90/90 45/89/89 46/91/91
f 82/90/90 46/91/91 81/92/92
f 81/92/92 46/91/91 47/93/93
f 81/92/92 47/93/93 80/94/94
f 80/94/94 47/93/93 48/95/95
f 80/94/94 48/95/95 79/96/96
f 79/96/96 48/95/95 49/97/97
f 79/96/96 49/97/97 78/98/98
f 78/98/98 49/97/97 50/99/99
f 78/98/98 50/99/99 77/100/100
f 77/100/100 50/99/99 51/101/101
f 77/100/100 51/101/101 76/102/102
f 76/102/102 51/101/101 52/103/103
f 76/102/102 52/103/103 75/104/104
f 75/104/104 52/103/103 53/105/105
f 75/104/104 53/105/105 74/106/106
f 74/106/106 53/105/105 54/107/107
f 74/106/106 54/107/107 73/108/108
f 73/108/108 54/107/107 55/109/109
f 73/108/108 55/109/109 72/110/110
f 72/110/110 55/109/109 56/111/111
f 72/110/110 56/111/111 71/112/112
f 71/112/112 56/111/111 57/113/113
f 71/112/112 57/113/113 70/114/114
f 70/114/114 57/113/113 58/115/115
f 70/114/114 58/115/115 69/116/116
f 69/116/116 58/115/115 59/117/117
f 69/116/116 59/117/117 68/118/118
f 68/118/118 59/117/117 60/119/119
f 68/118/118 60/119/119 67/120/120
f 67/120/120 60/119/119 61/121/121
f 67/120/120 61/121/121 66/122/122
f 66/122/122 61/121/121 62/123/123
f 66/122/122 62/123/123 65/124/124
f 65/124/124 62/123/123 63/125/125
f 65/124/124 63/125/125 64/126/126
f 127/127/127 128/128/128 256/129/129
f 256/129/129 128/128/128 321/130/130
f 256/129/129 321/130/130 255/131/131
f 255/131/131 321/130/130 254/132/132
f 254/132/132 321/130/130 322/133/133
f 254/132/132 322/133/133 253/134/134
f 253/134/134 322/133/133 323/135/135
f 253/134/134 323/135/135 252/136/136
f 252/136/136 323/135/135 324/137/137
f 252/136/136 324/137/137 251/138/138
f 251/138/138 324/137/137 325/139/139
f 251/138/138 325/139/139 250/140/140
f 250/140/140 325/139/139 326/141/141
f 250/140/140 326/141/141 249/142/142
f 249/142/142 326/141/141 327/143/143
f 249/142/142 327/143/143 248/144/144
f 248/144/144 327/143/143 328/145/145
f 248/144/144 328/145/145 247/146/146
f 247/146/146 328/145/145 329/147/147
f 247/146/146 329/147/147 246/148/148
f 246/148/148 329/147/147 330/149/149
f 246/148/148 330/149/149 245/150/150
f 245/150/150 330/149/149 331/151/151
f 245/150/150 331/151/151 244/152/152
f 244/152/152 331/151/151 332/153/153
f 244/152/152 332/153/153 243/154/154
f 243/154/154 332/153/153 333/155/155
f 243/154/154 333/155/155 242/156/156
f 242/156/156 333/155/155 334/157/157
f 242/156/156 334/157/157 241/158/158
f 241/158/158 334/157/157 335/159/159
f 241/158/158 335/159/159 240/160/160
f 240/160/160 335/159/159 336/161/161
f 240/160/160 336/161/161 239/162/162
f 239/162/162 336/161/161 337/163/163
f 239/162/162 337/163/163 238/164/164
f 238/164/164 337/163/163 338/165/165
f 238/164/164 338/165/165 237/166/166
f 237/166/166 338/165/165 339/167/167
f 237/166/166 339/167/167 236/168/168
f 236/168/168 339/167/167 340/169/169
f 236/168/168 340/169/169 235/170/170
f 235/170/170 340/169/169 341/171/171
f 235/170/170 341/171/171 234/172/172
f 234/172/172 341/171/171 342/173/173
f 234/172/172 342/173/173 233/174/174
f 233/174/174 342/173/173 343/175/175
f 233/174/174 343/175/175 232/176/176
f 232/176/176 343/175/175 344/177/177
f 232/176/176 344/177/177 231/178/178
f 231/178/178 344/177/177 345/179/179
f 231/178/178 345/179/179 230/180/180
f 230/180/180 345/179/179 346/181/181
f 230/180/180 346/181/181 229/182/182
f 229/182/182 346/181/181 347/183/183
f 229/182/182 347/183/183 228/184/184
f 228/184/184 347/183/183 348/185/185
f 228/184/184 348/185/185 227/186/186
f 227/186/186 348/185/185 349/187/187
f 227/186/186 349/187/187 226/188/188
f 226/188/188 349/187/187 350/189/189
f 226/188/188 350/189/189 225/190/190
f 225/190/190 350/189/189 351/191/191
f 225/190/190 351/191/191 224/192/192
f 224/192/192 351/191/191 352/193/193
f 224/192/192 352/193/193 223/194/194
f 223/194/194 352/193/193 353/195/195
f 223/194/194 353/195/195 222/196/196
f 222/196/196 353/195/195 354/197/197
f 222/196/196 354/197/197 221/198/198
f 221/198/198 354/197/197 355/199/199
f 221/198/198 355/199/199 220/200/200
f 220/200/200 355/199/199 356/201/201
f 220/200/200 356/201/201 219/202/202
f 219/202/202 356/201/201 357/203/203
f 219/202/202 357/203/203 218/204/204
f 218/204/204 357/203/203 358/205/205
f 218/204/204 358/205/205 217/206/206
f 217/206/206 358/205/205 359/207/207
f 217/206/206 359/207/207 216/208/208
f 216/208/208 359/207/207 360/209/209
f 216/208/208 360/209/209 215/210/210
f 215/210/210 360/209/209 361/211/211
f 215/210/210 361/211/211 214/212/212
f 214/212/212 361/211/211 362/213/213
f 214/212/212 362/213/213 213/214/214
f 213/214/214 362/213/213 363/215/215
f 213/214/214 363/215/215 212/216/216
f 212/216/216 363/215/215 364/217/217
f 212/216/216 364/217/217 211/218/218
f 211/218/218 364/217/217 365/219/219
f 211/218/218 365/219/219 210/220/220
f 210/220/220 365/219/219 366/221/221
f 210/220/220 366/221/221 209/222/222
f 209/222/222 366/221/221 367/223/223
f 209/222/222 367/223/223 208/224/224
f 208/224/224 367/223/223 368/225/225
f 208/224/224 368/225/225 207/226/226
f 207/226/226 368/225/225 369/227/227
f 207/226/226 369/227/227 206/228/228
f 206/228/228 369/227/227 370/229/229
f 206/228/228 370/229/229 205/230/230
f 205/230/230 370/229/229 371/231/231
f 205/230/230 371/231/231 204/232/232
f 204/232/232 371/231/231 372/233/233
f 204/232/232 372/233/233 203/234/234
f 203/234/234 372/233/233 373/235/235
f 203/234/234 373/235/235 202/236/236
f 202/236/236 373/235/235 374/237/237
f 202/236/236 374/237/237 201/238/238
f 201/238/238 374/237/237 375/239/239
f 201/238/238 375/239/239 200/240/240
f 200/240/240 375/239/239 376/241/241
f 200/240/240 376/241/241 199/242/242
f 199/242/242 376/241/241 377/243/243
f 199/242/242 377/243/243 198/244/244
f 198/244/244 377/243/243 378/245/245
f 198/244/244 378/245/245 197/246/246
f 197/246/246 378/245/245 379/247/247
f 197/246/246 379/247/247 196/248/248
f 196/248/248 379/247/247 380/249/249
f 196/248/248 380/249/249 195/250/250
f 195/250/250 380/249/249 381/251/251
f 195/250/250 381/251/251 194/252/252
f 194/252/252 381/251/251 382/253/253
f 194/252/252 382/253/253 193/254/254
f 193/254/254 382/253/253 192/255/255
f 192/255/255 382/253/253 258/256/256
f 192/255/255 258/256/256 445/257/257
f 445/257/257 258/256/256 507/258/258
f 445/257/257 507/258/258 446/259/259
f 446/259/259 507/258/258 508/260/260
f 446/259/259 508/260/260 447/261/261
f 447/261/261 508/260/260 509/262/262
f 447/261/261 509/262/262 448/263/263
f 448/263/263 509/262/262 510/264/264
f 448/263/263 510/264/264 449/265/265
f 449/265/265 510/264/264 511/266/266
f 449/265/265 511/266/266 450/267/267
f 450/267/267 511/266/266 512/268/268
f 450/267/267 512/268/268 451/269/269
f 451/269/269 512/268/268 513/270/270
f 451/269/269 513/270/270 452/271/271
f 452/271/271 513/270/270 514/272/272
f 452/271/271 514/272/272 453/273/273
f 453/273/273 514/272/272 515/274/274
f 453/273/273 515/274/274 454/275/275
f 454/275/275 515/274/274 516/276/276
f 454/275/275 516/276/276 455/277/277
f 455/277/277 516/276/276 517/278/278
f 455/277/277 517/278/278 456/279/279
f 456/279/279 517/278/278 518/280/280
f 456/279/279 518/280/280 457/281/281
f 457/281/281 518/280/280 519/282/282
f 457/281/281 519/282/282 458/283/283
f 458/283/283 519/282/282 520/284/284
f 458/283/283 520/284/284 459/285/285
f 459/285/285 520/284/284 521/286/286
f 459/285/285 521/286/286 460/287/287
f 460/287/287 521/286/286 522/288/288
f 460/287/287 522/288/288 461/289/289
f 461/289/289 522/288/288 523/290/290
f 461/289/289 523/290/290 462/291/291
f 462/291/291 523/290/290 524/292/292
f 462/291/291 524/292/292 463/293/293
f 463/293/293 524/292/292 525/294/294
f 463/293/293 525/294/294 464/295/295
f 464/295/295 525/294/294 526/296/296
f 464/295/295 526/296/296 465/297/297
f 465/297/297 526/296/296 527/298/298
f 465/297/297 527/298/298 466/299/299
f 466/299/299 527/298/298 528/300/300
f 466/299/299 528/300/300 467/301/301
f 467/301/301 528/300/300 529/302/302
f 467/301/301 529/302/302 468/303/303
f 468/303/303 529/302/302 530/304/304
f 468/303/303 530/304/304 469/305/305
f 469/305/305 530/304/304 531/306/306
f 469/305/305 531/306/306 470/307/307
f 470/307/307 531/306/306 532/308/308
f 470/307/307 532/308/308 471/309/309
f 471/309/309 532/308/308 533/310/310
f 471/309/309 533/310/310 472/311/311
f 472/311/311 533/310/310 534/312/312
f 472/311/311 534/312/312 473/313/313
f 473/313/313 534/312/312 535/314/314
f 473/313/313 535/314/314 474/315/315
f 474/315/315 535/314/314 536/316/316
f 474/315/315 536/316/316 475/317/317
f 475/317/317 536/316/316 537/318/318
f 475/317/317 537/318/318 476/319/319
f 476/319/319 537/318/318 538/320/320
f 476/319/319 538/320/320 477/321/321
f 477/321/321 538/320/320 539/322/322
f 477/321/321 539/322/322 478/323/323
f 478/323/323 539/322/322 540/324/324
f 478/323/323 540/324/324 479/325/325
f 479/325/325 540/324/324 541/326/326
f 479/325/325 541/326/326 480/327/327
f 480/327/327 541/326/326 542/328/328
f 480/327/327 542/328/328 481/329/329
f 481/329/329 542/328/328 543/330/330
f 481/329/329 543/330/330 482/331/331
f 482/331/331 543/330/330 544/332/332
f 482/331/331 544/332/332 483/333/333
f 483/333/333 544/332/332 545/334/334
f 483/333/333 545/334/334 484/335/335
f 484/335/335 545/334/334 546/336/336
f 484/335/335 546/336/336 485/337/337
f 485/337/337 546/336/336 547/338/338
f 485/337/337 547/338/338 486/339/339
f 486/339/339 547/338/338 548/340/340
f 486/339/339 548/340/340 487/341/341
f 487/341/341 548/340/340 549/342/342
f 487/341/341 549/342/342 488/343/343
f 488/343/343 549/342/342 550/344/344
f 488/343/343 550/344/344 489/345/345
f 489/345/345 550/344/344 551/346/346
f 489/345/345 551/346/346 490/347/347
f 490/347/347 551/346/346 552/348/348
f 490/347/347 552/348/348 491/349/349
f 491/349/349 552/348/348 553/350/350
f 491/349/349 553/350/350 492/351/351
f 492/351/351 553/350/350 554/352/352
f 492/351/351 554/352/352 493/353/353
f 493/353/353 554/352/352 555/354/354
f 493/353/353 555/354/354 494/355/355
f 494/355/355 555/354/354 556/356/356
f 494/355/355 556/356/356 495/357/357
f 495/357/357 556/356/356 557/358/358
f 495/357/357 557/358/358 496/359/359
f 496/359/359 557/358/358 558/360/360
f 496/359/359 558/360/360 497/361/361
f 497/361/361 558/360/360 559/362/362
f 497/361/361 559/362/362 498/363/363
f 498/363/363 559/362/362 560/364/364
f 498/363/363 560/364/364 499/365/365
f 499/365/365 560/364/364 561/366/366
f 499/365/365 561/366/366 500/367/367
f 500/367/367 561/366/366 562/368/368
f 500/367/367 562/368/368 501/369/369
f 501/369/369 562/368/368 563/370/370
f 501/369/369 563/370/370 502/371/371
f 502/371/371 563/370/370 564/372/372
f 502/371/371 564/372/372 503/373/373
f 503/373/373 564/372/372 565/374/374
f 503/373/373 565/374/374 504/375/375
f 504/375/375 565/374/374 566/376/376
f 504/375/375 566/376/376 505/377/377
f 505/377/377 566/376/376 444/378/378
f 505/377/377 444/378/378 506/379/379
f 506/379/379 444/378/378 128/128/128
f 506/379/379 128/128/128 257/380/380
f 257/380/380 128/128/128 320/381/381
f 257/380/380 320/381/381 319/382/382
f 319/382/382 320/381/381 130/383/383
f 319/382/382 130/383/383 131/384/384
f 128/128/128 129/385/385 320/381/381
f 320/381/381 129/385/385 130/383/383
f 319/382/382 131/384/384 318/386/386
f 318/386/386 131/384/384 132/387/387
f 318/386/386 132/387/387 317/388/388
f 317/388/388 132/387/387 133/389/389
f 317/388/388 133/389/389 316/390/390
f 316/390/390 133/389/389 134/391/391
f 316/390/390 134/391/391 315/392/392
f 315/392/392 134/391/391 135/393/393
f 315/392/392 135/393/393 314/394/394
f 314/394/394 135/393/393 136/395/395
f 314/394/394 136/395/395 313/396/396
f 313/396/396 136/395/395 137/397/397
f 313/396/396 137/397/397 312/398/398
f 312/398/398 137/397/397 138/399/399
f 312/398/398 138/399/399 311/400/400
f 311/400/400 138/399/399 139/401/401
f 311/400/400 139/401/401 310/402/402
f 310/402/402 139/401/401 140/403/403
f 310/402/402 140/403/403 309/404/404
f 309/404/404 140/403/403 141/405/405
f 309/404/404 141/405/405 308/406/406
f 308/406/406 141/405/405 142/407/407
f 308/406/406 142/407/407 307/408/408
f 307/408/408 142/407/407 143/409/409
f 307/408/408 143/409/409 306/410/410
f 306/410/410 143/409/409 144/411/411
f 306/410/410 144/411/411 305/412/412
f 305/412/412 144/411/411 145/413/413
f 305/412/412 145/413/413 304/414/414
f 304/414/414 145/413/413 146/415/415
f 304/414/414 146/415/415 303/416/416
f 303/416/416 146/415/415 147/417/417
f 303/416/416 147/417/417 302/418/418
f 302/418/418 147/417/417 148/419/419
f 302/418/418 148/419/419 301/420/420
f 301/420/420 148/419/419 149/421/421
f 301/420/420 149/421/421 300/422/422
f 300/422/422 149/421/421 150/423/423
f 300/422/422 150/423/423 299/424/424
f 299/424/424 150/423/423 151/425/425
f 299/424/424 151/425/425 298/426/426
f 298/426/426 151/425/425 152/427/427
f 298/426/426 152/427/427 297/428/428
f 297/428/428 152/427/427 153/429/429
f 297/428/428 153/429/429 296/430/430
f 296/430/430 153/429/429 154/431/431
f 296/430/430 154/431/431 295/432/432
f 295/432/432 154/431/431 155/433/433
f 295/432/432 155/433/433 294/434/434
f 294/434/434 155/433/433 156/435/435
f 294/434/434 156/435/435 293/436/436
f 293/436/436 156/435/435 157/437/437
f 293/436/436 157/437/437 292/438/438
f 292/438/438 157/437/437 158/439/439
f 292/438/438 158/439/439 291/440/440
f 291/440/440 158/439/439 159/441/441
f 291/440/440 159/441/441 290/442/442
f 290/442/442 159/441/441 160/443/443
f 290/442/442 160/443/443 289/444/444
f 289/444/444 160/443/443 161/445/445
f 289/444/444 161/445/445 288/446/446
f 288/446/446 161/445/445 162/447/447
f 288/446/446 162/447/447 287/448/448
f 287/448/448 162/447/447 163/449/449
f 287/448/448 163/449/449 286/450/450
f 286/450/450 163/449/449 164/451/451
f 286/450/450 164/451/451 285/452/452
f 285/452/452 164/451/451 165/453/453
f 285/452/452 165/453/453 284/454/454
f 284/454/454 165/453/453 166/455/455
f 284/454/454 166/455/455 283/456/456
f 283/456/456 166/455/455 167/457/457
f 283/456/456 167/457/457 282/458/458
f 282/458/458 167/457/457 168/459/459
f 282/458/458 168/459/459 281/460/460
f 281/460/460 168/459/459 169/461/461
f 281/460/460 169/461/461 280/462/462
f 280/462/462 169/461/461 170/463/463
f 280/462/462 170/463/463 279/464/464
f 279/464/464 170/463/463 171/465/465
f 279/464/464 171/465/465 278/466/466
f 278/466/466 171/465/465 172/467/467
f 278/466/466 172/467/467 277/468/468
f 277/468/468 172/467/467 173/469/469
f 277/468/468 173/469/469 276/470/470
f 276/470/470 173/469/469 174/471/471
f 276/470/470 174/471/471 275/472/472
f 275/472/472 174/471/471 175/473/473
f 275/472/472 175/473/473 274/474/474
f 274/474/474 175/473/473 176/475/475
f 274/474/474 176/475/475 273/476/476
f 273/476/476 176/475/475 177/477/477
f 273/476/476 177/477/477 272/478/478
f 272/478/478 177/477/477 178/479/479
f 272/478/478 178/479/479 271/480/480
f 271/480/480 178/479/479 179/481/481
f 271/480/480 179/481/481 270/482/482
f 270/482/482 179/481/481 180/483/483
f 270/482/482 180/483/483 269/484/484
f 269/484/484 180/483/483 181/485/485
f 269/484/484 181/485/485 268/486/486
f 268/486/486 181/485/485 182/487/487
f 268/486/486 182/487/487 267/488/488
f 267/488/488 182/487/487 183/489/489
f 267/488/488 183/489/489 266/490/490
f 266/490/490 183/489/489 184/491/491
f 266/490/490 184/491/491 265/492/492
f 265/492/492 184/491/491 185/493/493
f 265/492/492 185/493/493 264/494/494
f 264/494/494 185/493/493 186/495/495
f 264/494/494 186/495/495 263/496/496
f 263/496/496 186/495/495 187/497/497
f 263/496/496 187/497/497 262/498/498
f 262/498/498 187/497/497 188/499/499
f 262/498/498 188/499/499 261/500/500
f 261/500/500 188/499/499 189/501/501
f 261/500/500 189/501/501 260/502/502
f 260/502/502 189/501/501 190/503/503
f 260/502/502 190/503/503 259/504/504
f 259/504/504 190/503/503 191/505/505
f 259/504/504 191/505/505 383/506/506
f 383/506/506 191/505/505 445/257/257
f 383/506/506 445/257/257 446/259/259
f 191/505/505 192/255/255 445/257/257
f 128/128/128 444/378/378 321/130/130
f 321/130/130 444/378/378 566/376/376
f 321/130/130 566/376/376 322/133/133
f 322/133/133 566/376/376 565/374/374
f 322/133/133 565/374/374 323/135/135
f 323/135/135 565/374/374 564/372/372
f 323/135/135 564/372/372 324/137/137
f 324/137/137 564/372/372 563/370/370
f 324/137/137 563/370/370 325/139/139
f 325/139/139 563/370/370 562/368/368
f 325/139/139 562/368/368 326/141/141
f 326/141/141 562/368/368 561/366/366
f 326/141/141 561/366/366 327/143/143
f 327/143/143 561/366/366 560/364/364
f 327/143/143 560/364/364 328/145/145
f 328/145/145 560/364/364 559/362/362
f 328/145/145 559/362/362 329/147/147
f 329/147/147 559/362/362 558/360/360
f 329/147/147 558/360/360 330/149/149
f 330/149/149 558/360/360 557/358/358
f 330/149/149 557/358/358 331/151/151
f 331/151/151 557/358/358 556/356/356
f 331/151/151 556/356/356 332/153/153
f 332/153/153 556/356/356 555/354/354
f 332/153/153 555/354/354 333/155/155
f 333/155/155 555/354/354 554/352/352
f 333/155/155 554/352/352 334/157/157
f 334/157/157 554/352/352 553/350/350
f 334/157/157 553/350/350 335/159/159
f 335/159/159 553/350/350 552/348/348
f 335/159/159 552/348/348 336/161/161
f 336/161/161 552/348/348 551/346/346
f 336/161/161 551/346/346 337/163/163
f 337/163/163 551/346/346 550/344/344
f 337/163/163 550/344/344 338/165/165
f 338/165/165 550/344/344 549/342/342
f 338/165/165 549/342/342 339/167/167
f 339/167/167 549/342/342 548/340/340
f 339/167/167 548/340/340 340/169/169
f 340/169/169 548/340/340 547/338/338
f 340/169/169 547/338/338 341/171/171
f 341/171/171 547/338/338 546/336/336
f 341/171/171 546/336/336 342/173/173
f 342/173/173 546/336/336 545/334/334
f 342/173/173 545/334/334 343/175/175
f 343/175/175 545/334/334 544/332/332
f 343/175/175 544/332/332 344/177/177
f 344/177/177 544/332/332 543/330/330
f 344/177/177 543/330/330 345/179/179
f 345/179/179 543/330/330 542/328/328
f 345/179/179 542/328/328 346/181/181
f 346/181/181 542/328/328 541/326/326
f 346/181/181 541/326/326 347/183/183
f 347/183/183 541/326/326 540/324/324
f 347/183/183 540/324/324 348/185/185
f 348/185/185 540/324/324 539/322/322
f 348/185/185 539/322/322 349/187/187
f 349/187/187 539/322/322 538/320/320
f 349/187/187 538/320/320 350/189/189
f 350/189/189 538/320/320 537/318/318
f 350/189/189 537/318/318 351/191/191
f 351/191/191 537/318/318 536/316/316
f 351/191/191 536/316/316 352/193/193
f 352/193/193 536/316/316 535/314/314
f 352/193/193 535/314/314 353/195/195
f 353/195/195 535/314/314 534/312/312
f 353/195/195 534/312/312 354/197/197
f 354/197/197 534/312/312 533/310/310
f 354/197/197 533/310/310 355/199/199
f 355/199/199 533/310/310 532/308/308
f 355/199/199 532/308/308 356/201/201
f 356/201/201 532/308/308 531/306/306
f 356/201/201 531/306/306 357/203/203
f 357/203/203 531/306/306 530/304/304
f 357/203/203 530/304/304 358/205/205
f 358/205/205 530/304/304 529/302/302
f 358/205/205 529/302/302 359/207/207
f 359/207/207 529/302/302 528/300/300
f 359/207/207 528/300/300 360/209/209
f 360/209/209 528/300/300 527/298/298
f 360/209/209 527/298/298 361/211/211
f 361/211/211 527/298/298 526/296/296
f 361/211/211 526/296/296 362/213/213
f 362/213/213 526/296/296 525/294/294
f 362/213/213 525/294/294 363/215/215
f 363/215/215 525/294/294 524/292/292
f 363/215/215 524/292/292 364/217/217
f 364/217/217 524/292/292 523/290/290
f 364/217/217 523/290/290 365/219/219
f 365/219/219 523/290/290 522/288/288
f 365/219/219 522/288/288 366/221/221
f 366/221/221 522/288/288 521/286/286
f 366/221/221 521/286/286 367/223/223
f 367/223/223 521/286/286 520/284/284
f 367/223/223 520/284/284 368/225/225
f 368/225/225 520/284/284 519/282/282
f 368/225/225 519/282/282 369/227/227
f 369/227/227 519/282/282 518/280/280
f 369/227/227 518/280/280 370/229/229
f 370/229/229 518/280/280 517/278/278
f 370/229/229 517/278/278 371/231/231
f 371/231/231 517/278/278 516/276/276
f 371/231/231 516/276/276 372/233/233
f 372/233/233 516/276/276 515/274/274
f 372/233/233 515/274/274 373/235/235
f 373/235/235 515/274/274 514/272/272
f 373/235/235 514/272/272 374/237/237
f 374/237/237 514/272/272 513/270/270
f 374/237/237 513/270/270 375/239/239
f 375/239/239 513/270/270 512/268/268
f 375/239/239 512/268/268 376/241/241
f 376/241/241 512/268/268 511/266/266
f 376/241/241 511/266/266 377/243/243
f 377/243/243 511/266/266 510/264/264
f 377/243/243 510/264/264 378/245/245
f 378/245/245 510/264/264 509/262/262
f 378/245/245 509/262/262 379/247/247
f 379/247/247 509/262/262 508/260/260
f 379/247/247 508/260/260 380/249/249
f 380/249/249 508/260/260 507/258/258
f 380/249/249 507/258/258 381/251/251
f 381/251/251 507/258/258 258/256/256
f 381/251/251 258/256/256 382/253/253
f 260/502/502 259/504/504 384/507/507
f 384/507/507 259/504/504 383/506/506
f 384/507/507 383/506/506 446/259/259
f 261/500/500 260/502/502 385/508/508
f 385/508/508 260/502/502 384/507/507
f 385/508/508 384/507/507 447/261/261
f 447/261/261 384/507/507 446/259/259
f 262/498/498 261/500/500 386/509/509
f 386/509/509 261/500/500 385/508/508
f 386/509/509 385/508/508 448/263/263
f 448/263/263 385/508/508 447/261/261
f 263/496/496 262/498/498 387/510/510
f 387/510/510 262/498/498 386/509/509
f 387/510/510 386/509/509 449/265/265
f 449/265/265 386/509/509 448/263/263
f 264/494/494 263/496/496 388/511/511
f 388/511/511 263/496/496 387/510/510
f 388/511/511 387/510/510 450/267/267
f 450/267/267 387/510/510 449/265/265
f 265/492/492 264/494/494 389/512/512
f 389/512/512 264/494/494 388/511/511
f 389/512/512 388/511/511 451/269/269
f 451/269/269 388/511/511 450/267/267
f 266/490/490 265/492/492 390/513/513
f 390/513/513 265/492/492 389/512/512
f 390/513/513 389/512/512 452/271/271
f 452/271/271 389/512/512 451/269/269
f 267/488/488 266/490/490 391/514/514
f 391/514/514 266/490/490 390/513/513
f 391/514/514 390/513/513 453/273/273
f 453/273/273 390/513/513 452/271/271
f 268/486/486 267/488/488 392/515/515
f 392/515/515 267/488/488 391/514/514
f 392/515/515 391/514/514 454/275/275
f 454/275/275 391/514/514 453/273/273
f 269/484/484 268/486/486 393/516/516
f 393/516/516 268/486/486 392/515/515
f 393/516/516 392/515/515 455/277/277
f 455/277/277 392/515/515 454/275/275
f 270/482/482 269/484/484 394/517/517
f 394/517/517 269/484/484 393/516/516
f 394/517/517 393/516/516 456/279/279
f 456/279/279 393/516/516 455/277/277
f 271/480/480 270/482/482 395/518/518
f 395/518/518 270/482/482 394/517/517
f 395/518/518 394/517/517 457/281/281
f 457/281/281 394/517/517 456/279/279
f 272/478/478 271/480/480 396/519/519
f 396/519/519 271/480/480 395/518/518
f 396/519/519 395/518/518 458/283/283
f 458/283/283 395/518/518 457/281/281
f 273/476/476 272/478/478 397/520/520
f 397/520/520 272/478/478 396/519/519
f 397/520/520 396/519/519 459/285/285
f 459/285/285 396/519/519 458/283/283
f 274/474/474 273/476/476 398/521/521
f 398/521/521 273/476/476 397/520/520
f 398/521/521 397/520/520 460/287/287
f 460/287/287 397/520/520 459/285/285
f 275/472/472 274/474/474 399/522/522
f 399/522/522 274/474/474 398/521/521
f 399/522/522 398/521/521 461/289/289
f 461/289/289 398/521/521 460/287/287
f 276/470/470 275/472/472 400/523/523
f 400/523/523 275/472/472 399/522/522
f 400/523/523 399/522/522 462/291/291
f 462/291/291 399/522/522 461/289/289
f 277/468/468 276/470/470 401/524/524
f 401/524/524 276/470/470 400/523/523
f 401/524/524 400/523/523 463/293/293
f 463/293/293 400/523/523 462/291/291
f 278/466/466 277/468/468 402/525/525
f 402/525/525 277/468/468 401/524/524
f 402/525/525 401/524/524 464/295/295
f 464/295/295 401/524/524 463/293/293
f 279/464/464 278/466/466 403/526/526
f 403/526/526 278/466/466 402/525/525
f 403/526/526 402/525/525 465/297/297
f 465/297/297 402/525/525 464/295/295
f 280/462/462 279/464/464 404/527/527
f 404/527/527 279/464/464 403/526/526
f 404/527/527 403/526/526 466/299/299
f 466/299/299 403/526/526 465/297/297
f 281/460/460 280/462/462 405/528/528
f 405/528/528 280/462/462 404/527/527
f 405/528/528 404/527/527 467/301/301
f 467/301/301 404/527/527 466/299/299
f 282/458/458 281/460/460 406/529/529
f 406/529/529 281/460/460 405/528/528
f 406/529/529 405/528/528 468/303/303
f 468/303/303 405/528/528 467/301/301
f 283/456/456 282/458/458 407/530/530
f 407/530/530 282/458/458 406/529/529
f 407/530/530 406/529/529 469/305/305
f 469/305/305 406/529/529 468/303/303
f 284/454/454 283/456/456 408/531/531
f 408/531/531 283/456/456 407/530/530
f 408/531/531 407/530/530 470/307/307
f 470/307/307 407/530/530 469/305/305
f 285/452/452 284/454/454 409/532/532
f 409/532/532 284/454/454 408/531/531
f 409/532/532 408/531/531 471/309/309
f 471/309/309 408/531/531 470/307/307
f 286/450/450 285/452/452 410/533/533
f 410/533/533 285/452/452 409/532/532
f 410/533/533 409/532/532 472/311/311
f 472/311/311 409/532/532 471/309/309
f 287/448/448 286/450/450 411/534/534
f 411/534/534 286/450/450 410/533/533
f 411/534/534 410/533/533 473/313/313
f 473/313/313 410/533/533 472/311/311
f 288/446/446 287/448/448 412/535/535
f 412/535/535 287/448/448 411/534/534
f 412/535/535 411/534/534 474/315/315
f 474/315/315 411/534/534 473/313/313
f 289/444/444 288/446/446 413/536/536
f 413/536/536 288/446/446 412/535/535
f 413/536/536 412/535/535 475/317/317
f 475/317/317 412/535/535 474/315/315
f 290/442/442 289/444/444 414/537/537
f 414/537/537 289/444/444 413/536/536
f 414/537/537 413/536/536 476/319/319
f 476/319/319 413/536/536 475/317/317
f 291/440/440 290/442/442 415/538/538
f 415/538/538 290/442/442 414/537/537
f 415/538/538 414/537/537 477/321/321
f 477/321/321 414/537/537 476/319/319
f 292/438/438 291/440/440 416/539/539
f 416/539/539 291/440/440 415/538/538
f 416/539/539 415/538/538 478/323/323
f 478/323/323 415/538/538 477/321/321
f 293/436/436 292/438/438 417/540/540
f 417/540/540 292/438/438 416/539/539
f 417/540/540 416/539/539 479/325/325
f 479/325/325 416/539/539 478/323/323
f 294/434/434 293/436/436 418/541/541
f 418/541/541 293/436/436 417/540/540
f 418/541/541 417/540/540 480/327/327
f 480/327/327 417/540/540 479/325/325
f 295/432/432 294/434/434 419/542/542
f 419/542/542 294/434/434 418/541/541
f 419/542/542 418/541/541 481/329/329
f 481/329/329 418/541/541 480/327/327
f 296/430/430 295/432/432 420/543/543
f 420/543/543 295/432/432 419/542/542
f 420/543/543 419/542/542 482/331/331
f 482/331/331 419/542/542 481/329/329
f 297/428/428 296/430/430 421/544/544
f 421/544/544 296/430/430 420/543/543
f 421/544/544 420/543/543 483/333/333
f 483/333/333 420/543/543 482/331/331
f 298/426/426 297/428/428 422/545/545
f 422/545/545 297/428/428 421/544/544
f 422/545/545 421/544/544 484/335/335
f 484/335/335 421/544/544 483/333/333
f 299/424/424 298/426/426 423/546/546
f 423/546/546 298/426/426 422/545/545
f 423/546/546 422/545/545 485/337/337
f 485/337/337 422/545/545 484/335/335
f 300/422/422 299/424/424 424/547/547
f 424/547/547 299/424/424 423/546/546
f 424/547/547 423/546/546 486/339/339
f 486/339/339 423/546/546 485/337/337
f 301/420/420 300/422/422 425/548/548
f 425/548/548 300/422/422 424/547/547
f 425/548/548 424/547/547 487/341/341
f 487/341/341 424/547/547 486/339/339
f 302/418/418 301/420/420 426/549/549
f 426/549/549 301/420/420 425/548/548
f 426/549/549 425/548/548 488/343/343
f 488/343/343 425/548/548 487/341/341
f 303/416/416 302/418/418 427/550/550
f 427/550/550 302/418/418 426/549/549
f 427/550/550 426/549/549 489/345/345
f 489/345/345 426/549/549 488/343/343
f 304/414/414 303/416/416 428/551/551
f 428/551/551 303/416/416 427/550/550
f 428/551/551 427/550/550 490/347/347
f 490/347/347 427/550/550 489/345/345
f 305/412/412 304/414/414 429/552/552
f 429/552/552 304/414/414 428/551/551
f 429/552/552 428/551/551 491/349/349
f 491/349/349 428/551/551 490/347/347
f 306/410/410 305/412/412 430/553/553
f 430/553/553 305/412/412 429/552/552
f 430/553/553 429/552/552 492/351/351
f 492/351/351 429/552/552 491/349/349
f 307/408/408 306/410/410 431/554/554
f 431/554/554 306/410/410 430/553/553
f 431/554/554 430/553/553 493/353/353
f 493/353/353 430/553/553 492/351/351
f 308/406/406 307/408/408 432/555/555
f 432/555/555 307/408/408 431/554/554
f 432/555/555 431/554/554 494/355/355
f 494/355/355 431/554/554 493/353/353
f 309/404/404 308/406/406 433/556/556
f 433/556/556 308/406/406 432/555/555
f 433/556/556 432/555/555 495/357/357
f 495/357/357 432/555/555 494/355/355
f 310/402/402 309/404/404 434/557/557
f 434/557/557 309/404/404 433/556/556
f 434/557/557 433/556/556 496/359/359
f 496/359/359 433/556/556 495/357/357
f 311/400/400 310/402/402 435/558/558
f 435/558/558 310/402/402 434/557/557
f 435/558/558 434/557/557 497/361/361
f 497/361/361 434/557/557 496/359/359
f 312/398/398 311/400/400 436/559/559
f 436/559/559 311/400/400 435/558/558
f 436/559/559 435/558/558 498/363/363
f 498/363/363 435/558/558 497/361/361
f 313/396/396 312/398/398 437/560/560
f 437/560/560 312/398/398 436/559/559
f 437/560/560 436/559/559 499/365/365
f 499/365/365 436/559/559 498/363/363
f 314/394/394 313/396/396 438/561/561
f 438/561/561 313/396/396 437/560/560
f 438/561/561 437/560/560 500/367/367
f 500/367/367 437/560/560 499/365/365
f 315/392/392 314/394/394 439/562/562
f 439/562/562 314/394/394 438/561/561
f 439/562/562 438/561/561 501/369/369
f 501/369/369 438/561/561 500/367/367
f 316/390/390 315/392/392 440/563/563
f 440/563/563 315/392/392 439/562/562
f 440/563/563 439/562/562 502/371/371
f 502/371/371 439/562/562 501/369/369
f 317/388/388 316/390/390 441/564/564
f 441/564/564 316/390/390 440/563/563
f 441/564/564 440/563/563 503/373/373
f 503/373/373 440/563/563 502/371/371
f 318/386/386 317/388/388 442/565/565
f 442/565/565 317/388/388 441/564/564
f 442/565/565 441/564/564 504/375/375
f 504/375/375 441/564/564 503/373/373
f 319/382/382 318/386/386 443/566/566
f 443/566/566 318/386/386 442/565/565
f 443/566/566 442/565/565 505/377/377
f 505/377/377 442/565/565 504/375/375
f 506/379/379 257/380/380 443/566/566
f 443/566/566 257/380/380 319/382/382
f 506/379/379 443/566/566 505/377/377
f 567/567/567 1034/568/568 191/569/569
f 191/569/569 1034/568/568 879/570/570
f 191/569/569 879/570/570 192/571/571
f 192/571/571 879/570/570 1035/572/572
f 192/571/571 1035/572/572 878/573/573
f 878/573/573 1035/572/572 1036/574/574
f 878/573/573 1036/574/574 877/575/575
f 877/575/575 1036/574/574 1037/576/576
f 877/575/575 1037/576/576 876/577/577
f 876/577/577 1037/576/576 1038/578/578
f 876/577/577 1038/578/578 875/579/579
f 875/579/579 1038/578/578 1039/580/580
f 875/579/579 1039/580/580 874/581/581
f 874/581/581 1039/580/580 1040/582/582
f 874/581/581 1040/582/582 873/583/583
f 873/583/583 1040/582/582 1041/584/584
f 873/583/583 1041/584/584 872/585/585
f 872/585/585 1041/584/584 1042/586/586
f 872/585/585 1042/586/586 871/587/587
f 871/587/587 1042/586/586 1043/588/588
f 871/587/587 1043/588/588 870/589/589
f 870/589/589 1043/588/588 1044/590/590
f 870/589/589 1044/590/590 869/591/591
f 869/591/591 1044/590/590 1045/592/592
f 869/591/591 1045/592/592 868/593/593
f 868/593/593 1045/592/592 1046/594/594
f 868/593/593 1046/594/594 867/595/595
f 867/595/595 1046/594/594 1047/596/596
f 867/595/595 1047/596/596 866/597/597
f 866/597/597 1047/596/596 1048/598/598
f 866/597/597 1048/598/598 865/599/599
f 865/599/599 1048/598/598 1049/600/600
f 865/599/599 1049/600/600 864/601/601
f 864/601/601 1049/600/600 1050/602/602
f 864/601/601 1050/602/602 863/603/603
f 863/603/603 1050/602/602 1051/604/604
f 863/603/603 1051/604/604 862/605/605
f 862/605/605 1051/604/604 1052/606/606
f 862/605/605 1052/606/606 861/607/607
f 861/607/607 1052/606/606 1053/608/608
f 861/607/607 1053/608/608 860/609/609
f 860/609/609 1053/608/608 1054/610/610
f 860/609/609 1054/610/610 859/611/611
f 859/611/611 1054/610/610 1055/612/612
f 859/611/611 1055/612/612 858/613/613
f 858/613/613 1055/612/612 1056/614/614
f 858/613/613 1056/614/614 857/615/615
f 857/615/615 1056/614/614 1057/616/616
f 857/615/615 1057/616/616 856/617/617
f 856/617/617 1057/616/616 1058/618/618
f 856/617/617 1058/618/618 855/619/619
f 855/619/619 1058/618/618 1059/620/620
f 855/619/619 1059/620/620 854/621/621
f 854/621/621 1059/620/620 1060/622/622
f 854/621/621 1060/622/622 853/623/623
f 853/623/623 1060/622/622 1061/624/624
f 853/623/623 1061/624/624 852/625/625
f 852/625/625 1061/624/624 1062/626/626
f 852/625/625 1062/626/626 851/627/627
f 851/627/627 1062/626/626 1063/628/628
f 851/627/627 1063/628/628 850/629/629
f 850/629/629 1063/628/628 1064/630/630
f 850/629/629 1064/630/630 849/631/631
f 849/631/631 1064/630/630 1065/632/632
f 849/631/631 1065/632/632 848/633/633
f 848/633/633 1065/632/632 1066/634/634
f 848/633/633 1066/634/634 847/635/635
f 847/635/635 1066/634/634 1067/636/636
f 847/635/635 1067/636/636 846/637/637
f 846/637/637 1067/636/636 1068/638/638
f 846/637/637 1068/638/638 845/639/639
f 845/639/639 1068/638/638 1069/640/640
f 845/639/639 1069/640/640 844/641/641
f 844/641/641 1069/640/640 1070/642/642
f 844/641/641 1070/642/642 843/643/643
f 843/643/643 1070/642/642 1071/644/644
f 843/643/643 1071/644/644 842/645/645
f 842/645/645 1071/644/644 1072/646/646
f 842/645/645 1072/646/646 841/647/647
f 841/647/647 1072/646/646 1073/648/648
f 841/647/647 1073/648/648 840/649/649
f 840/649/649 1073/648/648 1074/650/650
f 840/649/649 1074/650/650 839/651/651
f 839/651/651 1074/650/650 1075/652/652
f 839/651/651 1075/652/652 838/653/653
f 838/653/653 1075/652/652 1076/654/654
f 838/653/653 1076/654/654 837/655/655
f 837/655/655 1076/654/654 1077/656/656
f 837/655/655 1077/656/656 836/657/657
f 836/657/657 1077/656/656 1078/658/658
f 836/657/657 1078/658/658 835/659/659
f 835/659/659 1078/658/658 1079/660/660
f 835/659/659 1079/660/660 834/661/661
f 834/661/661 1079/660/660 1080/662/662
f 834/661/661 1080/662/662 833/663/663
f 833/663/663 1080/662/662 1081/664/664
f 833/663/663 1081/664/664 832/665/665
f 832/665/665 1081/664/664 1082/666/666
f 832/665/665 1082/666/666 831/667/667
f 831/667/667 1082/666/666 1083/668/668
f 831/667/667 1083/668/668 830/669/669
f 830/669/669 1083/668/668 1084/670/670
f 830/669/669 1084/670/670 829/671/671
f 829/671/671 1084/670/670 1085/672/672
f 829/671/671 1085/672/672 828/673/673
f 828/673/673 1085/672/672 1086/674/674
f 828/673/673 1086/674/674 827/675/675
f 827/675/675 1086/674/674 1087/676/676
f 827/675/675 1087/676/676 826/677/677
f 826/677/677 1087/676/676 1088/678/678
f 826/677/677 1088/678/678 825/679/679
f 825/679/679 1088/678/678 1089/680/680
f 825/679/679 1089/680/680 824/681/681
f 824/681/681 1089/680/680 1090/682/682
f 824/681/681 1090/682/682 823/683/683
f 823/683/683 1090/682/682 1091/684/684
f 823/683/683 1091/684/684 822/685/685
f 822/685/685 1091/684/684 1092/686/686
f 822/685/685 1092/686/686 821/687/687
f 821/687/687 1092/686/686 1093/688/688
f 821/687/687 1093/688/688 820/689/689
f 820/689/689 1093/688/688 1094/690/690
f 820/689/689 1094/690/690 819/691/691
f 819/691/691 1094/690/690 1095/692/692
f 819/691/691 1095/692/692 818/693/693
f 818/693/693 1095/692/692 1096/694/694
f 818/693/693 1096/694/694 817/695/695
f 817/695/695 1096/694/694 1097/696/696
f 817/695/695 1097/696/696 816/697/697
f 816/697/697 1097/696/696 1098/698/698
f 816/697/697 1098/698/698 815/699/699
f 815/699/699 1098/698/698 1099/700/700
f 815/699/699 1099/700/700 814/701/701
f 814/701/701 1099/700/700 1100/702/702
f 814/701/701 1100/702/702 813/703/703
f 813/703/703 1100/702/702 1101/704/704
f 813/703/703 1101/704/704 812/705/705
f 812/705/705 1101/704/704 1102/706/706
f 812/705/705 1102/706/706 811/707/707
f 811/707/707 1102/706/706 1103/708/708
f 811/707/707 1103/708/708 810/709/709
f 810/709/709 1103/708/708 1104/710/710
f 810/709/709 1104/710/710 809/711/711
f 809/711/711 1104/710/710 1105/712/712
f 809/711/711 1105/712/712 808/713/713
f 808/713/713 1105/712/712 1106/714/714
f 808/713/713 1106/714/714 807/715/715
f 807/715/715 1106/714/714 1107/716/716
f 807/715/715 1107/716/716 806/717/717
f 806/717/717 1107/716/716 1108/718/718
f 806/717/717 1108/718/718 805/719/719
f 805/719/719 1108/718/718 1109/720/720
f 805/719/719 1109/720/720 804/721/721
f 804/721/721 1109/720/720 1110/722/722
f 804/721/721 1110/722/722 803/723/723
f 803/723/723 1110/722/722 1111/724/724
f 803/723/723 1111/724/724 802/725/725
f 802/725/725 1111/724/724 1112/726/726
f 802/725/725 1112/726/726 801/727/727
f 801/727/727 1112/726/726 1113/728/728
f 801/727/727 1113/728/728 800/729/729
f 800/729/729 1113/728/728 1114/730/730
f 800/729/729 1114/730/730 799/731/731
f 799/731/731 1114/730/730 1115/732/732
f 799/731/731 1115/732/732 798/733/733
f 798/733/733 1115/732/732 1116/734/734
f 798/733/733 1116/734/734 797/735/735
f 797/735/735 1116/734/734 1117/736/736
f 797/735/735 1117/736/736 796/737/737
f 796/737/737 1117/736/736 1118/738/738
f 796/737/737 1118/738/738 795/739/739
f 795/739/739 1118/738/738 1119/740/740
f 795/739/739 1119/740/740 794/741/741
f 794/741/741 1119/740/740 1120/742/742
f 794/741/741 1120/742/742 793/743/743
f 793/743/743 1120/742/742 1121/744/744
f 793/743/743 1121/744/744 792/745/745
f 792/745/745 1121/744/744 1122/746/746
f 792/745/745 1122/746/746 791/747/747
f 791/747/747 1122/746/746 1123/748/748
f 791/747/747 1123/748/748 790/749/749
f 790/749/749 1123/748/748 1124/750/750
f 790/749/749 1124/750/750 789/751/751
f 789/751/751 1124/750/750 788/752/752
f 788/752/752 1124/750/750 1125/753/753
f 788/752/752 1125/753/753 787/754/754
f 787/754/754 1125/753/753 1126/755/755
f 787/754/754 1126/755/755 786/756/756
f 786/756/756 1126/755/755 1127/757/757
f 786/756/756 1127/757/757 785/758/758
f 785/758/758 1127/757/757 784/759/759
f 784/759/759 1127/757/757 1128/760/760
f 784/759/759 1128/760/760 783/761/761
f 783/761/761 1128/760/760 1129/762/762
f 783/761/761 1129/762/762 782/763/763
f 782/763/763 1129/762/762 1130/764/764
f 782/763/763 1130/764/764 781/765/765
f 781/765/765 1130/764/764 1131/766/766
f 781/765/765 1131/766/766 780/767/767
f 780/767/767 1131/766/766 1132/768/768
f 780/767/767 1132/768/768 779/769/769
f 779/769/769 1132/768/768 1133/770/770
f 779/769/769 1133/770/770 778/771/771
f 778/771/771 1133/770/770 1134/772/772
f 778/771/771 1134/772/772 1135/773/773
f 1135/773/773 1134/772/772 1241/774/774
f 1135/773/773 1241/774/774 1240/775/775
f 1240/775/775 1241/774/774 933/776/776
f 1240/775/775 933/776/776 932/777/777
f 932/777/777 933/776/776 670/778/778
f 932/777/777 670/778/778 671/779/779
f 567/567/567 568/780/780 1034/568/568
f 1034/568/568 568/780/780 1033/781/781
f 1034/568/568 1033/781/781 879/570/570
f 879/570/570 1033/781/781 1340/782/782
f 879/570/570 1340/782/782 1035/572/572
f 1035/572/572 1340/782/782 1036/574/574
f 568/780/780 569/783/783 1033/781/781
f 1033/781/781 569/783/783 1032/784/784
f 1033/781/781 1032/784/784 1340/782/782
f 1340/782/782 1032/784/784 1339/785/785
f 1340/782/782 1339/785/785 1036/574/574
f 1036/574/574 1339/785/785 1037/576/576
f 569/783/783 570/786/786 1032/784/784
f 1032/784/784 570/786/786 1031/787/787
f 1032/784/784 1031/787/787 1339/785/785
f 1339/785/785 1031/787/787 1338/788/788
f 1339/785/785 1338/788/788 1037/576/576
f 1037/576/576 1338/788/788 1038/578/578
f 570/786/786 571/789/789 1031/787/787
f 1031/787/787 571/789/789 1030/790/790
f 1031/787/787 1030/790/790 1338/788/788
f 1338/788/788 1030/790/790 1337/791/791
f 1338/788/788 1337/791/791 1038/578/578
f 1038/578/578 1337/791/791 1039/580/580
f 571/789/789 572/792/792 1030/790/790
f 1030/790/790 572/792/792 1029/793/793
f 1030/790/790 1029/793/793 1337/791/791
f 1337/791/791 1029/793/793 1336/794/794
f 1337/791/791 1336/794/794 1039/580/580
f 1039/580/580 1336/794/794 1040/582/582
f 572/792/792 573/795/795 1029/793/793
f 1029/793/793 573/795/795 1028/796/796
f 1029/793/793 1028/796/796 1336/794/794
f 1336/794/794 1028/796/796 1335/797/797
f 1336/794/794 1335/797/797 1040/582/582
f 1040/582/582 1335/797/797 1041/584/584
f 573/795/795 574/798/798 1028/796/796
f 1028/796/796 574/798/798 1027/799/799
f 1028/796/796 1027/799/799 1335/797/797
f 1335/797/797 1027/799/799 1334/800/800
f 1335/797/797 1334/800/800 1041/584/584
f 1041/584/584 1334/800/800 1042/586/586
f 574/798/798 575/801/801 1027/799/799
f 1027/799/799 575/801/801 1026/802/802
f 1027/799/799 1026/802/802 1334/800/800
f 1334/800/800 1026/802/802 1333/803/803
f 1334/800/800 1333/803/803 1042/586/586
f 1042/586/586 1333/803/803 1043/588/588
f 575/801/801 576/804/804 1026/802/802
f 1026/802/802 576/804/804 1025/805/805
f 1026/802/802 1025/805/805 1333/803/803
f 1333/803/803 1025/805/805 1332/806/806
f 1333/803/803 1332/806/806 1043/588/588
f 1043/588/588 1332/806/806 1044/590/590
f 576/804/804 577/807/807 1025/805/805
f 1025/805/805 577/807/807 1024/808/808
f 1025/805/805 1024/808/808 1332/806/806
f 1332/806/806 1024/808/808 1331/809/809
f 1332/806/806 1331/809/809 1044/590/590
f 1044/590/590 1331/809/809 1045/592/592
f 577/807/807 578/810/810 1024/808/808
f 1024/808/808 578/810/810 1023/811/811
f 1024/808/808 1023/811/811 1331/809/809
f 1331/809/809 1023/811/811 1330/812/812
f 1331/809/809 1330/812/812 1045/592/592
f 1045/592/592 1330/812/812 1046/594/594
f 578/810/810 579/813/813 1023/811/811
f 1023/811/811 579/813/813 1022/814/814
f 1023/811/811 1022/814/814 1330/812/812
f 1330/812/812 1022/814/814 1329/815/815
f 1330/812/812 1329/815/815 1046/594/594
f 1046/594/594 1329/815/815 1047/596/596
f 579/813/813 580/816/816 1022/814/814
f 1022/814/814 580/816/816 1021/817/817
f 1022/814/814 1021/817/817 1329/815/815
f 1329/815/815 1021/817/817 1328/818/818
f 1329/815/815 1328/818/818 1047/596/596
f 1047/596/596 1328/818/818 1048/598/598
f 580/816/816 581/819/819 1021/817/817
f 1021/817/817 581/819/819 1020/820/820
f 1021/817/817 1020/820/820 1328/818/818
f 1328/818/818 1020/820/820 1327/821/821
f 1328/818/818 1327/821/821 1048/598/598
f 1048/598/598 1327/821/821 1049/600/600
f 581/819/819 582/822/822 1020/820/820
f 1020/820/820 582/822/822 1019/823/823
f 1020/820/820 1019/823/823 1327/821/821
f 1327/821/821 1019/823/823 1326/824/824
f 1327/821/821 1326/824/824 1049/600/600
f 1049/600/600 1326/824/824 1050/602/602
f 582/822/822 583/825/825 1019/823/823
f 1019/823/823 583/825/825 1018/826/826
f 1019/823/823 1018/826/826 1326/824/824
f 1326/824/824 1018/826/826 1325/827/827
f 1326/824/824 1325/827/827 1050/602/602
f 1050/602/602 1325/827/827 1051/604/604
f 583/825/825 584/828/828 1018/826/826
f 1018/826/826 584/828/828 1017/829/829
f 1018/826/826 1017/829/829 1325/827/827
f 1325/827/827 1017/829/829 1324/830/830
f 1325/827/827 1324/830/830 1051/604/604
f 1051/604/604 1324/830/830 1052/606/606
f 584/828/828 585/831/831 1017/829/829
f 1017/829/829 585/831/831 1016/832/832
f 1017/829/829 1016/832/832 1324/830/830
f 1324/830/830 1016/832/832 1323/833/833
f 1324/830/830 1323/833/833 1052/606/606
f 1052/606/606 1323/833/833 1053/608/608
f 585/831/831 586/834/834 1016/832/832
f 1016/832/832 586/834/834 1015/835/835
f 1016/832/832 1015/835/835 1323/833/833
f 1323/833/833 1015/835/835 1322/836/836
f 1323/833/833 1322/836/836 1053/608/608
f 1053/608/608 1322/836/836 1054/610/610
f 586/834/834 587/837/837 1015/835/835
f 1015/835/835 587/837/837 1014/838/838
f 1015/835/835 1014/838/838 1322/836/836
f 1322/836/836 1014/838/838 1321/839/839
f 1322/836/836 1321/839/839 1054/610/610
f 1054/610/610 1321/839/839 1055/612/612
f 587/837/837 588/840/840 1014/838/838
f 1014/838/838 588/840/840 1013/841/841
f 1014/838/838 1013/841/841 1321/839/839
f 1321/839/839 1013/841/841 1320/842/842
f 1321/839/839 1320/842/842 1055/612/612
f 1055/612/612 1320/842/842 1056/614/614
f 588/840/840 589/843/843 1013/841/841
f 1013/841/841 589/843/843 1012/844/844
f 1013/841/841 1012/844/844 1320/842/842
f 1320/842/842 1012/844/844 1319/845/845
f 1320/842/842 1319/845/845 1056/614/614
f 1056/614/614 1319/845/845 1057/616/616
f 589/843/843 590/846/846 1012/844/844
f 1012/844/844 590/846/846 1011/847/847
f 1012/844/844 1011/847/847 1319/845/845
f 1319/845/845 1011/847/847 1318/848/848
f 1319/845/845 1318/848/848 1057/616/616
f 1057/616/616 1318/848/848 1058/618/618
f 590/846/846 591/849/849 1011/847/847
f 1011/847/847 591/849/849 1010/850/850
f 1011/847/847 1010/850/850 1318/848/848
f 1318/848/848 1010/850/850 1317/851/851
f 1318/848/848 1317/851/851 1058/618/618
f 1058/618/618 1317/851/851 1059/620/620
f 591/849/849 592/852/852 1010/850/850
f 1010/850/850 592/852/852 1009/853/853
f 1010/850/850 1009/853/853 1317/851/851
f 1317/851/851 1009/853/853 1316/854/854
f 1317/851/851 1316/854/854 1059/620/620
f 1059/620/620 1316/854/854 1060/622/622
f 592/852/852 593/855/855 1009/853/853
f 1009/853/853 593/855/855 1008/856/856
f 1009/853/853 1008/856/856 1316/854/854
f 1316/854/854 1008/856/856 1315/857/857
f 1316/854/854 1315/857/857 1060/622/622
f 1060/622/622 1315/857/857 1061/624/624
f 593/855/855 594/858/858 1008/856/856
f 1008/856/856 594/858/858 1007/859/859
f 1008/856/856 1007/859/859 1315/857/857
f 1315/857/857 1007/859/859 1314/860/860
f 1315/857/857 1314/860/860 1061/624/624
f 1061/624/624 1314/860/860 1062/626/626
f 594/858/858 595/861/861 1007/859/859
f 1007/859/859 595/861/861 1006/862/862
f 1007/859/859 1006/862/862 1314/860/860
f 1314/860/860 1006/862/862 1313/863/863
f 1314/860/860 1313/863/863 1062/626/626
f 1062/626/626 1313/863/863 1063/628/628
f 595/861/861 596/864/864 1006/862/862
f 1006/862/862 596/864/864 1005/865/865
f 1006/862/862 1005/865/865 1313/863/863
f 1313/863/863 1005/865/865 1312/866/866
f 1313/863/863 1312/866/866 1063/628/628
f 1063/628/628 1312/866/866 1064/630/630
f 596/864/864 597/867/867 1005/865/865
f 1005/865/865 597/867/867 1004/868/868
f 1005/865/865 1004/868/868 1312/866/866
f 1312/866/866 1004/868/868 1311/869/869
f 1312/866/866 1311/869/869 1064/630/630
f 1064/630/630 1311/869/869 1065/632/632
f 597/867/867 598/870/870 1004/868/868
f 1004/868/868 598/870/870 1003/871/871
f 1004/868/868 1003/871/871 1311/869/869
f 1311/869/869 1003/871/871 1310/872/872
f 1311/869/869 1310/872/872 1065/632/632
f 1065/632/632 1310/872/872 1066/634/634
f 598/870/870 599/873/873 1003/871/871
f 1003/871/871 599/873/873 1002/874/874
f 1003/871/871 1002/874/874 1310/872/872
f 1310/872/872 1002/874/874 1309/875/875
f 1310/872/872 1309/875/875 1066/634/634
f 1066/634/634 1309/875/875 1067/636/636
f 599/873/873 600/876/876 1002/874/874
f 1002/874/874 600/876/876 1001/877/877
f 1002/874/874 1001/877/877 1309/875/875
f 1309/875/875 1001/877/877 1308/878/878
f 1309/875/875 1308/878/878 1067/636/636
f 1067/636/636 1308/878/878 1068/638/638
f 600/876/876 601/879/879 1001/877/877
f 1001/877/877 601/879/879 1000/880/880
f 1001/877/877 1000/880/880 1308/878/878
f 1308/878/878 1000/880/880 1307/881/881
f 1308/878/878 1307/881/881 1068/638/638
f 1068/638/638 1307/881/881 1069/640/640
f 601/879/879 602/882/882 1000/880/880
f 1000/880/880 602/882/882 999/883/883
f 1000/880/880 999/883/883 1307/881/881
f 1307/881/881 999/883/883 1306/884/884
f 1307/881/881 1306/884/884 1069/640/640
f 1069/640/640 1306/884/884 1070/642/642
f 602/882/882 603/885/885 999/883/883
f 999/883/883 603/885/885 998/886/886
f 999/883/883 998/886/886 1306/884/884
f 1306/884/884 998/886/886 1305/887/887
f 1306/884/884 1305/887/887 1070/642/642
f 1070/642/642 1305/887/887 1071/644/644
f 603/885/885 604/888/888 998/886/886
f 998/886/886 604/888/888 997/889/889
f 998/886/886 997/889/889 1305/887/887
f 1305/887/887 997/889/889 1304/890/890
f 1305/887/887 1304/890/890 1071/644/644
f 1071/644/644 1304/890/890 1072/646/646
f 604/888/888 605/891/891 997/889/889
f 997/889/889 605/891/891 996/892/892
f 997/889/889 996/892/892 1304/890/890
f 1304/890/890 996/892/892 1303/893/893
f 1304/890/890 1303/893/893 1072/646/646
f 1072/646/646 1303/893/893 1073/648/648
f 605/891/891 606/894/894 996/892/892
f 996/892/892 606/894/894 995/895/895
f 996/892/892 995/895/895 1303/893/893
f 1303/893/893 995/895/895 1302/896/896
f 1303/893/893 1302/896/896 1073/648/648
f 1073/648/648 1302/896/896 1074/650/650
f 606/894/894 607/897/897 995/895/895
f 995/895/895 607/897/897 994/898/898
f 995/895/895 994/898/898 1302/896/896
f 1302/896/896 994/898/898 1301/899/899
f 1302/896/896 1301/899/899 1074/650/650
f 1074/650/650 1301/899/899 1075/652/652
f 607/897/897 608/900/900 994/898/898
f 994/898/898 608/900/900 993/901/901
f 994/898/898 993/901/901 1301/899/899
f 1301/899/899 993/901/901 1300/902/902
f 1301/899/899 1300/902/902 1075/652/652
f 1075/652/652 1300/902/902 1076/654/654
f 608/900/900 609/903/903 993/901/901
f 993/901/901 609/903/903 992/904/904
f 993/901/901 992/904/904 1300/902/902
f 1300/902/902 992/904/904 1299/905/905
f 1300/902/902 1299/905/905 1076/654/654
f 1076/654/654 1299/905/905 1077/656/656
f 609/903/903 610/906/906 992/904/904
f 992/904/904 610/906/906 991/907/907
f 992/904/904 991/907/907 1299/905/905
f 1299/905/905 991/907/907 1298/908/908
f 1299/905/905 1298/908/908 1077/656/656
f 1077/656/656 1298/908/908 1078/658/658
f 610/906/906 611/909/909 991/907/907
f 991/907/907 611/909/909 990/910/910
f 991/907/907 990/910/910 1298/908/908
f 1298/908/908 990/910/910 1297/911/911
f 1298/908/908 1297/911/911 1078/658/658
f 1078/658/658 1297/911/911 1079/660/660
f 611/909/909 612/912/912 990/910/910
f 990/910/910 612/912/912 989/913/913
f 990/910/910 989/913/913 1297/911/911
f 1297/911/911 989/913/913 1296/914/914
f 1297/911/911 1296/914/914 1079/660/660
f 1079/660/660 1296/914/914 1080/662/662
f 612/912/912 613/915/915 989/913/913
f 989/913/913 613/915/915 988/916/916
f 989/913/913 988/916/916 1296/914/914
f 1296/914/914 988/916/916 1295/917/917
f 1296/914/914 1295/917/917 1080/662/662
f 1080/662/662 1295/917/917 1081/664/664
f 613/915/915 614/918/918 988/916/916
f 988/916/916 614/918/918 987/919/919
f 988/916/916 987/919/919 1295/917/917
f 1295/917/917 987/919/919 1294/920/920
f 1295/917/917 1294/920/920 1081/664/664
f 1081/664/664 1294/920/920 1082/666/666
f 614/918/918 615/921/921 987/919/919
f 987/919/919 615/921/921 986/922/922
f 987/919/919 986/922/922 1294/920/920
f 1294/920/920 986/922/922 1293/923/923
f 1294/920/920 1293/923/923 1082/666/666
f 1082/666/666 1293/923/923 1083/668/668
f 615/921/921 616/924/924 986/922/922
f 986/922/922 616/924/924 985/925/925
f 986/922/922 985/925/925 1293/923/923
f 1293/923/923 985/925/925 1292/926/926
f 1293/923/923 1292/926/926 1083/668/668
f 1083/668/668 1292/926/926 1084/670/670
f 616/924/924 617/927/927 985/925/925
f 985/925/925 617/927/927 984/928/928
f 985/925/925 984/928/928 1292/926/926
f 1292/926/926 984/928/928 1291/929/929
f 1292/926/926 1291/929/929 1084/670/670
f 1084/670/670 1291/929/929 1085/672/672
f 617/927/927 618/930/930 984/928/928
f 984/928/928 618/930/930 983/931/931
f 984/928/928 983/931/931 1291/929/929
f 1291/929/929 983/931/931 1290/932/932
f 1291/929/929 1290/932/932 1085/672/672
f 1085/672/672 1290/932/932 1086/674/674
f 618/930/930 619/933/933 983/931/931
f 983/931/931 619/933/933 982/934/934
f 983/931/931 982/934/934 1290/932/932
f 1290/932/932 982/934/934 1289/935/935
f 1290/932/932 1289/935/935 1086/674/674
f 1086/674/674 1289/935/935 1087/676/676
f 619/933/933 620/936/936 982/934/934
f 982/934/934 620/936/936 981/937/937
f 982/934/934 981/937/937 1289/935/935
f 1289/935/935 981/937/937 1288/938/938
f 1289/935/935 1288/938/938 1087/676/676
f 1087/676/676 1288/938/938 1088/678/678
f 620/936/936 621/939/939 981/937/937
f 981/937/937 621/939/939 980/940/940
f 981/937/937 980/940/940 1288/938/938
f 1288/938/938 980/940/940 1287/941/941
f 1288/938/938 1287/941/941 1088/678/678
f 1088/678/678 1287/941/941 1089/680/680
f 621/939/939 622/942/942 980/940/940
f 980/940/940 622/942/942 979/943/943
f 980/940/940 979/943/943 1287/941/941
f 1287/941/941 979/943/943 1286/944/944
f 1287/941/941 1286/944/944 1089/680/680
f 1089/680/680 1286/944/944 1090/682/682
f 622/942/942 623/945/945 979/943/943
f 979/943/943 623/945/945 978/946/946
f 979/943/943 978/946/946 1286/944/944
f 1286/944/944 978/946/946 1285/947/947
f 1286/944/944 1285/947/947 1090/682/682
f 1090/682/682 1285/947/947 1091/684/684
f 623/945/945 624/948/948 978/946/946
f 978/946/946 624/948/948 977/949/949
f 978/946/946 977/949/949 1285/947/947
f 1285/947/947 977/949/949 1284/950/950
f 1285/947/947 1284/950/950 1091/684/684
f 1091/684/684 1284/950/950 1092/686/686
f 624/948/948 625/951/951 977/949/949
f 977/949/949 625/951/951 976/952/952
f 977/949/949 976/952/952 1284/950/950
f 1284/950/950 976/952/952 1283/953/953
f 1284/950/950 1283/953/953 1092/686/686
f 1092/686/686 1283/953/953 1093/688/688
f 625/951/951 626/954/954 976/952/952
f 976/952/952 626/954/954 975/955/955
f 976/952/952 975/955/955 1283/953/953
f 1283/953/953 975/955/955 1282/956/956
f 1283/953/953 1282/956/956 1093/688/688
f 1093/688/688 1282/956/956 1094/690/690
f 626/954/954 627/957/957 975/955/955
f 975/955/955 627/957/957 974/958/958
f 975/955/955 974/958/958 1282/956/956
f 1282/956/956 974/958/958 1281/959/959
f 1282/956/956 1281/959/959 1094/690/690
f 1094/690/690 1281/959/959 1095/692/692
f 627/957/957 628/960/960 974/958/958
f 974/958/958 628/960/960 973/961/961
f 974/958/958 973/961/961 1281/959/959
f 1281/959/959 973/961/961 1280/962/962
f 1281/959/959 1280/962/962 1095/692/692
f 1095/692/692 1280/962/962 1096/694/694
f 628/960/960 629/963/963 973/961/961
f 973/961/961 629/963/963 972/964/964
f 973/961/961 972/964/964 1280/962/962
f 1280/962/962 972/964/964 1279/965/965
f 1280/962/962 1279/965/965 1096/694/694
f 1096/694/694 1279/965/965 1097/696/696
f 629/963/963 630/966/966 972/964/964
f 972/964/964 630/966/966 971/967/967
f 972/964/964 971/967/967 1279/965/965
f 1279/965/965 971/967/967 1278/968/968
f 1279/965/965 1278/968/968 1097/696/696
f 1097/696/696 1278/968/968 1098/698/698
f 630/966/966 631/969/969 971/967/967
f 971/967/967 631/969/969 970/970/970
f 971/967/967 970/970/970 1278/968/968
f 1278/968/968 970/970/970 1277/971/971
f 1278/968/968 1277/971/971 1098/698/698
f 1098/698/698 1277/971/971 1099/700/700
f 631/969/969 632/972/972 970/970/970
f 970/970/970 632/972/972 969/973/973
f 970/970/970 969/973/973 1277/971/971
f 1277/971/971 969/973/973 1276/974/974
f 1277/971/971 1276/974/974 1099/700/700
f 1099/700/700 1276/974/974 1100/702/702
f 632/972/972 633/975/975 969/973/973
f 969/973/973 633/975/975 968/976/976
f 969/973/973 968/976/976 1276/974/974
f 1276/974/974 968/976/976 1275/977/977
f 1276/974/974 1275/977/977 1100/702/702
f 1100/702/702 1275/977/977 1101/704/704
f 633/975/975 634/978/978 968/976/976
f 968/976/976 634/978/978 967/979/979
f 968/976/976 967/979/979 1275/977/977
f 1275/977/977 967/979/979 1274/980/980
f 1275/977/977 1274/980/980 1101/704/704
f 1101/704/704 1274/980/980 1102/706/706
f 634/978/978 635/981/981 967/979/979
f 967/979/979 635/981/981 966/982/982
f 967/979/979 966/982/982 1274/980/980
f 1274/980/980 966/982/982 1273/983/983
f 1274/980/980 1273/983/983 1102/706/706
f 1102/706/706 1273/983/983 1103/708/708
f 635/981/981 636/984/984 966/982/982
f 966/982/982 636/984/984 965/985/985
f 966/982/982 965/985/985 1273/983/983
f 1273/983/983 965/985/985 1272/986/986
f 1273/983/983 1272/986/986 1103/708/708
f 1103/708/708 1272/986/986 1104/710/710
f 636/984/984 637/987/987 965/985/985
f 965/985/985 637/987/987 964/988/988
f 965/985/985 964/988/988 1272/986/986
f 1272/986/986 964/988/988 1271/989/989
f 1272/986/986 1271/989/989 1104/710/710
f 1104/710/710 1271/989/989 1105/712/712
f 637/987/987 638/990/990 964/988/988
f 964/988/988 638/990/990 963/991/991
f 964/988/988 963/991/991 1271/989/989
f 1271/989/989 963/991/991 1270/992/992
f 1271/989/989 1270/992/992 1105/712/712
f 1105/712/712 1270/992/992 1106/714/714
f 638/990/990 639/993/993 963/991/991
f 963/991/991 639/993/993 962/994/994
f 963/991/991 962/994/994 1270/992/992
f 1270/992/992 962/994/994 1269/995/995
f 1270/992/992 1269/995/995 1106/714/714
f 1106/714/714 1269/995/995 1107/716/716
f 639/993/993 640/996/996 962/994/994
f 962/994/994 640/996/996 961/997/997
f 962/994/994 961/997/997 1269/995/995
f 1269/995/995 961/997/997 1268/998/998
f 1269/995/995 1268/998/998 1107/716/716
f 1107/716/716 1268/998/998 1108/718/718
f 640/996/996 641/999/999 961/997/997
f 961/997/997 641/999/999 960/1000/1000
f 961/997/997 960/1000/1000 1268/998/998
f 1268/998/998 960/1000/1000 1267/1001/1001
f 1268/998/998 1267/1001/1001 1108/718/718
f 1108/718/718 1267/1001/1001 1109/720/720
f 641/999/999 642/1002/1002 960/1000/1000
f 960/1000/1000 642/1002/1002 959/1003/1003
f 960/1000/1000 959/1003/1003 1267/1001/1001
f 1267/1001/1001 959/1003/1003 1266/1004/1004
f 1267/1001/1001 1266/1004/1004 1109/720/720
f 1109/720/720 1266/1004/1004 1110/722/722
f 642/1002/1002 643/1005/1005 959/1003/1003
f 959/1003/1003 643/1005/1005 958/1006/1006
f 959/1003/1003 958/1006/1006 1266/1004/1004
f 1266/1004/1004 958/1006/1006 1265/1007/1007
f 1266/1004/1004 1265/1007/1007 1110/722/722
f 1110/722/722 1265/1007/1007 1111/724/724
f 643/1005/1005 644/1008/1008 958/1006/1006
f 958/1006/1006 644/1008/1008 957/1009/1009
f 958/1006/1006 957/1009/1009 1265/1007/1007
f 1265/1007/1007 957/1009/1009 1264/1010/1010
f 1265/1007/1007 1264/1010/1010 1111/724/724
f 1111/724/724 1264/1010/1010 1112/726/726
f 644/1008/1008 645/1011/1011 957/1009/1009
f 957/1009/1009 645/1011/1011 956/1012/1012
f 957/1009/1009 956/1012/1012 1264/1010/1010
f 1264/1010/1010 956/1012/1012 1263/1013/1013
f 1264/1010/1010 1263/1013/1013 1112/726/726
f 1112/726/726 1263/1013/1013 1113/728/728
f 645/1011/1011 646/1014/1014 956/1012/1012
f 956/1012/1012 646/1014/1014 955/1015/1015
f 956/1012/1012 955/1015/1015 1263/1013/1013
f 1263/1013/1013 955/1015/1015 1262/1016/1016
f 1263/1013/1013 1262/1016/1016 1113/728/728
f 1113/728/728 1262/1016/1016 1114/730/730
f 646/1014/1014 647/1017/1017 955/1015/1015
f 955/1015/1015 647/1017/1017 954/1018/1018
f 955/1015/1015 954/1018/1018 1262/1016/1016
f 1262/1016/1016 954/1018/1018 1261/1019/1019
f 1262/1016/1016 1261/1019/1019 1114/730/730
f 1114/730/730 1261/1019/1019 1115/732/732
f 647/1017/1017 648/1020/1020 954/1018/1018
f 954/1018/1018 648/1020/1020 953/1021/1021
f 954/1018/1018 953/1021/1021 1261/1019/1019
f 1261/1019/1019 953/1021/1021 1260/1022/1022
f 1261/1019/1019 1260/1022/1022 1115/732/732
f 1115/732/732 1260/1022/1022 1116/734/734
f 648/1020/1020 649/1023/1023 953/1021/1021
f 953/1021/1021 649/1023/1023 952/1024/1024
f 953/1021/1021 952/1024/1024 1260/1022/1022
f 1260/1022/1022 952/1024/1024 1259/1025/1025
f 1260/1022/1022 1259/1025/1025 1116/734/734
f 1116/734/734 1259/1025/1025 1117/736/736
f 649/1023/1023 650/1026/1026 952/1024/1024
f 952/1024/1024 650/1026/1026 951/1027/1027
f 952/1024/1024 951/1027/1027 1259/1025/1025
f 1259/1025/1025 951/1027/1027 1258/1028/1028
f 1259/1025/1025 1258/1028/1028 1117/736/736
f 1117/736/736 1258/1028/1028 1118/738/738
f 650/1026/1026 651/1029/1029 951/1027/1027
f 951/1027/1027 651/1029/1029 950/1030/1030
f 951/1027/1027 950/1030/1030 1258/1028/1028
f 1258/1028/1028 950/1030/1030 1257/1031/1031
f 1258/1028/1028 1257/1031/1031 1118/738/738
f 1118/738/738 1257/1031/1031 1119/740/740
f 651/1029/1029 652/1032/1032 950/1030/1030
f 950/1030/1030 652/1032/1032 949/1033/1033
f 950/1030/1030 949/1033/1033 1257/1031/1031
f 1257/1031/1031 949/1033/1033 1256/1034/1034
f 1257/1031/1031 1256/1034/1034 1119/740/740
f 1119/740/740 1256/1034/1034 1120/742/742
f 652/1032/1032 653/1035/1035 949/1033/1033
f 949/1033/1033 653/1035/1035 948/1036/1036
f 949/1033/1033 948/1036/1036 1256/1034/1034
f 1256/1034/1034 948/1036/1036 1255/1037/1037
f 1256/1034/1034 1255/1037/1037 1120/742/742
f 1120/742/742 1255/1037/1037 1121/744/744
f 653/1035/1035 654/1038/1038 948/1036/1036
f 948/1036/1036 654/1038/1038 947/1039/1039
f 948/1036/1036 947/1039/1039 1255/1037/1037
f 1255/1037/1037 947/1039/1039 1254/1040/1040
f 1255/1037/1037 1254/1040/1040 1121/744/744
f 1121/744/744 1254/1040/1040 1122/746/746
f 654/1038/1038 655/1041/1041 947/1039/1039
f 947/1039/1039 655/1041/1041 946/1042/1042
f 947/1039/1039 946/1042/1042 1254/1040/1040
f 1254/1040/1040 946/1042/1042 1253/1043/1043
f 1254/1040/1040 1253/1043/1043 1122/746/746
f 1122/746/746 1253/1043/1043 1123/748/748
f 655/1041/1041 656/1044/1044 946/1042/1042
f 946/1042/1042 656/1044/1044 945/1045/1045
f 946/1042/1042 945/1045/1045 1253/1043/1043
f 1253/1043/1043 945/1045/1045 1252/1046/1046
f 1253/1043/1043 1252/1046/1046 1123/748/748
f 1123/748/748 1252/1046/1046 1124/750/750
f 656/1044/1044 657/1047/1047 945/1045/1045
f 945/1045/1045 657/1047/1047 944/1048/1048
f 945/1045/1045 944/1048/1048 1252/1046/1046
f 1252/1046/1046 944/1048/1048 1251/1049/1049
f 1252/1046/1046 1251/1049/1049 1124/750/750
f 1124/750/750 1251/1049/1049 1125/753/753
f 657/1047/1047 658/1050/1050 944/1048/1048
f 944/1048/1048 658/1050/1050 943/1051/1051
f 944/1048/1048 943/1051/1051 1251/1049/1049
f 1251/1049/1049 943/1051/1051 1250/1052/1052
f 1251/1049/1049 1250/1052/1052 1125/753/753
f 1125/753/753 1250/1052/1052 1126/755/755
f 658/1050/1050 659/1053/1053 943/1051/1051
f 943/1051/1051 659/1053/1053 942/1054/1054
f 943/1051/1051 942/1054/1054 1250/1052/1052
f 1250/1052/1052 942/1054/1054 1249/1055/1055
f 1250/1052/1052 1249/1055/1055 1126/755/755
f 1126/755/755 1249/1055/1055 1127/757/757
f 659/1053/1053 660/1056/1056 942/1054/1054
f 942/1054/1054 660/1056/1056 661/1057/1057
f 942/1054/1054 661/1057/1057 941/1058/1058
f 941/1058/1058 661/1057/1057 662/1059/1059
f 941/1058/1058 662/1059/1059 940/1060/1060
f 940/1060/1060 662/1059/1059 663/1061/1061
f 940/1060/1060 663/1061/1061 939/1062/1062
f 939/1062/1062 663/1061/1061 664/1063/1063
f 939/1062/1062 664/1063/1063 938/1064/1064
f 938/1064/1064 664/1063/1063 665/1065/1065
f 938/1064/1064 665/1065/1065 937/1066/1066
f 937/1066/1066 665/1065/1065 666/1067/1067
f 937/1066/1066 666/1067/1067 936/1068/1068
f 936/1068/1068 666/1067/1067 667/1069/1069
f 936/1068/1068 667/1069/1069 935/1070/1070
f 935/1070/1070 667/1069/1069 668/1071/1071
f 935/1070/1070 668/1071/1071 934/1072/1072
f 934/1072/1072 668/1071/1071 669/1073/1073
f 934/1072/1072 669/1073/1073 933/776/776
f 933/776/776 669/1073/1073 670/778/778
f 932/777/777 671/779/779 931/1074/1074
f 931/1074/1074 671/779/779 672/1075/1075
f 931/1074/1074 672/1075/1075 930/1076/1076
f 930/1076/1076 672/1075/1075 673/1077/1077
f 930/1076/1076 673/1077/1077 929/1078/1078
f 929/1078/1078 673/1077/1077 674/1079/1079
f 929/1078/1078 674/1079/1079 928/1080/1080
f 928/1080/1080 674/1079/1079 675/1081/1081
f 928/1080/1080 675/1081/1081 927/1082/1082
f 927/1082/1082 675/1081/1081 676/1083/1083
f 927/1082/1082 676/1083/1083 926/1084/1084
f 926/1084/1084 676/1083/1083 677/1085/1085
f 926/1084/1084 677/1085/1085 925/1086/1086
f 925/1086/1086 677/1085/1085 678/1087/1087
f 925/1086/1086 678/1087/1087 924/1088/1088
f 924/1088/1088 678/1087/1087 679/1089/1089
f 924/1088/1088 679/1089/1089 923/1090/1090
f 923/1090/1090 679/1089/1089 680/1091/1091
f 923/1090/1090 680/1091/1091 922/1092/1092
f 922/1092/1092 680/1091/1091 681/1093/1093
f 922/1092/1092 681/1093/1093 921/1094/1094
f 921/1094/1094 681/1093/1093 682/1095/1095
f 921/1094/1094 682/1095/1095 920/1096/1096
f 920/1096/1096 682/1095/1095 683/1097/1097
f 920/1096/1096 683/1097/1097 919/1098/1098
f 919/1098/1098 683/1097/1097 684/1099/1099
f 919/1098/1098 684/1099/1099 918/1100/1100
f 918/1100/1100 684/1099/1099 685/1101/1101
f 918/1100/1100 685/1101/1101 917/1102/1102
f 917/1102/1102 685/1101/1101 686/1103/1103
f 917/1102/1102 686/1103/1103 916/1104/1104
f 916/1104/1104 686/1103/1103 687/1105/1105
f 916/1104/1104 687/1105/1105 915/1106/1106
f 915/1106/1106 687/1105/1105 688/1107/1107
f 915/1106/1106 688/1107/1107 914/1108/1108
f 914/1108/1108 688/1107/1107 689/1109/1109
f 914/1108/1108 689/1109/1109 913/1110/1110
f 913/1110/1110 689/1109/1109 690/1111/1111
f 913/1110/1110 690/1111/1111 912/1112/1112
f 912/1112/1112 690/1111/1111 691/1113/1113
f 912/1112/1112 691/1113/1113 911/1114/1114
f 911/1114/1114 691/1113/1113 692/1115/1115
f 911/1114/1114 692/1115/1115 910/1116/1116
f 910/1116/1116 692/1115/1115 693/1117/1117
f 910/1116/1116 693/1117/1117 909/1118/1118
f 909/1118/1118 693/1117/1117 694/1119/1119
f 909/1118/1118 694/1119/1119 908/1120/1120
f 908/1120/1120 694/1119/1119 695/1121/1121
f 908/1120/1120 695/1121/1121 907/1122/1122
f 907/1122/1122 695/1121/1121 696/1123/1123
f 907/1122/1122 696/1123/1123 906/1124/1124
f 906/1124/1124 696/1123/1123 697/1125/1125
f 906/1124/1124 697/1125/1125 905/1126/1126
f 905/1126/1126 697/1125/1125 698/1127/1127
f 905/1126/1126 698/1127/1127 904/1128/1128
f 904/1128/1128 698/1127/1127 699/1129/1129
f 904/1128/1128 699/1129/1129 903/1130/1130
f 903/1130/1130 699/1129/1129 700/1131/1131
f 903/1130/1130 700/1131/1131 902/1132/1132
f 902/1132/1132 700/1131/1131 701/1133/1133
f 902/1132/1132 701/1133/1133 901/1134/1134
f 901/1134/1134 701/1133/1133 702/1135/1135
f 901/1134/1134 702/1135/1135 900/1136/1136
f 900/1136/1136 702/1135/1135 703/1137/1137
f 900/1136/1136 703/1137/1137 899/1138/1138
f 899/1138/1138 703/1137/1137 704/1139/1139
f 899/1138/1138 704/1139/1139 898/1140/1140
f 898/1140/1140 704/1139/1139 705/1141/1141
f 898/1140/1140 705/1141/1141 897/1142/1142
f 897/1142/1142 705/1141/1141 706/1143/1143
f 897/1142/1142 706/1143/1143 896/1144/1144
f 896/1144/1144 706/1143/1143 707/1145/1145
f 896/1144/1144 707/1145/1145 895/1146/1146
f 895/1146/1146 707/1145/1145 708/1147/1147
f 895/1146/1146 708/1147/1147 894/1148/1148
f 894/1148/1148 708/1147/1147 709/1149/1149
f 894/1148/1148 709/1149/1149 893/1150/1150
f 893/1150/1150 709/1149/1149 710/1151/1151
f 893/1150/1150 710/1151/1151 892/1152/1152
f 892/1152/1152 710/1151/1151 711/1153/1153
f 892/1152/1152 711/1153/1153 891/1154/1154
f 891/1154/1154 711/1153/1153 712/1155/1155
f 891/1154/1154 712/1155/1155 890/1156/1156
f 890/1156/1156 712/1155/1155 713/1157/1157
f 890/1156/1156 713/1157/1157 889/1158/1158
f 889/1158/1158 713/1157/1157 714/1159/1159
f 889/1158/1158 714/1159/1159 888/1160/1160
f 888/1160/1160 714/1159/1159 715/1161/1161
f 888/1160/1160 715/1161/1161 887/1162/1162
f 887/1162/1162 715/1161/1161 716/1163/1163
f 887/1162/1162 716/1163/1163 886/1164/1164
f 886/1164/1164 716/1163/1163 717/1165/1165
f 886/1164/1164 717/1165/1165 885/1166/1166
f 885/1166/1166 717/1165/1165 718/1167/1167
f 885/1166/1166 718/1167/1167 884/1168/1168
f 884/1168/1168 718/1167/1167 719/1169/1169
f 884/1168/1168 719/1169/1169 883/1170/1170
f 883/1170/1170 719/1169/1169 720/1171/1171
f 883/1170/1170 720/1171/1171 882/1172/1172
f 882/1172/1172 720/1171/1171 721/1173/1173
f 882/1172/1172 721/1173/1173 881/1174/1174
f 881/1174/1174 721/1173/1173 722/1175/1175
f 881/1174/1174 722/1175/1175 880/1176/1176
f 880/1176/1176 722/1175/1175 723/1177/1177
f 880/1176/1176 723/1177/1177 1188/1178/1178
f 1188/1178/1178 723/1177/1177 724/1179/1179
f 1188/1178/1178 724/1179/1179 725/1180/1180
f 722/1175/1175 127/1181/1181 723/1177/1177
f 723/1177/1177 127/1181/1181 256/1182/1182
f 1188/1178/1178 725/1180/1180 1187/1183/1183
f 1187/1183/1183 725/1180/1180 726/1184/1184
f 1187/1183/1183 726/1184/1184 1186/1185/1185
f 1186/1185/1185 726/1184/1184 727/1186/1186
f 1186/1185/1185 727/1186/1186 1185/1187/1187
f 1185/1187/1187 727/1186/1186 728/1188/1188
f 1185/1187/1187 728/1188/1188 1184/1189/1189
f 1184/1189/1189 728/1188/1188 729/1190/1190
f 1184/1189/1189 729/1190/1190 1183/1191/1191
f 1183/1191/1191 729/1190/1190 730/1192/1192
f 1183/1191/1191 730/1192/1192 1182/1193/1193
f 1182/1193/1193 730/1192/1192 731/1194/1194
f 1182/1193/1193 731/1194/1194 1181/1195/1195
f 1181/1195/1195 731/1194/1194 732/1196/1196
f 1181/1195/1195 732/1196/1196 1180/1197/1197
f 1180/1197/1197 732/1196/1196 733/1198/1198
f 1180/1197/1197 733/1198/1198 1179/1199/1199
f 1179/1199/1199 733/1198/1198 734/1200/1200
f 1179/1199/1199 734/1200/1200 1178/1201/1201
f 1178/1201/1201 734/1200/1200 735/1202/1202
f 1178/1201/1201 735/1202/1202 1177/1203/1203
f 1177/1203/1203 735/1202/1202 736/1204/1204
f 1177/1203/1203 736/1204/1204 1176/1205/1205
f 1176/1205/1205 736/1204/1204 737/1206/1206
f 1176/1205/1205 737/1206/1206 1175/1207/1207
f 1175/1207/1207 737/1206/1206 738/1208/1208
f 1175/1207/1207 738/1208/1208 1174/1209/1209
f 1174/1209/1209 738/1208/1208 739/1210/1210
f 1174/1209/1209 739/1210/1210 1173/1211/1211
f 1173/1211/1211 739/1210/1210 740/1212/1212
f 1173/1211/1211 740/1212/1212 1172/1213/1213
f 1172/1213/1213 740/1212/1212 741/1214/1214
f 1172/1213/1213 741/1214/1214 1171/1215/1215
f 1171/1215/1215 741/1214/1214 742/1216/1216
f 1171/1215/1215 742/1216/1216 1170/1217/1217
f 1170/1217/1217 742/1216/1216 743/1218/1218
f 1170/1217/1217 743/1218/1218 1169/1219/1219
f 1169/1219/1219 743/1218/1218 744/1220/1220
f 1169/1219/1219 744/1220/1220 1168/1221/1221
f 1168/1221/1221 744/1220/1220 745/1222/1222
f 1168/1221/1221 745/1222/1222 1167/1223/1223
f 1167/1223/1223 745/1222/1222 746/1224/1224
f 1167/1223/1223 746/1224/1224 1166/1225/1225
f 1166/1225/1225 746/1224/1224 747/1226/1226
f 1166/1225/1225 747/1226/1226 1165/1227/1227
f 1165/1227/1227 747/1226/1226 748/1228/1228
f 1165/1227/1227 748/1228/1228 1164/1229/1229
f 1164/1229/1229 748/1228/1228 749/1230/1230
f 1164/1229/1229 749/1230/1230 1163/1231/1231
f 1163/1231/1231 749/1230/1230 750/1232/1232
f 1163/1231/1231 750/1232/1232 1162/1233/1233
f 1162/1233/1233 750/1232/1232 751/1234/1234
f 1162/1233/1233 751/1234/1234 1161/1235/1235
f 1161/1235/1235 751/1234/1234 752/1236/1236
f 1161/1235/1235 752/1236/1236 1160/1237/1237
f 1160/1237/1237 752/1236/1236 753/1238/1238
f 1160/1237/1237 753/1238/1238 1159/1239/1239
f 1159/1239/1239 753/1238/1238 754/1240/1240
f 1159/1239/1239 754/1240/1240 1158/1241/1241
f 1158/1241/1241 754/1240/1240 755/1242/1242
f 1158/1241/1241 755/1242/1242 1157/1243/1243
f 1157/1243/1243 755/1242/1242 756/1244/1244
f 1157/1243/1243 756/1244/1244 1156/1245/1245
f 1156/1245/1245 756/1244/1244 757/1246/1246
f 1156/1245/1245 757/1246/1246 1155/1247/1247
f 1155/1247/1247 757/1246/1246 758/1248/1248
f 1155/1247/1247 758/1248/1248 1154/1249/1249
f 1154/1249/1249 758/1248/1248 759/1250/1250
f 1154/1249/1249 759/1250/1250 1153/1251/1251
f 1153/1251/1251 759/1250/1250 760/1252/1252
f 1153/1251/1251 760/1252/1252 1152/1253/1253
f 1152/1253/1253 760/1252/1252 761/1254/1254
f 1152/1253/1253 761/1254/1254 1151/1255/1255
f 1151/1255/1255 761/1254/1254 762/1256/1256
f 1151/1255/1255 762/1256/1256 1150/1257/1257
f 1150/1257/1257 762/1256/1256 763/1258/1258
f 1150/1257/1257 763/1258/1258 1149/1259/1259
f 1149/1259/1259 763/1258/1258 764/1260/1260
f 1149/1259/1259 764/1260/1260 1148/1261/1261
f 1148/1261/1261 764/1260/1260 765/1262/1262
f 1148/1261/1261 765/1262/1262 1147/1263/1263
f 1147/1263/1263 765/1262/1262 766/1264/1264
f 1147/1263/1263 766/1264/1264 1146/1265/1265
f 1146/1265/1265 766/1264/1264 767/1266/1266
f 1146/1265/1265 767/1266/1266 1145/1267/1267
f 1145/1267/1267 767/1266/1266 768/1268/1268
f 1145/1267/1267 768/1268/1268 1144/1269/1269
f 1144/1269/1269 768/1268/1268 769/1270/1270
f 1144/1269/1269 769/1270/1270 1143/1271/1271
f 1143/1271/1271 769/1270/1270 770/1272/1272
f 1143/1271/1271 770/1272/1272 1142/1273/1273
f 1142/1273/1273 770/1272/1272 771/1274/1274
f 1142/1273/1273 771/1274/1274 1141/1275/1275
f 1141/1275/1275 771/1274/1274 772/1276/1276
f 1141/1275/1275 772/1276/1276 1140/1277/1277
f 1140/1277/1277 772/1276/1276 773/1278/1278
f 1140/1277/1277 773/1278/1278 1139/1279/1279
f 1139/1279/1279 773/1278/1278 774/1280/1280
f 1139/1279/1279 774/1280/1280 1138/1281/1281
f 1138/1281/1281 774/1280/1280 775/1282/1282
f 1138/1281/1281 775/1282/1282 1137/1283/1283
f 1137/1283/1283 775/1282/1282 776/1284/1284
f 1137/1283/1283 776/1284/1284 1136/1285/1285
f 1136/1285/1285 776/1284/1284 777/1286/1286
f 1136/1285/1285 777/1286/1286 1135/773/773
f 1135/773/773 777/1286/1286 778/771/771
f 882/1172/1172 881/1174/1174 1189/1287/1287
f 1189/1287/1287 881/1174/1174 880/1176/1176
f 1189/1287/1287 880/1176/1176 1187/1183/1183
f 1187/1183/1183 880/1176/1176 1188/1178/1178
f 883/1170/1170 882/1172/1172 1190/1288/1288
f 1190/1288/1288 882/1172/1172 1189/1287/1287
f 1190/1288/1288 1189/1287/1287 1186/1185/1185
f 1186/1185/1185 1189/1287/1287 1187/1183/1183
f 884/1168/1168 883/1170/1170 1191/1289/1289
f 1191/1289/1289 883/1170/1170 1190/1288/1288
f 1191/1289/1289 1190/1288/1288 1185/1187/1187
f 1185/1187/1187 1190/1288/1288 1186/1185/1185
f 885/1166/1166 884/1168/1168 1192/1290/1290
f 1192/1290/1290 884/1168/1168 1191/1289/1289
f 1192/1290/1290 1191/1289/1289 1184/1189/1189
f 1184/1189/1189 1191/1289/1289 1185/1187/1187
f 886/1164/1164 885/1166/1166 1193/1291/1291
f 1193/1291/1291 885/1166/1166 1192/1290/1290
f 1193/1291/1291 1192/1290/1290 1183/1191/1191
f 1183/1191/1191 1192/1290/1290 1184/1189/1189
f 887/1162/1162 886/1164/1164 1194/1292/1292
f 1194/1292/1292 886/1164/1164 1193/1291/1291
f 1194/1292/1292 1193/1291/1291 1182/1193/1193
f 1182/1193/1193 1193/1291/1291 1183/1191/1191
f 888/1160/1160 887/1162/1162 1195/1293/1293
f 1195/1293/1293 887/1162/1162 1194/1292/1292
f 1195/1293/1293 1194/1292/1292 1181/1195/1195
f 1181/1195/1195 1194/1292/1292 1182/1193/1193
f 889/1158/1158 888/1160/1160 1196/1294/1294
f 1196/1294/1294 888/1160/1160 1195/1293/1293
f 1196/1294/1294 1195/1293/1293 1180/1197/1197
f 1180/1197/1197 1195/1293/1293 1181/1195/1195
f 890/1156/1156 889/1158/1158 1197/1295/1295
f 1197/1295/1295 889/1158/1158 1196/1294/1294
f 1197/1295/1295 1196/1294/1294 1179/1199/1199
f 1179/1199/1199 1196/1294/1294 1180/1197/1197
f 891/1154/1154 890/1156/1156 1198/1296/1296
f 1198/1296/1296 890/1156/1156 1197/1295/1295
f 1198/1296/1296 1197/1295/1295 1178/1201/1201
f 1178/1201/1201 1197/1295/1295 1179/1199/1199
f 892/1152/1152 891/1154/1154 1199/1297/1297
f 1199/1297/1297 891/1154/1154 1198/1296/1296
f 1199/1297/1297 1198/1296/1296 1177/1203/1203
f 1177/1203/1203 1198/1296/1296 1178/1201/1201
f 893/1150/1150 892/1152/1152 1200/1298/1298
f 1200/1298/1298 892/1152/1152 1199/1297/1297
f 1200/1298/1298 1199/1297/1297 1176/1205/1205
f 1176/1205/1205 1199/1297/1297 1177/1203/1203
f 894/1148/1148 893/1150/1150 1201/1299/1299
f 1201/1299/1299 893/1150/1150 1200/1298/1298
f 1201/1299/1299 1200/1298/1298 1175/1207/1207
f 1175/1207/1207 1200/1298/1298 1176/1205/1205
f 895/1146/1146 894/1148/1148 1202/1300/1300
f 1202/1300/1300 894/1148/1148 1201/1299/1299
f 1202/1300/1300 1201/1299/1299 1174/1209/1209
f 1174/1209/1209 1201/1299/1299 1175/1207/1207
f 896/1144/1144 895/1146/1146 1203/1301/1301
f 1203/1301/1301 895/1146/1146 1202/1300/1300
f 1203/1301/1301 1202/1300/1300 1173/1211/1211
f 1173/1211/1211 1202/1300/1300 1174/1209/1209
f 897/1142/1142 896/1144/1144 1204/1302/1302
f 1204/1302/1302 896/1144/1144 1203/1301/1301
f 1204/1302/1302 1203/1301/1301 1172/1213/1213
f 1172/1213/1213 1203/1301/1301 1173/1211/1211
f 898/1140/1140 897/1142/1142 1205/1303/1303
f 1205/1303/1303 897/1142/1142 1204/1302/1302
f 1205/1303/1303 1204/1302/1302 1171/1215/1215
f 1171/1215/1215 1204/1302/1302 1172/1213/1213
f 899/1138/1138 898/1140/1140 1206/1304/1304
f 1206/1304/1304 898/1140/1140 1205/1303/1303
f 1206/1304/1304 1205/1303/1303 1170/1217/1217
f 1170/1217/1217 1205/1303/1303 1171/1215/1215
f 900/1136/1136 899/1138/1138 1207/1305/1305
f 1207/1305/1305 899/1138/1138 1206/1304/1304
f 1207/1305/1305 1206/1304/1304 1169/1219/1219
f 1169/1219/1219 1206/1304/1304 1170/1217/1217
f 901/1134/1134 900/1136/1136 1208/1306/1306
f 1208/1306/1306 900/1136/1136 1207/1305/1305
f 1208/1306/1306 1207/1305/1305 1168/1221/1221
f 1168/1221/1221 1207/1305/1305 1169/1219/1219
f 902/1132/1132 901/1134/1134 1209/1307/1307
f 1209/1307/1307 901/1134/1134 1208/1306/1306
f 1209/1307/1307 1208/1306/1306 1167/1223/1223
f 1167/1223/1223 1208/1306/1306 1168/1221/1221
f 903/1130/1130 902/1132/1132 1210/1308/1308
f 1210/1308/1308 902/1132/1132 1209/1307/1307
f 1210/1308/1308 1209/1307/1307 1166/1225/1225
f 1166/1225/1225 1209/1307/1307 1167/1223/1223
f 904/1128/1128 903/1130/1130 1211/1309/1309
f 1211/1309/1309 903/1130/1130 1210/1308/1308
f 1211/1309/1309 1210/1308/1308 1165/1227/1227
f 1165/1227/1227 1210/1308/1308 1166/1225/1225
f 905/1126/1126 904/1128/1128 1212/1310/1310
f 1212/1310/1310 904/1128/1128 1211/1309/1309
f 1212/1310/1310 1211/1309/1309 1164/1229/1229
f 1164/1229/1229 1211/1309/1309 1165/1227/1227
f 906/1124/1124 905/1126/1126 1213/1311/1311
f 1213/1311/1311 905/1126/1126 1212/1310/1310
f 1213/1311/1311 1212/1310/1310 1163/1231/1231
f 1163/1231/1231 1212/1310/1310 1164/1229/1229
f 907/1122/1122 906/1124/1124 1214/1312/1312
f 1214/1312/1312 906/1124/1124 1213/1311/1311
f 1214/1312/1312 1213/1311/1311 1162/1233/1233
f 1162/1233/1233 1213/1311/1311 1163/1231/1231
f 908/1120/1120 907/1122/1122 1215/1313/1313
f 1215/1313/1313 907/1122/1122 1214/1312/1312
f 1215/1313/1313 1214/1312/1312 1161/1235/1235
f 1161/1235/1235 1214/1312/1312 1162/1233/1233
f 909/1118/1118 908/1120/1120 1216/1314/1314
f 1216/1314/1314 908/1120/1120 1215/1313/1313
f 1216/1314/1314 1215/1313/1313 1160/1237/1237
f 1160/1237/1237 1215/1313/1313 1161/1235/1235
f 910/1116/1116 909/1118/1118 1217/1315/1315
f 1217/1315/1315 909/1118/1118 1216/1314/1314
f 1217/1315/1315 1216/1314/1314 1159/1239/1239
f 1159/1239/1239 1216/1314/1314 1160/1237/1237
f 911/1114/1114 910/1116/1116 1218/1316/1316
f 1218/1316/1316 910/1116/1116 1217/1315/1315
f 1218/1316/1316 1217/1315/1315 1158/1241/1241
f 1158/1241/1241 1217/1315/1315 1159/1239/1239
f 912/1112/1112 911/1114/1114 1219/1317/1317
f 1219/1317/1317 911/1114/1114 1218/1316/1316
f 1219/1317/1317 1218/1316/1316 1157/1243/1243
f 1157/1243/1243 1218/1316/1316 1158/1241/1241
f 913/1110/1110 912/1112/1112 1220/1318/1318
f 1220/1318/1318 912/1112/1112 1219/1317/1317
f 1220/1318/1318 1219/1317/1317 1156/1245/1245
f 1156/1245/1245 1219/1317/1317 1157/1243/1243
f 914/1108/1108 913/1110/1110 1221/1319/1319
f 1221/1319/1319 913/1110/1110 1220/1318/1318
f 1221/1319/1319 1220/1318/1318 1155/1247/1247
f 1155/1247/1247 1220/1318/1318 1156/1245/1245
f 915/1106/1106 914/1108/1108 1222/1320/1320
f 1222/1320/1320 914/1108/1108 1221/1319/1319
f 1222/1320/1320 1221/1319/1319 1154/1249/1249
f 1154/1249/1249 1221/1319/1319 1155/1247/1247
f 916/1104/1104 915/1106/1106 1223/1321/1321
f 1223/1321/1321 915/1106/1106 1222/1320/1320
f 1223/1321/1321 1222/1320/1320 1153/1251/1251
f 1153/1251/1251 1222/1320/1320 1154/1249/1249
f 917/1102/1102 916/1104/1104 1224/1322/1322
f 1224/1322/1322 916/1104/1104 1223/1321/1321
f 1224/1322/1322 1223/1321/1321 1152/1253/1253
f 1152/1253/1253 1223/1321/1321 1153/1251/1251
f 918/1100/1100 917/1102/1102 1225/1323/1323
f 1225/1323/1323 917/1102/1102 1224/1322/1322
f 1225/1323/1323 1224/1322/1322 1151/1255/1255
f 1151/1255/1255 1224/1322/1322 1152/1253/1253
f 919/1098/1098 918/1100/1100 1226/1324/1324
f 1226/1324/1324 918/1100/1100 1225/1323/1323
f 1226/1324/1324 1225/1323/1323 1150/1257/1257
f 1150/1257/1257 1225/1323/1323 1151/1255/1255
f 920/1096/1096 919/1098/1098 1227/1325/1325
f 1227/1325/1325 919/1098/1098 1226/1324/1324
f 1227/1325/1325 1226/1324/1324 1149/1259/1259
f 1149/1259/1259 1226/1324/1324 1150/1257/1257
f 921/1094/1094 920/1096/1096 1228/1326/1326
f 1228/1326/1326 920/1096/1096 1227/1325/1325
f 1228/1326/1326 1227/1325/1325 1148/1261/1261
f 1148/1261/1261 1227/1325/1325 1149/1259/1259
f 922/1092/1092 921/1094/1094 1229/1327/1327
f 1229/1327/1327 921/1094/1094 1228/1326/1326
f 1229/1327/1327 1228/1326/1326 1147/1263/1263
f 1147/1263/1263 1228/1326/1326 1148/1261/1261
f 923/1090/1090 922/1092/1092 1230/1328/1328
f 1230/1328/1328 922/1092/1092 1229/1327/1327
f 1230/1328/1328 1229/1327/1327 1146/1265/1265
f 1146/1265/1265 1229/1327/1327 1147/1263/1263
f 924/1088/1088 923/1090/1090 1231/1329/1329
f 1231/1329/1329 923/1090/1090 1230/1328/1328
f 1231/1329/1329 1230/1328/1328 1145/1267/1267
f 1145/1267/1267 1230/1328/1328 1146/1265/1265
f 925/1086/1086 924/1088/1088 1232/1330/1330
f 1232/1330/1330 924/1088/1088 1231/1329/1329
f 1232/1330/1330 1231/1329/1329 1144/1269/1269
f 1144/1269/1269 1231/1329/1329 1145/1267/1267
f 926/1084/1084 925/1086/1086 1233/1331/1331
f 1233/1331/1331 925/1086/1086 1232/1330/1330
f 1233/1331/1331 1232/1330/1330 1143/1271/1271
f 1143/1271/1271 1232/1330/1330 1144/1269/1269
f 927/1082/1082 926/1084/1084 1234/1332/1332
f 1234/1332/1332 926/1084/1084 1233/1331/1331
f 1234/1332/1332 1233/1331/1331 1142/1273/1273
f 1142/1273/1273 1233/1331/1331 1143/1271/1271
f 928/1080/1080 927/1082/1082 1235/1333/1333
f 1235/1333/1333 927/1082/1082 1234/1332/1332
f 1235/1333/1333 1234/1332/1332 1141/1275/1275
f 1141/1275/1275 1234/1332/1332 1142/1273/1273
f 929/1078/1078 928/1080/1080 1236/1334/1334
f 1236/1334/1334 928/1080/1080 1235/1333/1333
f 1236/1334/1334 1235/1333/1333 1140/1277/1277
f 1140/1277/1277 1235/1333/1333 1141/1275/1275
f 930/1076/1076 929/1078/1078 1237/1335/1335
f 1237/1335/1335 929/1078/1078 1236/1334/1334
f 1237/1335/1335 1236/1334/1334 1139/1279/1279
f 1139/1279/1279 1236/1334/1334 1140/1277/1277
f 931/1074/1074 930/1076/1076 1238/1336/1336
f 1238/1336/1336 930/1076/1076 1237/1335/1335
f 1238/1336/1336 1237/1335/1335 1138/1281/1281
f 1138/1281/1281 1237/1335/1335 1139/1279/1279
f 932/777/777 931/1074/1074 1239/1337/1337
f 1239/1337/1337 931/1074/1074 1238/1336/1336
f 1239/1337/1337 1238/1336/1336 1137/1283/1283
f 1137/1283/1283 1238/1336/1336 1138/1281/1281
f 933/776/776 1241/774/774 934/1072/1072
f 934/1072/1072 1241/774/774 1242/1338/1338
f 934/1072/1072 1242/1338/1338 935/1070/1070
f 935/1070/1070 1242/1338/1338 1243/1339/1339
f 935/1070/1070 1243/1339/1339 936/1068/1068
f 936/1068/1068 1243/1339/1339 1244/1340/1340
f 936/1068/1068 1244/1340/1340 937/1066/1066
f 937/1066/1066 1244/1340/1340 1245/1341/1341
f 937/1066/1066 1245/1341/1341 938/1064/1064
f 938/1064/1064 1245/1341/1341 1246/1342/1342
f 938/1064/1064 1246/1342/1342 939/1062/1062
f 939/1062/1062 1246/1342/1342 1247/1343/1343
f 939/1062/1062 1247/1343/1343 940/1060/1060
f 940/1060/1060 1247/1343/1343 1248/1344/1344
f 940/1060/1060 1248/1344/1344 941/1058/1058
f 941/1058/1058 1248/1344/1344 1249/1055/1055
f 941/1058/1058 1249/1055/1055 942/1054/1054
f 1249/1055/1055 1248/1344/1344 1127/757/757
f 1127/757/757 1248/1344/1344 1128/760/760
f 1248/1344/1344 1247/1343/1343 1128/760/760
f 1128/760/760 1247/1343/1343 1129/762/762
f 1247/1343/1343 1246/1342/1342 1129/762/762
f 1129/762/762 1246/1342/1342 1130/764/764
f 1246/1342/1342 1245/1341/1341 1130/764/764
f 1130/764/764 1245/1341/1341 1131/766/766
f 1245/1341/1341 1244/1340/1340 1131/766/766
f 1131/766/766 1244/1340/1340 1132/768/768
f 1244/1340/1340 1243/1339/1339 1132/768/768
f 1132/768/768 1243/1339/1339 1133/770/770
f 1243/1339/1339 1242/1338/1338 1133/770/770
f 1133/770/770 1242/1338/1338 1134/772/772
f 1242/1338/1338 1241/774/774 1134/772/772
f 1239/1337/1337 1137/1283/1283 1136/1285/1285
f 1239/1337/1337 1136/1285/1285 1240/775/775
f 1240/775/775 1136/1285/1285 1135/773/773
f 1239/1337/1337 1240/775/775 932/777/777
f 63/1345/1345 1341/1346/1346 64/1347/1347
f 64/1347/1347 1341/1346/1346 1646/1348/1348
f 1646/1348/1348 1341/1346/1346 1342/1349/1349
f 1646/1348/1348 1342/1349/1349 1645/1350/1350
f 1645/1350/1350 1342/1349/1349 1343/1351/1351
f 1645/1350/1350 1343/1351/1351 1644/1352/1352
f 1644/1352/1352 1343/1351/1351 1344/1353/1353
f 1644/1352/1352 1344/1353/1353 1643/1354/1354
f 1643/1354/1354 1344/1353/1353 1345/1355/1355
f 1643/1354/1354 1345/1355/1355 1642/1356/1356
f 1642/1356/1356 1345/1355/1355 1346/1357/1357
f 1642/1356/1356 1346/1357/1357 1641/1358/1358
f 1641/1358/1358 1346/1357/1357 1347/1359/1359
f 1641/1358/1358 1347/1359/1359 1640/1360/1360
f 1640/1360/1360 1347/1359/1359 1348/1361/1361
f 1640/1360/1360 1348/1361/1361 1639/1362/1362
f 1639/1362/1362 1348/1361/1361 1349/1363/1363
f 1639/1362/1362 1349/1363/1363 1638/1364/1364
f 1638/1364/1364 1349/1363/1363 1350/1365/1365
f 1638/1364/1364 1350/1365/1365 1637/1366/1366
f 1637/1366/1366 1350/1365/1365 1351/1367/1367
f 1637/1366/1366 1351/1367/1367 1636/1368/1368
f 1636/1368/1368 1351/1367/1367 1352/1369/1369
f 1636/1368/1368 1352/1369/1369 1635/1370/1370
f 1635/1370/1370 1352/1369/1369 1353/1371/1371
f 1635/1370/1370 1353/1371/1371 1634/1372/1372
f 1634/1372/1372 1353/1371/1371 1354/1373/1373
f 1634/1372/1372 1354/1373/1373 1633/1374/1374
f 1633/1374/1374 1354/1373/1373 1355/1375/1375
f 1633/1374/1374 1355/1375/1375 1632/1376/1376
f 1632/1376/1376 1355/1375/1375 1356/1377/1377
f 1632/1376/1376 1356/1377/1377 1631/1378/1378
f 1631/1378/1378 1356/1377/1377 1357/1379/1379
f 1631/1378/1378 1357/1379/1379 1630/1380/1380
f 1630/1380/1380 1357/1379/1379 1358/1381/1381
f 1630/1380/1380 1358/1381/1381 1629/1382/1382
f 1629/1382/1382 1358/1381/1381 1359/1383/1383
f 1629/1382/1382 1359/1383/1383 1628/1384/1384
f 1628/1384/1384 1359/1383/1383 1360/1385/1385
f 1628/1384/1384 1360/1385/1385 1627/1386/1386
f 1627/1386/1386 1360/1385/1385 1361/1387/1387
f 1627/1386/1386 1361/1387/1387 1626/1388/1388
f 1626/1388/1388 1361/1387/1387 1362/1389/1389
f 1626/1388/1388 1362/1389/1389 1625/1390/1390
f 1625/1390/1390 1362/1389/1389 1363/1391/1391
f 1625/1390/1390 1363/1391/1391 1624/1392/1392
f 1624/1392/1392 1363/1391/1391 1364/1393/1393
f 1624/1392/1392 1364/1393/1393 1623/1394/1394
f 1623/1394/1394 1364/1393/1393 1365/1395/1395
f 1623/1394/1394 1365/1395/1395 1622/1396/1396
f 1622/1396/1396 1365/1395/1395 1366/1397/1397
f 1622/1396/1396 1366/1397/1397 1621/1398/1398
f 1621/1398/1398 1366/1397/1397 1367/1399/1399
f 1621/1398/1398 1367/1399/1399 1620/1400/1400
f 1620/1400/1400 1367/1399/1399 1368/1401/1401
f 1620/1400/1400 1368/1401/1401 1619/1402/1402
f 1619/1402/1402 1368/1401/1401 1369/1403/1403
f 1619/1402/1402 1369/1403/1403 1618/1404/1404
f 1618/1404/1404 1369/1403/1403 1370/1405/1405
f 1618/1404/1404 1370/1405/1405 1617/1406/1406
f 1617/1406/1406 1370/1405/1405 1371/1407/1407
f 1617/1406/1406 1371/1407/1407 1616/1408/1408
f 1616/1408/1408 1371/1407/1407 1372/1409/1409
f 1616/1408/1408 1372/1409/1409 1615/1410/1410
f 1615/1410/1410 1372/1409/1409 1373/1411/1411
f 1615/1410/1410 1373/1411/1411 1614/1412/1412
f 1614/1412/1412 1373/1411/1411 1374/1413/1413
f 1614/1412/1412 1374/1413/1413 1613/1414/1414
f 1613/1414/1414 1374/1413/1413 1375/1415/1415
f 1613/1414/1414 1375/1415/1415 1612/1416/1416
f 1612/1416/1416 1375/1415/1415 1376/1417/1417
f 1612/1416/1416 1376/1417/1417 1611/1418/1418
f 1611/1418/1418 1376/1417/1417 1377/1419/1419
f 1611/1418/1418 1377/1419/1419 1610/1420/1420
f 1610/1420/1420 1377/1419/1419 1378/1421/1421
f 1610/1420/1420 1378/1421/1421 1609/1422/1422
f 1609/1422/1422 1378/1421/1421 1379/1423/1423
f 1609/1422/1422 1379/1423/1423 1608/1424/1424
f 1608/1424/1424 1379/1423/1423 1380/1425/1425
f 1608/1424/1424 1380/1425/1425 1607/1426/1426
f 1607/1426/1426 1380/1425/1425 1381/1427/1427
f 1607/1426/1426 1381/1427/1427 1606/1428/1428
f 1606/1428/1428 1381/1427/1427 1382/1429/1429
f 1606/1428/1428 1382/1429/1429 1605/1430/1430
f 1605/1430/1430 1382/1429/1429 1383/1431/1431
f 1605/1430/1430 1383/1431/1431 1604/1432/1432
f 1604/1432/1432 1383/1431/1431 1384/1433/1433
f 1604/1432/1432 1384/1433/1433 1603/1434/1434
f 1603/1434/1434 1384/1433/1433 1385/1435/1435
f 1603/1434/1434 1385/1435/1435 1602/1436/1436
f 1602/1436/1436 1385/1435/1435 1386/1437/1437
f 1602/1436/1436 1386/1437/1437 1601/1438/1438
f 1601/1438/1438 1386/1437/1437 1387/1439/1439
f 1601/1438/1438 1387/1439/1439 1600/1440/1440
f 1600/1440/1440 1387/1439/1439 1388/1441/1441
f 1600/1440/1440 1388/1441/1441 1599/1442/1442
f 1599/1442/1442 1388/1441/1441 1389/1443/1443
f 1599/1442/1442 1389/1443/1443 1598/1444/1444
f 1598/1444/1444 1389/1443/1443 1390/1445/1445
f 1598/1444/1444 1390/1445/1445 1597/1446/1446
f 1597/1446/1446 1390/1445/1445 1391/1447/1447
f 1597/1446/1446 1391/1447/1447 1596/1448/1448
f 1596/1448/1448 1391/1447/1447 1392/1449/1449
f 1596/1448/1448 1392/1449/1449 1595/1450/1450
f 1595/1450/1450 1392/1449/1449 1393/1451/1451
f 1595/1450/1450 1393/1451/1451 1594/1452/1452
f 1594/1452/1452 1393/1451/1451 1394/1453/1453
f 1594/1452/1452 1394/1453/1453 1593/1454/1454
f 1593/1454/1454 1394/1453/1453 1395/1455/1455
f 1593/1454/1454 1395/1455/1455 1592/1456/1456
f 1592/1456/1456 1395/1455/1455 1396/1457/1457
f 1592/1456/1456 1396/1457/1457 1591/1458/1458
f 1591/1458/1458 1396/1457/1457 1397/1459/1459
f 1591/1458/1458 1397/1459/1459 1590/1460/1460
f 1590/1460/1460 1397/1459/1459 1398/1461/1461
f 1590/1460/1460 1398/1461/1461 1589/1462/1462
f 1589/1462/1462 1398/1461/1461 1399/1463/1463
f 1589/1462/1462 1399/1463/1463 1588/1464/1464
f 1588/1464/1464 1399/1463/1463 1400/1465/1465
f 1588/1464/1464 1400/1465/1465 1587/1466/1466
f 1587/1466/1466 1400/1465/1465 1401/1467/1467
f 1587/1466/1466 1401/1467/1467 1586/1468/1468
f 1586/1468/1468 1401/1467/1467 1402/1469/1469
f 1586/1468/1468 1402/1469/1469 1585/1470/1470
f 1585/1470/1470 1402/1469/1469 1403/1471/1471
f 1585/1470/1470 1403/1471/1471 1584/1472/1472
f 1584/1472/1472 1403/1471/1471 1404/1473/1473
f 1584/1472/1472 1404/1473/1473 1583/1474/1474
f 1583/1474/1474 1404/1473/1473 1405/1475/1475
f 1583/1474/1474 1405/1475/1475 1582/1476/1476
f 1582/1476/1476 1405/1475/1475 1406/1477/1477
f 1582/1476/1476 1406/1477/1477 1581/1478/1478
f 1581/1478/1478 1406/1477/1477 1407/1479/1479
f 1581/1478/1478 1407/1479/1479 1580/1480/1480
f 1580/1480/1480 1407/1479/1479 1408/1481/1481
f 1580/1480/1480 1408/1481/1481 1579/1482/1482
f 1579/1482/1482 1408/1481/1481 1409/1483/1483
f 1579/1482/1482 1409/1483/1483 1578/1484/1484
f 1578/1484/1484 1409/1483/1483 1410/1485/1485
f 1578/1484/1484 1410/1485/1485 1577/1486/1486
f 1577/1486/1486 1410/1485/1485 1411/1487/1487
f 1577/1486/1486 1411/1487/1487 1576/1488/1488
f 1576/1488/1488 1411/1487/1487 1412/1489/1489
f 1576/1488/1488 1412/1489/1489 1575/1490/1490
f 1575/1490/1490 1412/1489/1489 1413/1491/1491
f 1575/1490/1490 1413/1491/1491 1574/1492/1492
f 1574/1492/1492 1413/1491/1491 1414/1493/1493
f 1574/1492/1492 1414/1493/1493 1573/1494/1494
f 1573/1494/1494 1414/1493/1493 1415/1495/1495
f 1573/1494/1494 1415/1495/1495 1572/1496/1496
f 1572/1496/1496 1415/1495/1495 1416/1497/1497
f 1572/1496/1496 1416/1497/1497 1571/1498/1498
f 1571/1498/1498 1416/1497/1497 1417/1499/1499
f 1571/1498/1498 1417/1499/1499 1570/1500/1500
f 1570/1500/1500 1417/1499/1499 1418/1501/1501
f 1570/1500/1500 1418/1501/1501 1569/1502/1502
f 1569/1502/1502 1418/1501/1501 1419/1503/1503
f 1569/1502/1502 1419/1503/1503 1568/1504/1504
f 1568/1504/1504 1419/1503/1503 1420/1505/1505
f 1568/1504/1504 1420/1505/1505 1567/1506/1506
f 1567/1506/1506 1420/1505/1505 1421/1507/1507
f 1567/1506/1506 1421/1507/1507 1566/1508/1508
f 1566/1508/1508 1421/1507/1507 1422/1509/1509
f 1566/1508/1508 1422/1509/1509 1565/1510/1510
f 1565/1510/1510 1422/1509/1509 1423/1511/1511
f 1565/1510/1510 1423/1511/1511 1564/1512/1512
f 1564/1512/1512 1423/1511/1511 1424/1513/1513
f 1564/1512/1512 1424/1513/1513 1563/1514/1514
f 1563/1514/1514 1424/1513/1513 1425/1515/1515
f 1563/1514/1514 1425/1515/1515 1562/1516/1516
f 1562/1516/1516 1425/1515/1515 1426/1517/1517
f 1562/1516/1516 1426/1517/1517 1561/1518/1518
f 1561/1518/1518 1426/1517/1517 1427/1519/1519
f 1561/1518/1518 1427/1519/1519 1560/1520/1520
f 1560/1520/1520 1427/1519/1519 1428/1521/1521
f 1560/1520/1520 1428/1521/1521 1559/1522/1522
f 1559/1522/1522 1428/1521/1521 1429/1523/1523
f 1559/1522/1522 1429/1523/1523 1558/1524/1524
f 1558/1524/1524 1429/1523/1523 1430/1525/1525
f 1558/1524/1524 1430/1525/1525 1557/1526/1526
f 1557/1526/1526 1430/1525/1525 1431/1527/1527
f 1557/1526/1526 1431/1527/1527 1556/1528/1528
f 1556/1528/1528 1431/1527/1527 1432/1529/1529
f 1556/1528/1528 1432/1529/1529 1555/1530/1530
f 1555/1530/1530 1432/1529/1529 1433/1531/1531
f 1555/1530/1530 1433/1531/1531 1554/1532/1532
f 1554/1532/1532 1433/1531/1531 1434/1533/1533
f 1554/1532/1532 1434/1533/1533 1553/1534/1534
f 1553/1534/1534 1434/1533/1533 1435/1535/1535
f 1553/1534/1534 1435/1535/1535 1552/1536/1536
f 1552/1536/1536 1435/1535/1535 1436/1537/1537
f 1552/1536/1536 1436/1537/1537 1551/1538/1538
f 1551/1538/1538 1436/1537/1537 1437/1539/1539
f 1551/1538/1538 1437/1539/1539 1550/1540/1540
f 1550/1540/1540 1437/1539/1539 1438/1541/1541
f 1550/1540/1540 1438/1541/1541 1549/1542/1542
f 1549/1542/1542 1438/1541/1541 1439/1543/1543
f 1549/1542/1542 1439/1543/1543 1548/1544/1544
f 1548/1544/1544 1439/1543/1543 1440/1545/1545
f 1548/1544/1544 1440/1545/1545 1547/1546/1546
f 1547/1546/1546 1440/1545/1545 1441/1547/1547
f 1547/1546/1546 1441/1547/1547 1546/1548/1548
f 1546/1548/1548 1441/1547/1547 1442/1549/1549
f 1546/1548/1548 1442/1549/1549 1545/1550/1550
f 1545/1550/1550 1442/1549/1549 1443/1551/1551
f 1545/1550/1550 1443/1551/1551 1544/1552/1552
f 1544/1552/1552 1443/1551/1551 1444/1553/1553
f 1544/1552/1552 1444/1553/1553 1543/1554/1554
f 1543/1554/1554 1444/1553/1553 1445/1555/1555
f 1543/1554/1554 1445/1555/1555 1542/1556/1556
f 1542/1556/1556 1445/1555/1555 1446/1557/1557
f 1542/1556/1556 1446/1557/1557 1541/1558/1558
f 1541/1558/1558 1446/1557/1557 1447/1559/1559
f 1541/1558/1558 1447/1559/1559 1540/1560/1560
f 1540/1560/1560 1447/1559/1559 1448/1561/1561
f 1540/1560/1560 1448/1561/1561 1539/1562/1562
f 1539/1562/1562 1448/1561/1561 1449/1563/1563
f 1539/1562/1562 1449/1563/1563 1538/1564/1564
f 1538/1564/1564 1449/1563/1563 1450/1565/1565
f 1538/1564/1564 1450/1565/1565 1537/1566/1566
f 1537/1566/1566 1450/1565/1565 1451/1567/1567
f 1537/1566/1566 1451/1567/1567 1536/1568/1568
f 1536/1568/1568 1451/1567/1567 1452/1569/1569
f 1536/1568/1568 1452/1569/1569 1535/1570/1570
f 1535/1570/1570 1452/1569/1569 1453/1571/1571
f 1535/1570/1570 1453/1571/1571 1534/1572/1572
f 1534/1572/1572 1453/1571/1571 1454/1573/1573
f 1534/1572/1572 1454/1573/1573 1533/1574/1574
f 1533/1574/1574 1454/1573/1573 1455/1575/1575
f 1533/1574/1574 1455/1575/1575 1532/1576/1576
f 1532/1576/1576 1455/1575/1575 1456/1577/1577
f 1532/1576/1576 1456/1577/1577 1531/1578/1578
f 1531/1578/1578 1456/1577/1577 1457/1579/1579
f 1531/1578/1578 1457/1579/1579 1530/1580/1580
f 1530/1580/1580 1457/1579/1579 1458/1581/1581
f 1530/1580/1580 1458/1581/1581 1529/1582/1582
f 1529/1582/1582 1458/1581/1581 1459/1583/1583
f 1529/1582/1582 1459/1583/1583 1528/1584/1584
f 1528/1584/1584 1459/1583/1583 1460/1585/1585
f 1528/1584/1584 1460/1585/1585 1527/1586/1586
f 1527/1586/1586 1460/1585/1585 1461/1587/1587
f 1527/1586/1586 1461/1587/1587 1526/1588/1588
f 1526/1588/1588 1461/1587/1587 1462/1589/1589
f 1526/1588/1588 1462/1589/1589 1525/1590/1590
f 1525/1590/1590 1462/1589/1589 1463/1591/1591
f 1525/1590/1590 1463/1591/1591 1524/1592/1592
f 1524/1592/1592 1463/1591/1591 1464/1593/1593
f 1524/1592/1592 1464/1593/1593 1523/1594/1594
f 1523/1594/1594 1464/1593/1593 1465/1595/1595
f 1523/1594/1594 1465/1595/1595 1522/1596/1596
f 1522/1596/1596 1465/1595/1595 1466/1597/1597
f 1522/1596/1596 1466/1597/1597 1521/1598/1598
f 1521/1598/1598 1466/1597/1597 1467/1599/1599
f 1521/1598/1598 1467/1599/1599 1520/1600/1600
f 1520/1600/1600 1467/1599/1599 1468/1601/1601
f 1520/1600/1600 1468/1601/1601 1519/1602/1602
f 1519/1602/1602 1468/1601/1601 1469/1603/1603
f 1519/1602/1602 1469/1603/1603 1518/1604/1604
f 1518/1604/1604 1469/1603/1603 1470/1605/1605
f 1518/1604/1604 1470/1605/1605 1517/1606/1606
f 1517/1606/1606 1470/1605/1605 1471/1607/1607
f 1517/1606/1606 1471/1607/1607 1516/1608/1608
f 1516/1608/1608 1471/1607/1607 1472/1609/1609
f 1516/1608/1608 1472/1609/1609 1515/1610/1610
f 1515/1610/1610 1472/1609/1609 1473/1611/1611
f 1515/1610/1610 1473/1611/1611 1514/1612/1612
f 1514/1612/1612 1473/1611/1611 1474/1613/1613
f 1514/1612/1612 1474/1613/1613 1513/1614/1614
f 1513/1614/1614 1474/1613/1613 1475/1615/1615
f 1513/1614/1614 1475/1615/1615 1512/1616/1616
f 1512/1616/1616 1475/1615/1615 1476/1617/1617
f 1512/1616/1616 1476/1617/1617 1511/1618/1618
f 1511/1618/1618 1476/1617/1617 1477/1619/1619
f 1511/1618/1618 1477/1619/1619 1510/1620/1620
f 1510/1620/1620 1477/1619/1619 1478/1621/1621
f 1510/1620/1620 1478/1621/1621 1509/1622/1622
f 1509/1622/1622 1478/1621/1621 1479/1623/1623
f 1509/1622/1622 1479/1623/1623 1508/1624/1624
f 1508/1624/1624 1479/1623/1623 1480/1625/1625
f 1508/1624/1624 1480/1625/1625 1507/1626/1626
f 1507/1626/1626 1480/1625/1625 1481/1627/1627
f 1507/1626/1626 1481/1627/1627 1506/1628/1628
f 1506/1628/1628 1481/1627/1627 1482/1629/1629
f 1506/1628/1628 1482/1629/1629 1505/1630/1630
f 1505/1630/1630 1482/1629/1629 1483/1631/1631
f 1505/1630/1630 1483/1631/1631 1504/1632/1632
f 1504/1632/1632 1483/1631/1631 1484/1633/1633
f 1504/1632/1632 1484/1633/1633 1503/1634/1634
f 1503/1634/1634 1484/1633/1633 1485/1635/1635
f 1503/1634/1634 1485/1635/1635 1502/1636/1636
f 1502/1636/1636 1485/1635/1635 1486/1637/1637
f 1502/1636/1636 1486/1637/1637 1501/1638/1638
f 1501/1638/1638 1486/1637/1637 1487/1639/1639
f 1501/1638/1638 1487/1639/1639 1500/1640/1640
f 1500/1640/1640 1487/1639/1639 1488/1641/1641
f 1500/1640/1640 1488/1641/1641 1499/1642/1642
f 1499/1642/1642 1488/1641/1641 1489/1643/1643
f 1499/1642/1642 1489/1643/1643 1498/1644/1644
f 1498/1644/1644 1489/1643/1643 1490/1645/1645
f 1498/1644/1644 1490/1645/1645 1497/1646/1646
f 1497/1646/1646 1490/1645/1645 1491/1647/1647
f 1497/1646/1646 1491/1647/1647 1496/1648/1648
f 1496/1648/1648 1491/1647/1647 1492/1649/1649
f 1496/1648/1648 1492/1649/1649 1495/1650/1650
f 1495/1650/1650 1492/1649/1649 1493/1651/1651
f 1495/1650/1650 1493/1651/1651 1494/1652/1652
f 1494/1652/1652 1493/1651/1651 1/1653/1653
f 1494/1652/1652 1/1653/1653 126/1654/1654
f 193/1655/1655 192/1656/1656 125/1657/1657
f 125/1657/1657 192/1656/1656 878/1658/1658
f 125/1657/1657 878/1658/1658 126/1659/1659
f 126/1659/1659 878/1658/1658 877/1660/1660
f 126/1659/1659 877/1660/1660 1494/1661/1661
f 1494/1661/1661 877/1660/1660 876/1662/1662
f 1494/1661/1661 876/1662/1662 1495/1663/1663
f 1495/1663/1663 876/1662/1662 875/1664/1664
f 1495/1663/1663 875/1664/1664 1496/1665/1665
f 1496/1665/1665 875/1664/1664 874/1666/1666
f 1496/1665/1665 874/1666/1666 1497/1667/1667
f 1497/1667/1667 874/1666/1666 873/1668/1668
f 1497/1667/1667 873/1668/1668 1498/1669/1669
f 1498/1669/1669 873/1668/1668 1499/1670/1670
f 1499/1670/1670 873/1668/1668 872/1671/1671
f 1499/1670/1670 872/1671/1671 1500/1672/1672
f 1500/1672/1672 872/1671/1671 871/1673/1673
f 1500/1672/1672 871/1673/1673 1501/1674/1674
f 1501/1674/1674 871/1673/1673 870/1675/1675
f 1501/1674/1674 870/1675/1675 1502/1676/1676
f 1502/1676/1676 870/1675/1675 869/1677/1677
f 1502/1676/1676 869/1677/1677 1503/1678/1678
f 1503/1678/1678 869/1677/1677 868/1679/1679
f 1503/1678/1678 868/1679/1679 1504/1680/1680
f 1504/1680/1680 868/1679/1679 867/1681/1681
f 1504/1680/1680 867/1681/1681 1505/1682/1682
f 1505/1682/1682 867/1681/1681 866/1683/1683
f 1505/1682/1682 866/1683/1683 1506/1684/1684
f 1506/1684/1684 866/1683/1683 865/1685/1685
f 1506/1684/1684 865/1685/1685 1507/1686/1686
f 1507/1686/1686 865/1685/1685 864/1687/1687
f 1507/1686/1686 864/1687/1687 1508/1688/1688
f 1508/1688/1688 864/1687/1687 863/1689/1689
f 1508/1688/1688 863/1689/1689 862/1690/1690
f 1508/1688/1688 862/1690/1690 1509/1691/1691
f 1509/1691/1691 862/1690/1690 861/1692/1692
f 1509/1691/1691 861/1692/1692 1510/1693/1693
f 1510/1693/1693 861/1692/1692 860/1694/1694
f 1510/1693/1693 860/1694/1694 1511/1695/1695
f 1511/1695/1695 860/1694/1694 859/1696/1696
f 1511/1695/1695 859/1696/1696 1512/1697/1697
f 1512/1697/1697 859/1696/1696 858/1698/1698
f 1512/1697/1697 858/1698/1698 1513/1699/1699
f 1513/1699/1699 858/1698/1698 1514/1700/1700
f 1514/1700/1700 858/1698/1698 857/1701/1701
f 1514/1700/1700 857/1701/1701 1515/1702/1702
f 1515/1702/1702 857/1701/1701 1516/1703/1703
f 1516/1703/1703 857/1701/1701 856/1704/1704
f 1516/1703/1703 856/1704/1704 1517/1705/1705
f 1517/1705/1705 856/1704/1704 1518/1706/1706
f 1518/1706/1706 856/1704/1704 855/1707/1707
f 1518/1706/1706 855/1707/1707 1519/1708/1708
f 1519/1708/1708 855/1707/1707 854/1709/1709
f 1519/1708/1708 854/1709/1709 1520/1710/1710
f 1520/1710/1710 854/1709/1709 853/1711/1711
f 1520/1710/1710 853/1711/1711 1521/1712/1712
f 1521/1712/1712 853/1711/1711 852/1713/1713
f 1521/1712/1712 852/1713/1713 1522/1714/1714
f 1522/1714/1714 852/1713/1713 851/1715/1715
f 1522/1714/1714 851/1715/1715 1523/1716/1716
f 1523/1716/1716 851/1715/1715 850/1717/1717
f 1523/1716/1716 850/1717/1717 1524/1718/1718
f 1524/1718/1718 850/1717/1717 849/1719/1719
f 1524/1718/1718 849/1719/1719 1525/1720/1720
f 1525/1720/1720 849/1719/1719 848/1721/1721
f 1525/1720/1720 848/1721/1721 1526/1722/1722
f 1526/1722/1722 848/1721/1721 847/1723/1723
f 1526/1722/1722 847/1723/1723 1527/1724/1724
f 1527/1724/1724 847/1723/1723 846/1725/1725
f 1527/1724/1724 846/1725/1725 1528/1726/1726
f 1528/1726/1726 846/1725/1725 845/1727/1727
f 1528/1726/1726 845/1727/1727 1529/1728/1728
f 1529/1728/1728 845/1727/1727 844/1729/1729
f 1529/1728/1728 844/1729/1729 1530/1730/1730
f 1530/1730/1730 844/1729/1729 843/1731/1731
f 1530/1730/1730 843/1731/1731 1531/1732/1732
f 1531/1732/1732 843/1731/1731 842/1733/1733
f 1531/1732/1732 842/1733/1733 1532/1734/1734
f 1532/1734/1734 842/1733/1733 841/1735/1735
f 1532/1734/1734 841/1735/1735 1533/1736/1736
f 1533/1736/1736 841/1735/1735 1534/1737/1737
f 1534/1737/1737 841/1735/1735 840/1738/1738
f 1534/1737/1737 840/1738/1738 1535/1739/1739
f 1535/1739/1739 840/1738/1738 839/1740/1740
f 1535/1739/1739 839/1740/1740 1536/1741/1741
f 1536/1741/1741 839/1740/1740 838/1742/1742
f 1536/1741/1741 838/1742/1742 1537/1743/1743
f 1537/1743/1743 838/1742/1742 837/1744/1744
f 1537/1743/1743 837/1744/1744 1538/1745/1745
f 1538/1745/1745 837/1744/1744 836/1746/1746
f 1538/1745/1745 836/1746/1746 1539/1747/1747
f 1539/1747/1747 836/1746/1746 835/1748/1748
f 1539/1747/1747 835/1748/1748 1540/1749/1749
f 1540/1749/1749 835/1748/1748 834/1750/1750
f 1540/1749/1749 834/1750/1750 1541/1751/1751
f 1541/1751/1751 834/1750/1750 833/1752/1752
f 1541/1751/1751 833/1752/1752 832/1753/1753
f 1541/1751/1751 832/1753/1753 1542/1754/1754
f 1542/1754/1754 832/1753/1753 831/1755/1755
f 1542/1754/1754 831/1755/1755 830/1756/1756
f 1542/1754/1754 830/1756/1756 1543/1757/1757
f 1543/1757/1757 830/1756/1756 829/1758/1758
f 1543/1757/1757 829/1758/1758 1544/1759/1759
f 1544/1759/1759 829/1758/1758 828/1760/1760
f 1544/1759/1759 828/1760/1760 1545/1761/1761
f 1545/1761/1761 828/1760/1760 827/1762/1762
f 1545/1761/1761 827/1762/1762 1546/1763/1763
f 1546/1763/1763 827/1762/1762 826/1764/1764
f 1546/1763/1763 826/1764/1764 1547/1765/1765
f 1547/1765/1765 826/1764/1764 825/1766/1766
f 1547/1765/1765 825/1766/1766 1548/1767/1767
f 1548/1767/1767 825/1766/1766 824/1768/1768
f 1548/1767/1767 824/1768/1768 823/1769/1769
f 1548/1767/1767 823/1769/1769 1549/1770/1770
f 1549/1770/1770 823/1769/1769 822/1771/1771
f 1549/1770/1770 822/1771/1771 1550/1772/1772
f 1550/1772/1772 822/1771/1771 821/1773/1773
f 1550/1772/1772 821/1773/1773 1551/1774/1774
f 1551/1774/1774 821/1773/1773 820/1775/1775
f 1551/1774/1774 820/1775/1775 1552/1776/1776
f 1552/1776/1776 820/1775/1775 1553/1777/1777
f 1553/1777/1777 820/1775/1775 819/1778/1778
f 1553/1777/1777 819/1778/1778 1554/1779/1779
f 1554/1779/1779 819/1778/1778 818/1780/1780
f 1554/1779/1779 818/1780/1780 1555/1781/1781
f 1555/1781/1781 818/1780/1780 817/1782/1782
f 1555/1781/1781 817/1782/1782 1556/1783/1783
f 1556/1783/1783 817/1782/1782 816/1784/1784
f 1556/1783/1783 816/1784/1784 1557/1785/1785
f 1557/1785/1785 816/1784/1784 815/1786/1786
f 1557/1785/1785 815/1786/1786 1558/1787/1787
f 1558/1787/1787 815/1786/1786 814/1788/1788
f 1558/1787/1787 814/1788/1788 1559/1789/1789
f 1559/1789/1789 814/1788/1788 813/1790/1790
f 1559/1789/1789 813/1790/1790 1560/1791/1791
f 1560/1791/1791 813/1790/1790 812/1792/1792
f 1560/1791/1791 812/1792/1792 1561/1793/1793
f 1561/1793/1793 812/1792/1792 811/1794/1794
f 1561/1793/1793 811/1794/1794 1562/1795/1795
f 1562/1795/1795 811/1794/1794 810/1796/1796
f 1562/1795/1795 810/1796/1796 1563/1797/1797
f 1563/1797/1797 810/1796/1796 809/1798/1798
f 1563/1797/1797 809/1798/1798 1564/1799/1799
f 1564/1799/1799 809/1798/1798 808/1800/1800
f 1564/1799/1799 808/1800/1800 1565/1801/1801
f 1565/1801/1801 808/1800/1800 807/1802/1802
f 1565/1801/1801 807/1802/1802 1566/1803/1803
f 1566/1803/1803 807/1802/1802 806/1804/1804
f 1566/1803/1803 806/1804/1804 1567/1805/1805
f 1567/1805/1805 806/1804/1804 805/1806/1806
f 1567/1805/1805 805/1806/1806 1568/1807/1807
f 1568/1807/1807 805/1806/1806 804/1808/1808
f 1568/1807/1807 804/1808/1808 1569/1809/1809
f 1569/1809/1809 804/1808/1808 803/1810/1810
f 1569/1809/1809 803/1810/1810 1570/1811/1811
f 1570/1811/1811 803/1810/1810 802/1812/1812
f 1570/1811/1811 802/1812/1812 1571/1813/1813
f 1571/1813/1813 802/1812/1812 801/1814/1814
f 1571/1813/1813 801/1814/1814 1572/1815/1815
f 1572/1815/1815 801/1814/1814 800/1816/1816
f 1572/1815/1815 800/1816/1816 1573/1817/1817
f 1573/1817/1817 800/1816/1816 799/1818/1818
f 1573/1817/1817 799/1818/1818 1574/1819/1819
f 1574/1819/1819 799/1818/1818 798/1820/1820
f 1574/1819/1819 798/1820/1820 1575/1821/1821
f 1575/1821/1821 798/1820/1820 797/1822/1822
f 1575/1821/1821 797/1822/1822 1576/1823/1823
f 1576/1823/1823 797/1822/1822 796/1824/1824
f 1576/1823/1823 796/1824/1824 795/1825/1825
f 1576/1823/1823 795/1825/1825 1577/1826/1826
f 1577/1826/1826 795/1825/1825 794/1827/1827
f 1577/1826/1826 794/1827/1827 1578/1828/1828
f 1578/1828/1828 794/1827/1827 793/1829/1829
f 1578/1828/1828 793/1829/1829 1579/1830/1830
f 1579/1830/1830 793/1829/1829 792/1831/1831
f 1579/1830/1830 792/1831/1831 1580/1832/1832
f 1580/1832/1832 792/1831/1831 791/1833/1833
f 1580/1832/1832 791/1833/1833 1581/1834/1834
f 1581/1834/1834 791/1833/1833 790/1835/1835
f 1581/1834/1834 790/1835/1835 1582/1836/1836
f 1582/1836/1836 790/1835/1835 789/1837/1837
f 1582/1836/1836 789/1837/1837 1583/1838/1838
f 1583/1838/1838 789/1837/1837 1584/1839/1839
f 1584/1839/1839 789/1837/1837 788/1840/1840
f 1584/1839/1839 788/1840/1840 1585/1841/1841
f 1585/1841/1841 788/1840/1840 787/1842/1842
f 1585/1841/1841 787/1842/1842 1586/1843/1843
f 1586/1843/1843 787/1842/1842 786/1844/1844
f 1586/1843/1843 786/1844/1844 785/1845/1845
f 1586/1843/1843 785/1845/1845 1587/1846/1846
f 1587/1846/1846 785/1845/1845 784/1847/1847
f 1587/1846/1846 784/1847/1847 1588/1848/1848
f 1588/1848/1848 784/1847/1847 783/1849/1849
f 1588/1848/1848 783/1849/1849 1589/1850/1850
f 1589/1850/1850 783/1849/1849 782/1851/1851
f 1589/1850/1850 782/1851/1851 781/1852/1852
f 781/1852/1852 780/1853/1853 1589/1850/1850
f 1589/1850/1850 780/1853/1853 1590/1854/1854
f 1590/1854/1854 780/1853/1853 779/1855/1855
f 1590/1854/1854 779/1855/1855 778/1856/1856
f 1590/1854/1854 778/1856/1856 1591/1857/1857
f 1591/1857/1857 778/1856/1856 777/1858/1858
f 1591/1857/1857 777/1858/1858 1592/1859/1859
f 1592/1859/1859 777/1858/1858 776/1860/1860
f 1592/1859/1859 776/1860/1860 1593/1861/1861
f 1593/1861/1861 776/1860/1860 775/1862/1862
f 1593/1861/1861 775/1862/1862 1594/1863/1863
f 1594/1863/1863 775/1862/1862 774/1864/1864
f 1594/1863/1863 774/1864/1864 1595/1865/1865
f 1595/1865/1865 774/1864/1864 773/1866/1866
f 1595/1865/1865 773/1866/1866 1596/1867/1867
f 1596/1867/1867 773/1866/1866 772/1868/1868
f 1596/1867/1867 772/1868/1868 1597/1869/1869
f 1597/1869/1869 772/1868/1868 771/1870/1870
f 1597/1869/1869 771/1870/1870 1598/1871/1871
f 1598/1871/1871 771/1870/1870 1599/1872/1872
f 1599/1872/1872 771/1870/1870 770/1873/1873
f 1599/1872/1872 770/1873/1873 1600/1874/1874
f 1600/1874/1874 770/1873/1873 769/1875/1875
f 1600/1874/1874 769/1875/1875 1601/1876/1876
f 1601/1876/1876 769/1875/1875 768/1877/1877
f 1601/1876/1876 768/1877/1877 767/1878/1878
f 1601/1876/1876 767/1878/1878 1602/1879/1879
f 1602/1879/1879 767/1878/1878 766/1880/1880
f 1602/1879/1879 766/1880/1880 1603/1881/1881
f 1603/1881/1881 766/1880/1880 765/1882/1882
f 1603/1881/1881 765/1882/1882 1604/1883/1883
f 1604/1883/1883 765/1882/1882 764/1884/1884
f 1604/1883/1883 764/1884/1884 1605/1885/1885
f 1605/1885/1885 764/1884/1884 763/1886/1886
f 1605/1885/1885 763/1886/1886 1606/1887/1887
f 1606/1887/1887 763/1886/1886 762/1888/1888
f 1606/1887/1887 762/1888/1888 1607/1889/1889
f 1607/1889/1889 762/1888/1888 761/1890/1890
f 1607/1889/1889 761/1890/1890 1608/1891/1891
f 1608/1891/1891 761/1890/1890 760/1892/1892
f 1608/1891/1891 760/1892/1892 1609/1893/1893
f 1609/1893/1893 760/1892/1892 759/1894/1894
f 1609/1893/1893 759/1894/1894 1610/1895/1895
f 1610/1895/1895 759/1894/1894 758/1896/1896
f 1610/1895/1895 758/1896/1896 1611/1897/1897
f 1611/1897/1897 758/1896/1896 1612/1898/1898
f 1612/1898/1898 758/1896/1896 757/1899/1899
f 1612/1898/1898 757/1899/1899 1613/1900/1900
f 1613/1900/1900 757/1899/1899 756/1901/1901
f 1613/1900/1900 756/1901/1901 1614/1902/1902
f 1614/1902/1902 756/1901/1901 755/1903/1903
f 1614/1902/1902 755/1903/1903 1615/1904/1904
f 1615/1904/1904 755/1903/1903 754/1905/1905
f 1615/1904/1904 754/1905/1905 1616/1906/1906
f 1616/1906/1906 754/1905/1905 753/1907/1907
f 1616/1906/1906 753/1907/1907 1617/1908/1908
f 1617/1908/1908 753/1907/1907 752/1909/1909
f 1617/1908/1908 752/1909/1909 1618/1910/1910
f 1618/1910/1910 752/1909/1909 751/1911/1911
f 1618/1910/1910 751/1911/1911 1619/1912/1912
f 1619/1912/1912 751/1911/1911 750/1913/1913
f 1619/1912/1912 750/1913/1913 1620/1914/1914
f 1620/1914/1914 750/1913/1913 749/1915/1915
f 1620/1914/1914 749/1915/1915 1621/1916/1916
f 1621/1916/1916 749/1915/1915 748/1917/1917
f 1621/1916/1916 748/1917/1917 747/1918/1918
f 1621/1916/1916 747/1918/1918 1622/1919/1919
f 1622/1919/1919 747/1918/1918 746/1920/1920
f 1622/1919/1919 746/1920/1920 1623/1921/1921
f 1623/1921/1921 746/1920/1920 745/1922/1922
f 1623/1921/1921 745/1922/1922 1624/1923/1923
f 1624/1923/1923 745/1922/1922 744/1924/1924
f 1624/1923/1923 744/1924/1924 1625/1925/1925
f 1625/1925/1925 744/1924/1924 743/1926/1926
f 1625/1925/1925 743/1926/1926 1626/1927/1927
f 1626/1927/1927 743/1926/1926 742/1928/1928
f 1626/1927/1927 742/1928/1928 1627/1929/1929
f 1627/1929/1929 742/1928/1928 741/1930/1930
f 1627/1929/1929 741/1930/1930 1628/1931/1931
f 1628/1931/1931 741/1930/1930 740/1932/1932
f 1628/1931/1931 740/1932/1932 1629/1933/1933
f 1629/1933/1933 740/1932/1932 1630/1934/1934
f 1630/1934/1934 740/1932/1932 739/1935/1935
f 1630/1934/1934 739/1935/1935 1631/1936/1936
f 1631/1936/1936 739/1935/1935 738/1937/1937
f 1631/1936/1936 738/1937/1937 1632/1938/1938
f 1632/1938/1938 738/1937/1937 737/1939/1939
f 1632/1938/1938 737/1939/1939 1633/1940/1940
f 1633/1940/1940 737/1939/1939 736/1941/1941
f 1633/1940/1940 736/1941/1941 1634/1942/1942
f 1634/1942/1942 736/1941/1941 735/1943/1943
f 1634/1942/1942 735/1943/1943 734/1944/1944
f 1634/1942/1942 734/1944/1944 1635/1945/1945
f 1635/1945/1945 734/1944/1944 733/1946/1946
f 1635/1945/1945 733/1946/1946 1636/1947/1947
f 1636/1947/1947 733/1946/1946 732/1948/1948
f 1636/1947/1947 732/1948/1948 1637/1949/1949
f 1637/1949/1949 732/1948/1948 731/1950/1950
f 1637/1949/1949 731/1950/1950 1638/1951/1951
f 1638/1951/1951 731/1950/1950 730/1952/1952
f 1638/1951/1951 730/1952/1952 1639/1953/1953
f 1639/1953/1953 730/1952/1952 729/1954/1954
f 1639/1953/1953 729/1954/1954 1640/1955/1955
f 1640/1955/1955 729/1954/1954 728/1956/1956
f 1640/1955/1955 728/1956/1956 1641/1957/1957
f 1641/1957/1957 728/1956/1956 727/1958/1958
f 1641/1957/1957 727/1958/1958 1642/1959/1959
f 1642/1959/1959 727/1958/1958 726/1960/1960
f 1642/1959/1959 726/1960/1960 1643/1961/1961
f 1643/1961/1961 726/1960/1960 725/1962/1962
f 1643/1961/1961 725/1962/1962 1644/1963/1963
f 1644/1963/1963 725/1962/1962 724/1964/1964
f 1644/1963/1963 724/1964/1964 1645/1965/1965
f 1645/1965/1965 724/1964/1964 1646/1966/1966
f 1646/1966/1966 724/1964/1964 723/1967/1967
f 1646/1966/1966 723/1967/1967 64/1968/1968
f 64/1968/1968 723/1967/1967 256/1969/1969
f 64/1968/1968 256/1969/1969 255/1970/1970
f 64/1968/1968 255/1970/1970 65/1971/1971
f 65/1971/1971 255/1970/1970 254/1972/1972
f 65/1971/1971 254/1972/1972 66/1973/1973
f 66/1973/1973 254/1972/1972 253/1974/1974
f 66/1973/1973 253/1974/1974 67/1975/1975
f 67/1975/1975 253/1974/1974 252/1976/1976
f 67/1975/1975 252/1976/1976 68/1977/1977
f 68/1977/1977 252/1976/1976 251/1978/1978
f 68/1977/1977 251/1978/1978 250/1979/1979
f 68/1977/1977 250/1979/1979 69/1980/1980
f 69/1980/1980 250/1979/1979 249/1981/1981
f 69/1980/1980 249/1981/1981 70/1982/1982
f 70/1982/1982 249/1981/1981 71/1983/1983
f 71/1983/1983 249/1981/1981 248/1984/1984
f 71/1983/1983 248/1984/1984 247/1985/1985
f 246/1986/1986 73/1987/1987 247/1985/1985
f 247/1985/1985 73/1987/1987 72/1988/1988
f 247/1985/1985 72/1988/1988 71/1983/1983
f 73/1987/1987 246/1986/1986 74/1989/1989
f 74/1989/1989 246/1986/1986 245/1990/1990
f 74/1989/1989 245/1990/1990 75/1991/1991
f 75/1991/1991 245/1990/1990 244/1992/1992
f 75/1991/1991 244/1992/1992 76/1993/1993
f 76/1993/1993 244/1992/1992 243/1994/1994
f 76/1993/1993 243/1994/1994 77/1995/1995
f 77/1995/1995 243/1994/1994 242/1996/1996
f 77/1995/1995 242/1996/1996 78/1997/1997
f 78/1997/1997 242/1996/1996 241/1998/1998
f 78/1997/1997 241/1998/1998 79/1999/1999
f 79/1999/1999 241/1998/1998 240/2000/2000
f 79/1999/1999 240/2000/2000 80/2001/2001
f 80/2001/2001 240/2000/2000 239/2002/2002
f 80/2001/2001 239/2002/2002 81/2003/2003
f 81/2003/2003 239/2002/2002 238/2004/2004
f 81/2003/2003 238/2004/2004 82/2005/2005
f 82/2005/2005 238/2004/2004 237/2006/2006
f 82/2005/2005 237/2006/2006 83/2007/2007
f 83/2007/2007 237/2006/2006 236/2008/2008
f 83/2007/2007 236/2008/2008 235/2009/2009
f 83/2007/2007 235/2009/2009 84/2010/2010
f 84/2010/2010 235/2009/2009 234/2011/2011
f 84/2010/2010 234/2011/2011 85/2012/2012
f 85/2012/2012 234/2011/2011 233/2013/2013
f 85/2012/2012 233/2013/2013 86/2014/2014
f 86/2014/2014 233/2013/2013 232/2015/2015
f 86/2014/2014 232/2015/2015 87/2016/2016
f 87/2016/2016 232/2015/2015 231/2017/2017
f 87/2016/2016 231/2017/2017 230/2018/2018
f 87/2016/2016 230/2018/2018 88/2019/2019
f 88/2019/2019 230/2018/2018 229/2020/2020
f 88/2019/2019 229/2020/2020 89/2021/2021
f 89/2021/2021 229/2020/2020 228/2022/2022
f 89/2021/2021 228/2022/2022 90/2023/2023
f 90/2023/2023 228/2022/2022 227/2024/2024
f 90/2023/2023 227/2024/2024 91/2025/2025
f 91/2025/2025 227/2024/2024 226/2026/2026
f 91/2025/2025 226/2026/2026 92/2027/2027
f 92/2027/2027 226/2026/2026 225/2028/2028
f 92/2027/2027 225/2028/2028 93/2029/2029
f 93/2029/2029 225/2028/2028 224/2030/2030
f 93/2029/2029 224/2030/2030 94/2031/2031
f 94/2031/2031 224/2030/2030 223/2032/2032
f 94/2031/2031 223/2032/2032 95/2033/2033
f 95/2033/2033 223/2032/2032 222/2034/2034
f 95/2033/2033 222/2034/2034 96/2035/2035
f 96/2035/2035 222/2034/2034 221/2036/2036
f 96/2035/2035 221/2036/2036 97/2037/2037
f 97/2037/2037 221/2036/2036 220/2038/2038
f 97/2037/2037 220/2038/2038 98/2039/2039
f 98/2039/2039 220/2038/2038 219/2040/2040
f 98/2039/2039 219/2040/2040 99/2041/2041
f 99/2041/2041 219/2040/2040 218/2042/2042
f 99/2041/2041 218/2042/2042 100/2043/2043
f 100/2043/2043 218/2042/2042 217/2044/2044
f 100/2043/2043 217/2044/2044 101/2045/2045
f 101/2045/2045 217/2044/2044 216/2046/2046
f 101/2045/2045 216/2046/2046 102/2047/2047
f 102/2047/2047 216/2046/2046 103/2048/2048
f 103/2048/2048 216/2046/2046 215/2049/2049
f 103/2048/2048 215/2049/2049 104/2050/2050
f 104/2050/2050 215/2049/2049 214/2051/2051
f 104/2050/2050 214/2051/2051 105/2052/2052
f 105/2052/2052 214/2051/2051 213/2053/2053
f 105/2052/2052 213/2053/2053 106/2054/2054
f 106/2054/2054 213/2053/2053 212/2055/2055
f 106/2054/2054 212/2055/2055 107/2056/2056
f 107/2056/2056 212/2055/2055 211/2057/2057
f 107/2056/2056 211/2057/2057 108/2058/2058
f 108/2058/2058 211/2057/2057 210/2059/2059
f 108/2058/2058 210/2059/2059 109/2060/2060
f 109/2060/2060 210/2059/2059 209/2061/2061
f 109/2060/2060 209/2061/2061 208/2062/2062
f 207/2063/2063 111/2064/2064 208/2062/2062
f 208/2062/2062 111/2064/2064 110/2065/2065
f 208/2062/2062 110/2065/2065 109/2060/2060
f 111/2064/2064 207/2063/2063 112/2066/2066
f 112/2066/2066 207/2063/2063 206/2067/2067
f 112/2066/2066 206/2067/2067 113/2068/2068
f 113/2068/2068 206/2067/2067 205/2069/2069
f 113/2068/2068 205/2069/2069 114/2070/2070
f 114/2070/2070 205/2069/2069 115/2071/2071
f 115/2071/2071 205/2069/2069 204/2072/2072
f 115/2071/2071 204/2072/2072 116/2073/2073
f 116/2073/2073 204/2072/2072 203/2074/2074
f 116/2073/2073 203/2074/2074 117/2075/2075
f 117/2075/2075 203/2074/2074 202/2076/2076
f 117/2075/2075 202/2076/2076 118/2077/2077
f 118/2077/2077 202/2076/2076 201/2078/2078
f 118/2077/2077 201/2078/2078 119/2079/2079
f 119/2079/2079 201/2078/2078 200/2080/2080
f 119/2079/2079 200/2080/2080 120/2081/2081
f 120/2081/2081 200/2080/2080 199/2082/2082
f 120/2081/2081 199/2082/2082 198/2083/2083
f 120/2081/2081 198/2083/2083 121/2084/2084
f 121/2084/2084 198/2083/2083 197/2085/2085
f 121/2084/2084 197/2085/2085 122/2086/2086
f 122/2086/2086 197/2085/2085 196/2087/2087
f 122/2086/2086 196/2087/2087 123/2088/2088
f 123/2088/2088 196/2087/2087 195/2089/2089
f 123/2088/2088 195/2089/2089 124/2090/2090
f 124/2090/2090 195/2089/2089 194/2091/2091
f 124/2090/2090 194/2091/2091 125/1657/1657
f 125/1657/1657 194/2091/2091 193/1655/1655
f 1647/2092/2092 1648/2093/2093 1750/2094/2094
f 1750/2094/2094 1648/2093/2093 1749/2095/2095
f 1749/2095/2095 1648/2093/2093 1649/2096/2096
f 1749/2095/2095 1649/2096/2096 1748/2097/2097
f 1748/2097/2097 1649/2096/2096 1650/2098/2098
f 1748/2097/2097 1650/2098/2098 1747/2099/2099
f 1747/2099/2099 1650/2098/2098 1651/2100/2100
f 1747/2099/2099 1651/2100/2100 1746/2101/2101
f 1746/2101/2101 1651/2100/2100 1652/2102/2102
f 1746/2101/2101 1652/2102/2102 1745/2103/2103
f 1745/2103/2103 1652/2102/2102 1653/2104/2104
f 1745/2103/2103 1653/2104/2104 1744/2105/2105
f 1744/2105/2105 1653/2104/2104 1654/2106/2106
f 1744/2105/2105 1654/2106/2106 1743/2107/2107
f 1743/2107/2107 1654/2106/2106 1655/2108/2108
f 1743/2107/2107 1655/2108/2108 1742/2109/2109
f 1742/2109/2109 1655/2108/2108 1656/2110/2110
f 1742/2109/2109 1656/2110/2110 1741/2111/2111
f 1741/2111/2111 1656/2110/2110 1657/2112/2112
f 1741/2111/2111 1657/2112/2112 1740/2113/2113
f 1740/2113/2113 1657/2112/2112 1658/2114/2114
f 1740/2113/2113 1658/2114/2114 1739/2115/2115
f 1739/2115/2115 1658/2114/2114 1659/2116/2116
f 1739/2115/2115 1659/2116/2116 1738/2117/2117
f 1738/2117/2117 1659/2116/2116 1660/2118/2118
f 1738/2117/2117 1660/2118/2118 1737/2119/2119
f 1737/2119/2119 1660/2118/2118 1661/2120/2120
f 1737/2119/2119 1661/2120/2120 1736/2121/2121
f 1736/2121/2121 1661/2120/2120 1662/2122/2122
f 1736/2121/2121 1662/2122/2122 1735/2123/2123
f 1735/2123/2123 1662/2122/2122 1663/2124/2124
f 1735/2123/2123 1663/2124/2124 1734/2125/2125
f 1734/2125/2125 1663/2124/2124 1664/2126/2126
f 1734/2125/2125 1664/2126/2126 1733/2127/2127
f 1733/2127/2127 1664/2126/2126 1665/2128/2128
f 1733/2127/2127 1665/2128/2128 1732/2129/2129
f 1732/2129/2129 1665/2128/2128 1666/2130/2130
f 1732/2129/2129 1666/2130/2130 1731/2131/2131
f 1731/2131/2131 1666/2130/2130 1667/2132/2132
f 1731/2131/2131 1667/2132/2132 1730/2133/2133
f 1730/2133/2133 1667/2132/2132 1668/2134/2134
f 1730/2133/2133 1668/2134/2134 1729/2135/2135
f 1729/2135/2135 1668/2134/2134 1669/2136/2136
f 1729/2135/2135 1669/2136/2136 1728/2137/2137
f 1728/2137/2137 1669/2136/2136 1670/2138/2138
f 1728/2137/2137 1670/2138/2138 1727/2139/2139
f 1727/2139/2139 1670/2138/2138 1671/2140/2140
f 1727/2139/2139 1671/2140/2140 1726/2141/2141
f 1726/2141/2141 1671/2140/2140 1672/2142/2142
f 1726/2141/2141 1672/2142/2142 1725/2143/2143
f 1725/2143/2143 1672/2142/2142 1673/2144/2144
f 1725/2143/2143 1673/2144/2144 1724/2145/2145
f 1724/2145/2145 1673/2144/2144 1674/2146/2146
f 1724/2145/2145 1674/2146/2146 1723/2147/2147
f 1723/2147/2147 1674/2146/2146 1675/2148/2148
f 1723/2147/2147 1675/2148/2148 1722/2149/2149
f 1722/2149/2149 1675/2148/2148 1676/2150/2150
f 1722/2149/2149 1676/2150/2150 1721/2151/2151
f 1721/2151/2151 1676/2150/2150 1677/2152/2152
f 1721/2151/2151 1677/2152/2152 1720/2153/2153
f 1720/2153/2153 1677/2152/2152 1678/2154/2154
f 1720/2153/2153 1678/2154/2154 1719/2155/2155
f 1719/2155/2155 1678/2154/2154 1679/2156/2156
f 1719/2155/2155 1679/2156/2156 1718/2157/2157
f 1718/2157/2157 1679/2156/2156 1680/2158/2158
f 1718/2157/2157 1680/2158/2158 1717/2159/2159
f 1717/2159/2159 1680/2158/2158 1681/2160/2160
f 1717/2159/2159 1681/2160/2160 1716/2161/2161
f 1716/2161/2161 1681/2160/2160 1682/2162/2162
f 1716/2161/2161 1682/2162/2162 1715/2163/2163
f 1715/2163/2163 1682/2162/2162 1683/2164/2164
f 1715/2163/2163 1683/2164/2164 1714/2165/2165
f 1714/2165/2165 1683/2164/2164 1684/2166/2166
f 1714/2165/2165 1684/2166/2166 1713/2167/2167
f 1713/2167/2167 1684/2166/2166 1685/2168/2168
f 1713/2167/2167 1685/2168/2168 1712/2169/2169
f 1712/2169/2169 1685/2168/2168 1686/2170/2170
f 1712/2169/2169 1686/2170/2170 1711/2171/2171
f 1711/2171/2171 1686/2170/2170 1687/2172/2172
f 1711/2171/2171 1687/2172/2172 1710/2173/2173
f 1710/2173/2173 1687/2172/2172 1688/2174/2174
f 1710/2173/2173 1688/2174/2174 1709/2175/2175
f 1709/2175/2175 1688/2174/2174 1689/2176/2176
f 1709/2175/2175 1689/2176/2176 1708/2177/2177
f 1708/2177/2177 1689/2176/2176 1690/2178/2178
f 1708/2177/2177 1690/2178/2178 1707/2179/2179
f 1707/2179/2179 1690/2178/2178 1691/2180/2180
f 1707/2179/2179 1691/2180/2180 1706/2181/2181
f 1706/2181/2181 1691/2180/2180 1692/2182/2182
f 1706/2181/2181 1692/2182/2182 1705/2183/2183
f 1705/2183/2183 1692/2182/2182 1693/2184/2184
f 1705/2183/2183 1693/2184/2184 1704/2185/2185
f 1704/2185/2185 1693/2184/2184 1694/2186/2186
f 1704/2185/2185 1694/2186/2186 1703/2187/2187
f 1703/2187/2187 1694/2186/2186 1695/2188/2188
f 1703/2187/2187 1695/2188/2188 1702/2189/2189
f 1702/2189/2189 1695/2188/2188 1696/2190/2190
f 1702/2189/2189 1696/2190/2190 1701/2191/2191
f 1701/2191/2191 1696/2190/2190 1697/2192/2192
f 1701/2191/2191 1697/2192/2192 1700/2193/2193
f 1700/2193/2193 1697/2192/2192 1698/2194/2194
f 1700/2193/2193 1698/2194/2194 1699/2195/2195
f 1751/2196/2196 1752/2197/2197 1878/2198/2198
f 1878/2198/2198 1752/2197/2197 1877/2199/2199
f 1877/2199/2199 1752/2197/2197 1753/2200/2200
f 1877/2199/2199 1753/2200/2200 1876/2201/2201
f 1876/2201/2201 1753/2200/2200 1754/2202/2202
f 1876/2201/2201 1754/2202/2202 1875/2203/2203
f 1875/2203/2203 1754/2202/2202 1755/2204/2204
f 1875/2203/2203 1755/2204/2204 1874/2205/2205
f 1874/2205/2205 1755/2204/2204 1756/2206/2206
f 1874/2205/2205 1756/2206/2206 1873/2207/2207
f 1873/2207/2207 1756/2206/2206 1757/2208/2208
f 1873/2207/2207 1757/2208/2208 1872/2209/2209
f 1872/2209/2209 1757/2208/2208 1758/2210/2210
f 1872/2209/2209 1758/2210/2210 1871/2211/2211
f 1871/2211/2211 1758/2210/2210 1759/2212/2212
f 1871/2211/2211 1759/2212/2212 1870/2213/2213
f 1870/2213/2213 1759/2212/2212 1760/2214/2214
f 1870/2213/2213 1760/2214/2214 1869/2215/2215
f 1869/2215/2215 1760/2214/2214 1761/2216/2216
f 1869/2215/2215 1761/2216/2216 1868/2217/2217
f 1868/2217/2217 1761/2216/2216 1762/2218/2218
f 1868/2217/2217 1762/2218/2218 1867/2219/2219
f 1867/2219/2219 1762/2218/2218 1763/2220/2220
f 1867/2219/2219 1763/2220/2220 1866/2221/2221
f 1866/2221/2221 1763/2220/2220 1764/2222/2222
f 1866/2221/2221 1764/2222/2222 1865/2223/2223
f 1865/2223/2223 1764/2222/2222 1765/2224/2224
f 1865/2223/2223 1765/2224/2224 1864/2225/2225
f 1864/2225/2225 1765/2224/2224 1766/2226/2226
f 1864/2225/2225 1766/2226/2226 1863/2227/2227
f 1863/2227/2227 1766/2226/2226 1767/2228/2228
f 1863/2227/2227 1767/2228/2228 1862/2229/2229
f 1862/2229/2229 1767/2228/2228 1768/2230/2230
f 1862/2229/2229 1768/2230/2230 1861/2231/2231
f 1861/2231/2231 1768/2230/2230 1769/2232/2232
f 1861/2231/2231 1769/2232/2232 1860/2233/2233
f 1860/2233/2233 1769/2232/2232 1770/2234/2234
f 1860/2233/2233 1770/2234/2234 1859/2235/2235
f 1859/2235/2235 1770/2234/2234 1771/2236/2236
f 1859/2235/2235 1771/2236/2236 1858/2237/2237
f 1858/2237/2237 1771/2236/2236 1772/2238/2238
f 1858/2237/2237 1772/2238/2238 1857/2239/2239
f 1857/2239/2239 1772/2238/2238 1773/2240/2240
f 1857/2239/2239 1773/2240/2240 1856/2241/2241
f 1856/2241/2241 1773/2240/2240 1774/2242/2242
f 1856/2241/2241 1774/2242/2242 1855/2243/2243
f 1855/2243/2243 1774/2242/2242 1775/2244/2244
f 1855/2243/2243 1775/2244/2244 1854/2245/2245
f 1854/2245/2245 1775/2244/2244 1776/2246/2246
f 1854/2245/2245 1776/2246/2246 1853/2247/2247
f 1853/2247/2247 1776/2246/2246 1777/2248/2248
f 1853/2247/2247 1777/2248/2248 1852/2249/2249
f 1852/2249/2249 1777/2248/2248 1778/2250/2250
f 1852/2249/2249 1778/2250/2250 1851/2251/2251
f 1851/2251/2251 1778/2250/2250 1779/2252/2252
f 1851/2251/2251 1779/2252/2252 1850/2253/2253
f 1850/2253/2253 1779/2252/2252 1780/2254/2254
f 1850/2253/2253 1780/2254/2254 1849/2255/2255
f 1849/2255/2255 1780/2254/2254 1781/2256/2256
f 1849/2255/2255 1781/2256/2256 1848/2257/2257
f 1848/2257/2257 1781/2256/2256 1782/2258/2258
f 1848/2257/2257 1782/2258/2258 1847/2259/2259
f 1847/2259/2259 1782/2258/2258 1783/2260/2260
f 1847/2259/2259 1783/2260/2260 1846/2261/2261
f 1846/2261/2261 1783/2260/2260 1784/2262/2262
f 1846/2261/2261 1784/2262/2262 1845/2263/2263
f 1845/2263/2263 1784/2262/2262 1785/2264/2264
f 1845/2263/2263 1785/2264/2264 1844/2265/2265
f 1844/2265/2265 1785/2264/2264 1786/2266/2266
f 1844/2265/2265 1786/2266/2266 1843/2267/2267
f 1843/2267/2267 1786/2266/2266 1787/2268/2268
f 1843/2267/2267 1787/2268/2268 1842/2269/2269
f 1842/2269/2269 1787/2268/2268 1788/2270/2270
f 1842/2269/2269 1788/2270/2270 1841/2271/2271
f 1841/2271/2271 1788/2270/2270 1789/2272/2272
f 1841/2271/2271 1789/2272/2272 1840/2273/2273
f 1840/2273/2273 1789/2272/2272 1790/2274/2274
f 1840/2273/2273 1790/2274/2274 1839/2275/2275
f 1839/2275/2275 1790/2274/2274 1791/2276/2276
f 1839/2275/2275 1791/2276/2276 1838/2277/2277
f 1838/2277/2277 1791/2276/2276 1792/2278/2278
f 1838/2277/2277 1792/2278/2278 1837/2279/2279
f 1837/2279/2279 1792/2278/2278 1793/2280/2280
f 1837/2279/2279 1793/2280/2280 1836/2281/2281
f 1836/2281/2281 1793/2280/2280 1794/2282/2282
f 1836/2281/2281 1794/2282/2282 1835/2283/2283
f 1835/2283/2283 1794/2282/2282 1795/2284/2284
f 1835/2283/2283 1795/2284/2284 1834/2285/2285
f 1834/2285/2285 1795/2284/2284 1796/2286/2286
f 1834/2285/2285 1796/2286/2286 1833/2287/2287
f 1833/2287/2287 1796/2286/2286 1797/2288/2288
f 1833/2287/2287 1797/2288/2288 1832/2289/2289
f 1832/2289/2289 1797/2288/2288 1798/2290/2290
f 1832/2289/2289 1798/2290/2290 1831/2291/2291
f 1831/2291/2291 1798/2290/2290 1799/2292/2292
f 1831/2291/2291 1799/2292/2292 1830/2293/2293
f 1830/2293/2293 1799/2292/2292 1800/2294/2294
f 1830/2293/2293 1800/2294/2294 1829/2295/2295
f 1829/2295/2295 1800/2294/2294 1801/2296/2296
f 1829/2295/2295 1801/2296/2296 1828/2297/2297
f 1828/2297/2297 1801/2296/2296 1802/2298/2298
f 1828/2297/2297 1802/2298/2298 1827/2299/2299
f 1827/2299/2299 1802/2298/2298 1803/2300/2300
f 1827/2299/2299 1803/2300/2300 1826/2301/2301
f 1826/2301/2301 1803/2300/2300 1804/2302/2302
f 1826/2301/2301 1804/2302/2302 1825/2303/2303
f 1825/2303/2303 1804/2302/2302 1805/2304/2304
f 1825/2303/2303 1805/2304/2304 1824/2305/2305
f 1824/2305/2305 1805/2304/2304 1806/2306/2306
f 1824/2305/2305 1806/2306/2306 1823/2307/2307
f 1823/2307/2307 1806/2306/2306 1807/2308/2308
f 1823/2307/2307 1807/2308/2308 1822/2309/2309
f 1822/2309/2309 1807/2308/2308 1808/2310/2310
f 1822/2309/2309 1808/2310/2310 1821/2311/2311
f 1821/2311/2311 1808/2310/2310 1809/2312/2312
f 1821/2311/2311 1809/2312/2312 1820/2313/2313
f 1820/2313/2313 1809/2312/2312 1810/2314/2314
f 1820/2313/2313 1810/2314/2314 1819/2315/2315
f 1819/2315/2315 1810/2314/2314 1811/2316/2316
f 1819/2315/2315 1811/2316/2316 1818/2317/2317
f 1818/2317/2317 1811/2316/2316 1812/2318/2318
f 1818/2317/2317 1812/2318/2318 1817/2319/2319
f 1817/2319/2319 1812/2318/2318 1813/2320/2320
f 1817/2319/2319 1813/2320/2320 1816/2321/2321
f 1816/2321/2321 1813/2320/2320 1814/2322/2322
f 1816/2321/2321 1814/2322/2322 1815/2323/2323
f 1815/2323/2323 1814/2322/2322 1647/2324/2324
f 1815/2323/2323 1647/2324/2324 1750/2325/2325
f 1698/2326/2326 1879/2327/2327 1699/2328/2328
f 1699/2328/2328 1879/2327/2327 2050/2329/2329
f 2050/2329/2329 1879/2327/2327 1880/2330/2330
f 2050/2329/2329 1880/2330/2330 2049/2331/2331
f 2049/2331/2331 1880/2330/2330 1881/2332/2332
f 2049/2331/2331 1881/2332/2332 2048/2333/2333
f 2048/2333/2333 1881/2332/2332 1882/2334/2334
f 2048/2333/2333 1882/2334/2334 2047/2335/2335
f 2047/2335/2335 1882/2334/2334 1883/2336/2336
f 2047/2335/2335 1883/2336/2336 2046/2337/2337
f 2046/2337/2337 1883/2336/2336 1884/2338/2338
f 2046/2337/2337 1884/2338/2338 2045/2339/2339
f 2045/2339/2339 1884/2338/2338 1885/2340/2340
f 2045/2339/2339 1885/2340/2340 2044/2341/2341
f 2044/2341/2341 1885/2340/2340 1886/2342/2342
f 2044/2341/2341 1886/2342/2342 2043/2343/2343
f 2043/2343/2343 1886/2342/2342 1887/2344/2344
f 2043/2343/2343 1887/2344/2344 2042/2345/2345
f 2042/2345/2345 1887/2344/2344 1888/2346/2346
f 2042/2345/2345 1888/2346/2346 2041/2347/2347
f 2041/2347/2347 1888/2346/2346 1889/2348/2348
f 2041/2347/2347 1889/2348/2348 2040/2349/2349
f 2040/2349/2349 1889/2348/2348 1890/2350/2350
f 2040/2349/2349 1890/2350/2350 2039/2351/2351
f 2039/2351/2351 1890/2350/2350 1891/2352/2352
f 2039/2351/2351 1891/2352/2352 2038/2353/2353
f 2038/2353/2353 1891/2352/2352 1892/2354/2354
f 2038/2353/2353 1892/2354/2354 2037/2355/2355
f 2037/2355/2355 1892/2354/2354 1893/2356/2356
f 2037/2355/2355 1893/2356/2356 2036/2357/2357
f 2036/2357/2357 1893/2356/2356 1894/2358/2358
f 2036/2357/2357 1894/2358/2358 2035/2359/2359
f 2035/2359/2359 1894/2358/2358 1895/2360/2360
f 2035/2359/2359 1895/2360/2360 2034/2361/2361
f 2034/2361/2361 1895/2360/2360 1896/2362/2362
f 2034/2361/2361 1896/2362/2362 2033/2363/2363
f 2033/2363/2363 1896/2362/2362 1897/2364/2364
f 2033/2363/2363 1897/2364/2364 2032/2365/2365
f 2032/2365/2365 1897/2364/2364 1898/2366/2366
f 2032/2365/2365 1898/2366/2366 2031/2367/2367
f 2031/2367/2367 1898/2366/2366 1899/2368/2368
f 2031/2367/2367 1899/2368/2368 2030/2369/2369
f 2030/2369/2369 1899/2368/2368 1900/2370/2370
f 2030/2369/2369 1900/2370/2370 2029/2371/2371
f 2029/2371/2371 1900/2370/2370 1901/2372/2372
f 2029/2371/2371 1901/2372/2372 2028/2373/2373
f 2028/2373/2373 1901/2372/2372 1902/2374/2374
f 2028/2373/2373 1902/2374/2374 2027/2375/2375
f 2027/2375/2375 1902/2374/2374 1903/2376/2376
f 2027/2375/2375 1903/2376/2376 2026/2377/2377
f 2026/2377/2377 1903/2376/2376 1904/2378/2378
f 2026/2377/2377 1904/2378/2378 2025/2379/2379
f 2025/2379/2379 1904/2378/2378 1905/2380/2380
f 2025/2379/2379 1905/2380/2380 2024/2381/2381
f 2024/2381/2381 1905/2380/2380 1906/2382/2382
f 2024/2381/2381 1906/2382/2382 2023/2383/2383
f 2023/2383/2383 1906/2382/2382 1907/2384/2384
f 2023/2383/2383 1907/2384/2384 2022/2385/2385
f 2022/2385/2385 1907/2384/2384 1908/2386/2386
f 2022/2385/2385 1908/2386/2386 2021/2387/2387
f 2021/2387/2387 1908/2386/2386 1909/2388/2388
f 2021/2387/2387 1909/2388/2388 2020/2389/2389
f 2020/2389/2389 1909/2388/2388 1910/2390/2390
f 2020/2389/2389 1910/2390/2390 2019/2391/2391
f 2019/2391/2391 1910/2390/2390 1911/2392/2392
f 2019/2391/2391 1911/2392/2392 2018/2393/2393
f 2018/2393/2393 1911/2392/2392 1912/2394/2394
f 2018/2393/2393 1912/2394/2394 2017/2395/2395
f 2017/2395/2395 1912/2394/2394 1913/2396/2396
f 2017/2395/2395 1913/2396/2396 2016/2397/2397
f 2016/2397/2397 1913/2396/2396 1914/2398/2398
f 2016/2397/2397 1914/2398/2398 2015/2399/2399
f 2015/2399/2399 1914/2398/2398 1915/2400/2400
f 2015/2399/2399 1915/2400/2400 2014/2401/2401
f 2014/2401/2401 1915/2400/2400 1916/2402/2402
f 2014/2401/2401 1916/2402/2402 2013/2403/2403
f 2013/2403/2403 1916/2402/2402 1917/2404/2404
f 2013/2403/2403 1917/2404/2404 2012/2405/2405
f 2012/2405/2405 1917/2404/2404 1918/2406/2406
f 2012/2405/2405 1918/2406/2406 2011/2407/2407
f 2011/2407/2407 1918/2406/2406 1919/2408/2408
f 2011/2407/2407 1919/2408/2408 2010/2409/2409
f 2010/2409/2409 1919/2408/2408 1920/2410/2410
f 2010/2409/2409 1920/2410/2410 2009/2411/2411
f 2009/2411/2411 1920/2410/2410 1921/2412/2412
f 2009/2411/2411 1921/2412/2412 2008/2413/2413
f 2008/2413/2413 1921/2412/2412 1922/2414/2414
f 2008/2413/2413 1922/2414/2414 2007/2415/2415
f 2007/2415/2415 1922/2414/2414 1923/2416/2416
f 2007/2415/2415 1923/2416/2416 2006/2417/2417
f 2006/2417/2417 1923/2416/2416 1924/2418/2418
f 2006/2417/2417 1924/2418/2418 2005/2419/2419
f 2005/2419/2419 1924/2418/2418 1925/2420/2420
f 2005/2419/2419 1925/2420/2420 2004/2421/2421
f 2004/2421/2421 1925/2420/2420 1926/2422/2422
f 2004/2421/2421 1926/2422/2422 2003/2423/2423
f 2003/2423/2423 1926/2422/2422 1927/2424/2424
f 2003/2423/2423 1927/2424/2424 2002/2425/2425
f 2002/2425/2425 1927/2424/2424 1928/2426/2426
f 2002/2425/2425 1928/2426/2426 2001/2427/2427
f 2001/2427/2427 1928/2426/2426 1929/2428/2428
f 2001/2427/2427 1929/2428/2428 2000/2429/2429
f 2000/2429/2429 1929/2428/2428 1930/2430/2430
f 2000/2429/2429 1930/2430/2430 1999/2431/2431
f 1999/2431/2431 1930/2430/2430 1931/2432/2432
f 1999/2431/2431 1931/2432/2432 1998/2433/2433
f 1998/2433/2433 1931/2432/2432 1932/2434/2434
f 1998/2433/2433 1932/2434/2434 1997/2435/2435
f 1997/2435/2435 1932/2434/2434 1933/2436/2436
f 1997/2435/2435 1933/2436/2436 1996/2437/2437
f 1996/2437/2437 1933/2436/2436 1934/2438/2438
f 1996/2437/2437 1934/2438/2438 1995/2439/2439
f 1995/2439/2439 1934/2438/2438 1935/2440/2440
f 1995/2439/2439 1935/2440/2440 1994/2441/2441
f 1994/2441/2441 1935/2440/2440 1936/2442/2442
f 1994/2441/2441 1936/2442/2442 1993/2443/2443
f 1993/2443/2443 1936/2442/2442 1937/2444/2444
f 1993/2443/2443 1937/2444/2444 1992/2445/2445
f 1992/2445/2445 1937/2444/2444 1938/2446/2446
f 1992/2445/2445 1938/2446/2446 1991/2447/2447
f 1991/2447/2447 1938/2446/2446 1939/2448/2448
f 1991/2447/2447 1939/2448/2448 1990/2449/2449
f 1990/2449/2449 1939/2448/2448 1940/2450/2450
f 1990/2449/2449 1940/2450/2450 1989/2451/2451
f 1989/2451/2451 1940/2450/2450 1941/2452/2452
f 1989/2451/2451 1941/2452/2452 1988/2453/2453
f 1988/2453/2453 1941/2452/2452 1942/2454/2454
f 1988/2453/2453 1942/2454/2454 1987/2455/2455
f 1987/2455/2455 1942/2454/2454 1943/2456/2456
f 1987/2455/2455 1943/2456/2456 1986/2457/2457
f 1986/2457/2457 1943/2456/2456 1944/2458/2458
f 1986/2457/2457 1944/2458/2458 1985/2459/2459
f 1985/2459/2459 1944/2458/2458 1945/2460/2460
f 1985/2459/2459 1945/2460/2460 1984/2461/2461
f 1984/2461/2461 1945/2460/2460 1946/2462/2462
f 1984/2461/2461 1946/2462/2462 1983/2463/2463
f 1983/2463/2463 1946/2462/2462 1947/2464/2464
f 1983/2463/2463 1947/2464/2464 1982/2465/2465
f 1982/2465/2465 1947/2464/2464 1948/2466/2466
f 1982/2465/2465 1948/2466/2466 1981/2467/2467
f 1981/2467/2467 1948/2466/2466 1949/2468/2468
f 1981/2467/2467 1949/2468/2468 1980/2469/2469
f 1980/2469/2469 1949/2468/2468 1950/2470/2470
f 1980/2469/2469 1950/2470/2470 1979/2471/2471
f 1979/2471/2471 1950/2470/2470 1951/2472/2472
f 1979/2471/2471 1951/2472/2472 1978/2473/2473
f 1978/2473/2473 1951/2472/2472 1952/2474/2474
f 1978/2473/2473 1952/2474/2474 1977/2475/2475
f 1977/2475/2475 1952/2474/2474 1953/2476/2476
f 1977/2475/2475 1953/2476/2476 1976/2477/2477
f 1976/2477/2477 1953/2476/2476 1954/2478/2478
f 1976/2477/2477 1954/2478/2478 1975/2479/2479
f 1975/2479/2479 1954/2478/2478 1955/2480/2480
f 1975/2479/2479 1955/2480/2480 1974/2481/2481
f 1974/2481/2481 1955/2480/2480 1956/2482/2482
f 1974/2481/2481 1956/2482/2482 1973/2483/2483
f 1973/2483/2483 1956/2482/2482 1957/2484/2484
f 1973/2483/2483 1957/2484/2484 1972/2485/2485
f 1972/2485/2485 1957/2484/2484 1958/2486/2486
f 1972/2485/2485 1958/2486/2486 1971/2487/2487
f 1971/2487/2487 1958/2486/2486 1959/2488/2488
f 1971/2487/2487 1959/2488/2488 1970/2489/2489
f 1970/2489/2489 1959/2488/2488 1960/2490/2490
f 1970/2489/2489 1960/2490/2490 1969/2491/2491
f 1969/2491/2491 1960/2490/2490 1961/2492/2492
f 1969/2491/2491 1961/2492/2492 1968/2493/2493
f 1968/2493/2493 1961/2492/2492 1962/2494/2494
f 1968/2493/2493 1962/2494/2494 1967/2495/2495
f 1967/2495/2495 1962/2494/2494 1963/2496/2496
f 1967/2495/2495 1963/2496/2496 1966/2497/2497
f 1966/2497/2497 1963/2496/2496 1964/2498/2498
f 1966/2497/2497 1964/2498/2498 1965/2499/2499
f 1965/2499/2499 1964/2498/2498 1751/2500/2500
f 1965/2499/2499 1751/2500/2500 1878/2501/2501
f 1493/2502/2502 1878/2503/2503 1/2504/2504
f 1/2504/2504 1878/2503/2503 1877/2505/2505
f 1/2504/2504 1877/2505/2505 2/2506/2506
f 2/2506/2506 1877/2505/2505 1876/2507/2507
f 2/2506/2506 1876/2507/2507 3/2508/2508
f 3/2508/2508 1876/2507/2507 1875/2509/2509
f 3/2508/2508 1875/2509/2509 4/2510/2510
f 4/2510/2510 1875/2509/2509 1874/2511/2511
f 4/2510/2510 1874/2511/2511 5/2512/2512
f 5/2512/2512 1874/2511/2511 1873/2513/2513
f 5/2512/2512 1873/2513/2513 6/2514/2514
f 6/2514/2514 1873/2513/2513 7/2515/2515
f 7/2515/2515 1873/2513/2513 1872/2516/2516
f 7/2515/2515 1872/2516/2516 8/2517/2517
f 8/2517/2517 1872/2516/2516 1871/2518/2518
f 8/2517/2517 1871/2518/2518 9/2519/2519
f 9/2519/2519 1871/2518/2518 1870/2520/2520
f 9/2519/2519 1870/2520/2520 10/2521/2521
f 10/2521/2521 1870/2520/2520 1869/2522/2522
f 10/2521/2521 1869/2522/2522 11/2523/2523
f 11/2523/2523 1869/2522/2522 1868/2524/2524
f 11/2523/2523 1868/2524/2524 12/2525/2525
f 12/2525/2525 1868/2524/2524 1867/2526/2526
f 12/2525/2525 1867/2526/2526 13/2527/2527
f 13/2527/2527 1867/2526/2526 1866/2528/2528
f 13/2527/2527 1866/2528/2528 14/2529/2529
f 14/2529/2529 1866/2528/2528 1865/2530/2530
f 14/2529/2529 1865/2530/2530 15/2531/2531
f 15/2531/2531 1865/2530/2530 1864/2532/2532
f 15/2531/2531 1864/2532/2532 16/2533/2533
f 16/2533/2533 1864/2532/2532 1863/2534/2534
f 16/2533/2533 1863/2534/2534 17/2535/2535
f 17/2535/2535 1863/2534/2534 1862/2536/2536
f 17/2535/2535 1862/2536/2536 18/2537/2537
f 18/2537/2537 1862/2536/2536 1861/2538/2538
f 18/2537/2537 1861/2538/2538 19/2539/2539
f 19/2539/2539 1861/2538/2538 1860/2540/2540
f 19/2539/2539 1860/2540/2540 20/2541/2541
f 20/2541/2541 1860/2540/2540 1859/2542/2542
f 20/2541/2541 1859/2542/2542 21/2543/2543
f 21/2543/2543 1859/2542/2542 1858/2544/2544
f 21/2543/2543 1858/2544/2544 22/2545/2545
f 22/2545/2545 1858/2544/2544 1857/2546/2546
f 22/2545/2545 1857/2546/2546 23/2547/2547
f 23/2547/2547 1857/2546/2546 1856/2548/2548
f 23/2547/2547 1856/2548/2548 24/2549/2549
f 24/2549/2549 1856/2548/2548 1855/2550/2550
f 24/2549/2549 1855/2550/2550 25/2551/2551
f 25/2551/2551 1855/2550/2550 1854/2552/2552
f 25/2551/2551 1854/2552/2552 1853/2553/2553
f 1878/2503/2503 1493/2502/2502 1965/2554/2554
f 1965/2554/2554 1493/2502/2502 1492/2555/2555
f 1965/2554/2554 1492/2555/2555 1966/2556/2556
f 1966/2556/2556 1492/2555/2555 1491/2557/2557
f 1966/2556/2556 1491/2557/2557 1967/2558/2558
f 1967/2558/2558 1491/2557/2557 1490/2559/2559
f 1967/2558/2558 1490/2559/2559 1968/2560/2560
f 1968/2560/2560 1490/2559/2559 1489/2561/2561
f 1968/2560/2560 1489/2561/2561 1969/2562/2562
f 1969/2562/2562 1489/2561/2561 1488/2563/2563
f 1969/2562/2562 1488/2563/2563 1970/2564/2564
f 1970/2564/2564 1488/2563/2563 1487/2565/2565
f 1970/2564/2564 1487/2565/2565 1971/2566/2566
f 1971/2566/2566 1487/2565/2565 1486/2567/2567
f 1971/2566/2566 1486/2567/2567 1485/2568/2568
f 1971/2566/2566 1485/2568/2568 1972/2569/2569
f 1972/2569/2569 1485/2568/2568 1484/2570/2570
f 1972/2569/2569 1484/2570/2570 1973/2571/2571
f 1973/2571/2571 1484/2570/2570 1483/2572/2572
f 1973/2571/2571 1483/2572/2572 1974/2573/2573
f 1974/2573/2573 1483/2572/2572 1482/2574/2574
f 1974/2573/2573 1482/2574/2574 1975/2575/2575
f 1975/2575/2575 1482/2574/2574 1976/2576/2576
f 1976/2576/2576 1482/2574/2574 1481/2577/2577
f 1976/2576/2576 1481/2577/2577 1977/2578/2578
f 1977/2578/2578 1481/2577/2577 1480/2579/2579
f 1977/2578/2578 1480/2579/2579 1479/2580/2580
f 1977/2578/2578 1479/2580/2580 1978/2581/2581
f 1978/2581/2581 1479/2580/2580 1478/2582/2582
f 1978/2581/2581 1478/2582/2582 1477/2583/2583
f 1476/2584/2584 1980/2585/2585 1477/2583/2583
f 1477/2583/2583 1980/2585/2585 1979/2586/2586
f 1477/2583/2583 1979/2586/2586 1978/2581/2581
f 1980/2585/2585 1476/2584/2584 1981/2587/2587
f 1981/2587/2587 1476/2584/2584 1475/2588/2588
f 1981/2587/2587 1475/2588/2588 1982/2589/2589
f 1982/2589/2589 1475/2588/2588 1474/2590/2590
f 1982/2589/2589 1474/2590/2590 1473/2591/2591
f 1982/2589/2589 1473/2591/2591 1983/2592/2592
f 1983/2592/2592 1473/2591/2591 1472/2593/2593
f 1983/2592/2592 1472/2593/2593 1984/2594/2594
f 1984/2594/2594 1472/2593/2593 1471/2595/2595
f 1984/2594/2594 1471/2595/2595 1985/2596/2596
f 1985/2596/2596 1471/2595/2595 1470/2597/2597
f 1985/2596/2596 1470/2597/2597 1986/2598/2598
f 1986/2598/2598 1470/2597/2597 1469/2599/2599
f 1986/2598/2598 1469/2599/2599 1987/2600/2600
f 1987/2600/2600 1469/2599/2599 1468/2601/2601
f 1987/2600/2600 1468/2601/2601 1988/2602/2602
f 1988/2602/2602 1468/2601/2601 1467/2603/2603
f 1988/2602/2602 1467/2603/2603 1989/2604/2604
f 1989/2604/2604 1467/2603/2603 1466/2605/2605
f 1989/2604/2604 1466/2605/2605 1990/2606/2606
f 1990/2606/2606 1466/2605/2605 1991/2607/2607
f 1991/2607/2607 1466/2605/2605 1465/2608/2608
f 1991/2607/2607 1465/2608/2608 1992/2609/2609
f 1992/2609/2609 1465/2608/2608 1464/2610/2610
f 1992/2609/2609 1464/2610/2610 1993/2611/2611
f 1993/2611/2611 1464/2610/2610 1463/2612/2612
f 1993/2611/2611 1463/2612/2612 1994/2613/2613
f 1994/2613/2613 1463/2612/2612 1995/2614/2614
f 1995/2614/2614 1463/2612/2612 1462/2615/2615
f 1995/2614/2614 1462/2615/2615 1996/2616/2616
f 1996/2616/2616 1462/2615/2615 1461/2617/2617
f 1996/2616/2616 1461/2617/2617 1997/2618/2618
f 1997/2618/2618 1461/2617/2617 1460/2619/2619
f 1997/2618/2618 1460/2619/2619 1998/2620/2620
f 1998/2620/2620 1460/2619/2619 1459/2621/2621
f 1998/2620/2620 1459/2621/2621 1999/2622/2622
f 1999/2622/2622 1459/2621/2621 1458/2623/2623
f 1999/2622/2622 1458/2623/2623 2000/2624/2624
f 2000/2624/2624 1458/2623/2623 1457/2625/2625
f 2000/2624/2624 1457/2625/2625 2001/2626/2626
f 2001/2626/2626 1457/2625/2625 1456/2627/2627
f 2001/2626/2626 1456/2627/2627 2002/2628/2628
f 2002/2628/2628 1456/2627/2627 1455/2629/2629
f 2002/2628/2628 1455/2629/2629 2003/2630/2630
f 2003/2630/2630 1455/2629/2629 1454/2631/2631
f 2003/2630/2630 1454/2631/2631 2004/2632/2632
f 2004/2632/2632 1454/2631/2631 1453/2633/2633
f 2004/2632/2632 1453/2633/2633 2005/2634/2634
f 2005/2634/2634 1453/2633/2633 1452/2635/2635
f 2005/2634/2634 1452/2635/2635 2006/2636/2636
f 2006/2636/2636 1452/2635/2635 2007/2637/2637
f 2007/2637/2637 1452/2635/2635 1451/2638/2638
f 2007/2637/2637 1451/2638/2638 2008/2639/2639
f 2008/2639/2639 1451/2638/2638 1450/2640/2640
f 2008/2639/2639 1450/2640/2640 2009/2641/2641
f 2009/2641/2641 1450/2640/2640 1449/2642/2642
f 2009/2641/2641 1449/2642/2642 1448/2643/2643
f 2009/2641/2641 1448/2643/2643 2010/2644/2644
f 2010/2644/2644 1448/2643/2643 1447/2645/2645
f 2010/2644/2644 1447/2645/2645 2011/2646/2646
f 2011/2646/2646 1447/2645/2645 2012/2647/2647
f 2012/2647/2647 1447/2645/2645 1446/2648/2648
f 2012/2647/2647 1446/2648/2648 2013/2649/2649
f 2013/2649/2649 1446/2648/2648 1445/2650/2650
f 2013/2649/2649 1445/2650/2650 2014/2651/2651
f 2014/2651/2651 1445/2650/2650 1444/2652/2652
f 2014/2651/2651 1444/2652/2652 2015/2653/2653
f 2015/2653/2653 1444/2652/2652 2016/2654/2654
f 2016/2654/2654 1444/2652/2652 1443/2655/2655
f 2016/2654/2654 1443/2655/2655 2017/2656/2656
f 2017/2656/2656 1443/2655/2655 1442/2657/2657
f 2017/2656/2656 1442/2657/2657 1441/2658/2658
f 2017/2656/2656 1441/2658/2658 2018/2659/2659
f 2018/2659/2659 1441/2658/2658 1440/2660/2660
f 2018/2659/2659 1440/2660/2660 2019/2661/2661
f 2019/2661/2661 1440/2660/2660 1439/2662/2662
f 2019/2661/2661 1439/2662/2662 2020/2663/2663
f 2020/2663/2663 1439/2662/2662 1438/2664/2664
f 2020/2663/2663 1438/2664/2664 2021/2665/2665
f 2021/2665/2665 1438/2664/2664 1437/2666/2666
f 2021/2665/2665 1437/2666/2666 2022/2667/2667
f 2022/2667/2667 1437/2666/2666 1436/2668/2668
f 2022/2667/2667 1436/2668/2668 2023/2669/2669
f 2023/2669/2669 1436/2668/2668 1435/2670/2670
f 2023/2669/2669 1435/2670/2670 2024/2671/2671
f 2024/2671/2671 1435/2670/2670 1434/2672/2672
f 2024/2671/2671 1434/2672/2672 2025/2673/2673
f 2025/2673/2673 1434/2672/2672 1433/2674/2674
f 2025/2673/2673 1433/2674/2674 2026/2675/2675
f 2026/2675/2675 1433/2674/2674 1432/2676/2676
f 2026/2675/2675 1432/2676/2676 2027/2677/2677
f 2027/2677/2677 1432/2676/2676 1431/2678/2678
f 2027/2677/2677 1431/2678/2678 2028/2679/2679
f 2028/2679/2679 1431/2678/2678 1430/2680/2680
f 2028/2679/2679 1430/2680/2680 2029/2681/2681
f 2029/2681/2681 1430/2680/2680 1429/2682/2682
f 2029/2681/2681 1429/2682/2682 1428/2683/2683
f 2029/2681/2681 1428/2683/2683 2030/2684/2684
f 2030/2684/2684 1428/2683/2683 1427/2685/2685
f 2030/2684/2684 1427/2685/2685 2031/2686/2686
f 2031/2686/2686 1427/2685/2685 1426/2687/2687
f 2031/2686/2686 1426/2687/2687 2032/2688/2688
f 2032/2688/2688 1426/2687/2687 1425/2689/2689
f 2032/2688/2688 1425/2689/2689 2033/2690/2690
f 2033/2690/2690 1425/2689/2689 1424/2691/2691
f 2033/2690/2690 1424/2691/2691 2034/2692/2692
f 2034/2692/2692 1424/2691/2691 1423/2693/2693
f 2034/2692/2692 1423/2693/2693 2035/2694/2694
f 2035/2694/2694 1423/2693/2693 1422/2695/2695
f 2035/2694/2694 1422/2695/2695 1421/2696/2696
f 2035/2694/2694 1421/2696/2696 2036/2697/2697
f 2036/2697/2697 1421/2696/2696 1420/2698/2698
f 2036/2697/2697 1420/2698/2698 2037/2699/2699
f 2037/2699/2699 1420/2698/2698 1419/2700/2700
f 2037/2699/2699 1419/2700/2700 2038/2701/2701
f 2038/2701/2701 1419/2700/2700 1418/2702/2702
f 2038/2701/2701 1418/2702/2702 2039/2703/2703
f 2039/2703/2703 1418/2702/2702 1417/2704/2704
f 2039/2703/2703 1417/2704/2704 2040/2705/2705
f 2040/2705/2705 1417/2704/2704 2041/2706/2706
f 2041/2706/2706 1417/2704/2704 1416/2707/2707
f 2041/2706/2706 1416/2707/2707 2042/2708/2708
f 2042/2708/2708 1416/2707/2707 2043/2709/2709
f 2043/2709/2709 1416/2707/2707 1415/2710/2710
f 2043/2709/2709 1415/2710/2710 2044/2711/2711
f 2044/2711/2711 1415/2710/2710 2045/2712/2712
f 2045/2712/2712 1415/2710/2710 1414/2713/2713
f 2045/2712/2712 1414/2713/2713 2046/2714/2714
f 2046/2714/2714 1414/2713/2713 1413/2715/2715
f 2046/2714/2714 1413/2715/2715 2047/2716/2716
f 2047/2716/2716 1413/2715/2715 2048/2717/2717
f 2048/2717/2717 1413/2715/2715 1412/2718/2718
f 2048/2717/2717 1412/2718/2718 2049/2719/2719
f 2049/2719/2719 1412/2718/2718 1411/2720/2720
f 2049/2719/2719 1411/2720/2720 2050/2721/2721
f 2050/2721/2721 1411/2720/2720 1410/2722/2722
f 2050/2721/2721 1410/2722/2722 1409/2723/2723
f 2050/2721/2721 1409/2723/2723 1699/2724/2724
f 1699/2724/2724 1409/2723/2723 1408/2725/2725
f 1699/2724/2724 1408/2725/2725 1393/2726/2726
f 1393/2726/2726 1408/2725/2725 1394/2727/2727
f 1394/2727/2727 1408/2725/2725 1407/2728/2728
f 1394/2727/2727 1407/2728/2728 1406/2729/2729
f 1394/2727/2727 1406/2729/2729 1395/2730/2730
f 1395/2730/2730 1406/2729/2729 1405/2731/2731
f 1395/2730/2730 1405/2731/2731 1396/2732/2732
f 1396/2732/2732 1405/2731/2731 1404/2733/2733
f 1396/2732/2732 1404/2733/2733 1403/2734/2734
f 1396/2732/2732 1403/2734/2734 1397/2735/2735
f 1397/2735/2735 1403/2734/2734 1402/2736/2736
f 1397/2735/2735 1402/2736/2736 1401/2737/2737
f 1401/2737/2737 1400/2738/2738 1397/2735/2735
f 1397/2735/2735 1400/2738/2738 1399/2739/2739
f 1397/2735/2735 1399/2739/2739 1398/2740/2740
f 1393/2726/2726 1392/2741/2741 1699/2724/2724
f 1699/2724/2724 1392/2741/2741 1700/2742/2742
f 1700/2742/2742 1392/2741/2741 1701/2743/2743
f 1701/2743/2743 1392/2741/2741 1391/2744/2744
f 1701/2743/2743 1391/2744/2744 1702/2745/2745
f 1702/2745/2745 1391/2744/2744 1390/2746/2746
f 1702/2745/2745 1390/2746/2746 1703/2747/2747
f 1703/2747/2747 1390/2746/2746 1389/2748/2748
f 1703/2747/2747 1389/2748/2748 1388/2749/2749
f 1703/2747/2747 1388/2749/2749 1704/2750/2750
f 1704/2750/2750 1388/2749/2749 1387/2751/2751
f 1704/2750/2750 1387/2751/2751 1705/2752/2752
f 1705/2752/2752 1387/2751/2751 1386/2753/2753
f 1705/2752/2752 1386/2753/2753 1706/2754/2754
f 1706/2754/2754 1386/2753/2753 1385/2755/2755
f 1706/2754/2754 1385/2755/2755 1384/2756/2756
f 1706/2754/2754 1384/2756/2756 1707/2757/2757
f 1707/2757/2757 1384/2756/2756 1383/2758/2758
f 1707/2757/2757 1383/2758/2758 1382/2759/2759
f 1707/2757/2757 1382/2759/2759 1708/2760/2760
f 1708/2760/2760 1382/2759/2759 1381/2761/2761
f 1708/2760/2760 1381/2761/2761 1709/2762/2762
f 1709/2762/2762 1381/2761/2761 1380/2763/2763
f 1709/2762/2762 1380/2763/2763 1710/2764/2764
f 1710/2764/2764 1380/2763/2763 1379/2765/2765
f 1710/2764/2764 1379/2765/2765 1711/2766/2766
f 1711/2766/2766 1379/2765/2765 1712/2767/2767
f 1712/2767/2767 1379/2765/2765 1378/2768/2768
f 1712/2767/2767 1378/2768/2768 1713/2769/2769
f 1713/2769/2769 1378/2768/2768 1377/2770/2770
f 1713/2769/2769 1377/2770/2770 1376/2771/2771
f 1713/2769/2769 1376/2771/2771 1714/2772/2772
f 1714/2772/2772 1376/2771/2771 1375/2773/2773
f 1714/2772/2772 1375/2773/2773 1715/2774/2774
f 1715/2774/2774 1375/2773/2773 1374/2775/2775
f 1715/2774/2774 1374/2775/2775 1716/2776/2776
f 1716/2776/2776 1374/2775/2775 1373/2777/2777
f 1716/2776/2776 1373/2777/2777 1717/2778/2778
f 1717/2778/2778 1373/2777/2777 1718/2779/2779
f 1718/2779/2779 1373/2777/2777 1372/2780/2780
f 1718/2779/2779 1372/2780/2780 1719/2781/2781
f 1719/2781/2781 1372/2780/2780 1371/2782/2782
f 1719/2781/2781 1371/2782/2782 1720/2783/2783
f 1720/2783/2783 1371/2782/2782 1370/2784/2784
f 1720/2783/2783 1370/2784/2784 1721/2785/2785
f 1721/2785/2785 1370/2784/2784 1369/2786/2786
f 1721/2785/2785 1369/2786/2786 1722/2787/2787
f 1722/2787/2787 1369/2786/2786 1368/2788/2788
f 1722/2787/2787 1368/2788/2788 1723/2789/2789
f 1723/2789/2789 1368/2788/2788 1367/2790/2790
f 1723/2789/2789 1367/2790/2790 1366/2791/2791
f 1723/2789/2789 1366/2791/2791 1724/2792/2792
f 1724/2792/2792 1366/2791/2791 1365/2793/2793
f 1724/2792/2792 1365/2793/2793 1725/2794/2794
f 1725/2794/2794 1365/2793/2793 1364/2795/2795
f 1725/2794/2794 1364/2795/2795 1726/2796/2796
f 1726/2796/2796 1364/2795/2795 1363/2797/2797
f 1726/2796/2796 1363/2797/2797 1727/2798/2798
f 1727/2798/2798 1363/2797/2797 1362/2799/2799
f 1727/2798/2798 1362/2799/2799 1728/2800/2800
f 1728/2800/2800 1362/2799/2799 1361/2801/2801
f 1728/2800/2800 1361/2801/2801 1729/2802/2802
f 1729/2802/2802 1361/2801/2801 1360/2803/2803
f 1729/2802/2802 1360/2803/2803 1730/2804/2804
f 1730/2804/2804 1360/2803/2803 1359/2805/2805
f 1730/2804/2804 1359/2805/2805 1731/2806/2806
f 1731/2806/2806 1359/2805/2805 1358/2807/2807
f 1731/2806/2806 1358/2807/2807 1732/2808/2808
f 1732/2808/2808 1358/2807/2807 1357/2809/2809
f 1732/2808/2808 1357/2809/2809 1733/2810/2810
f 1733/2810/2810 1357/2809/2809 1356/2811/2811
f 1733/2810/2810 1356/2811/2811 1734/2812/2812
f 1734/2812/2812 1356/2811/2811 1355/2813/2813
f 1734/2812/2812 1355/2813/2813 1735/2814/2814
f 1735/2814/2814 1355/2813/2813 1354/2815/2815
f 1735/2814/2814 1354/2815/2815 1736/2816/2816
f 1736/2816/2816 1354/2815/2815 1353/2817/2817
f 1736/2816/2816 1353/2817/2817 1737/2818/2818
f 1737/2818/2818 1353/2817/2817 1352/2819/2819
f 1737/2818/2818 1352/2819/2819 1738/2820/2820
f 1738/2820/2820 1352/2819/2819 1351/2821/2821
f 1738/2820/2820 1351/2821/2821 1739/2822/2822
f 1739/2822/2822 1351/2821/2821 1350/2823/2823
f 1739/2822/2822 1350/2823/2823 1740/2824/2824
f 1740/2824/2824 1350/2823/2823 1349/2825/2825
f 1740/2824/2824 1349/2825/2825 1741/2826/2826
f 1741/2826/2826 1349/2825/2825 1348/2827/2827
f 1741/2826/2826 1348/2827/2827 1742/2828/2828
f 1742/2828/2828 1348/2827/2827 1347/2829/2829
f 1742/2828/2828 1347/2829/2829 1743/2830/2830
f 1743/2830/2830 1347/2829/2829 1346/2831/2831
f 1743/2830/2830 1346/2831/2831 1744/2832/2832
f 1744/2832/2832 1346/2831/2831 1345/2833/2833
f 1744/2832/2832 1345/2833/2833 1745/2834/2834
f 1745/2834/2834 1345/2833/2833 1746/2835/2835
f 1746/2835/2835 1345/2833/2833 1344/2836/2836
f 1746/2835/2835 1344/2836/2836 1747/2837/2837
f 1747/2837/2837 1344/2836/2836 1343/2838/2838
f 1747/2837/2837 1343/2838/2838 1748/2839/2839
f 1748/2839/2839 1343/2838/2838 1342/2840/2840
f 1748/2839/2839 1342/2840/2840 1749/2841/2841
f 1749/2841/2841 1342/2840/2840 1341/2842/2842
f 1749/2841/2841 1341/2842/2842 1750/2843/2843
f 1750/2843/2843 1341/2842/2842 63/2844/2844
f 1750/2843/2843 63/2844/2844 1815/2845/2845
f 1815/2845/2845 63/2844/2844 62/2846/2846
f 1815/2845/2845 62/2846/2846 1816/2847/2847
f 1816/2847/2847 62/2846/2846 61/2848/2848
f 1816/2847/2847 61/2848/2848 1817/2849/2849
f 1817/2849/2849 61/2848/2848 60/2850/2850
f 1817/2849/2849 60/2850/2850 1818/2851/2851
f 1818/2851/2851 60/2850/2850 59/2852/2852
f 1818/2851/2851 59/2852/2852 1819/2853/2853
f 1819/2853/2853 59/2852/2852 58/2854/2854
f 1819/2853/2853 58/2854/2854 1820/2855/2855
f 1820/2855/2855 58/2854/2854 57/2856/2856
f 1820/2855/2855 57/2856/2856 1821/2857/2857
f 1821/2857/2857 57/2856/2856 56/2858/2858
f 1821/2857/2857 56/2858/2858 1822/2859/2859
f 1822/2859/2859 56/2858/2858 55/2860/2860
f 1822/2859/2859 55/2860/2860 1823/2861/2861
f 1823/2861/2861 55/2860/2860 1824/2862/2862
f 1824/2862/2862 55/2860/2860 54/2863/2863
f 1824/2862/2862 54/2863/2863 1825/2864/2864
f 1825/2864/2864 54/2863/2863 53/2865/2865
f 1825/2864/2864 53/2865/2865 1826/2866/2866
f 1826/2866/2866 53/2865/2865 52/2867/2867
f 1826/2866/2866 52/2867/2867 1827/2868/2868
f 1827/2868/2868 52/2867/2867 51/2869/2869
f 1827/2868/2868 51/2869/2869 1828/2870/2870
f 1828/2870/2870 51/2869/2869 50/2871/2871
f 1828/2870/2870 50/2871/2871 1829/2872/2872
f 1829/2872/2872 50/2871/2871 49/2873/2873
f 1829/2872/2872 49/2873/2873 1830/2874/2874
f 1830/2874/2874 49/2873/2873 48/2875/2875
f 1830/2874/2874 48/2875/2875 1831/2876/2876
f 1831/2876/2876 48/2875/2875 47/2877/2877
f 1831/2876/2876 47/2877/2877 1832/2878/2878
f 1832/2878/2878 47/2877/2877 46/2879/2879
f 1832/2878/2878 46/2879/2879 1833/2880/2880
f 1833/2880/2880 46/2879/2879 45/2881/2881
f 1833/2880/2880 45/2881/2881 1834/2882/2882
f 1834/2882/2882 45/2881/2881 44/2883/2883
f 1834/2882/2882 44/2883/2883 43/2884/2884
f 1834/2882/2882 43/2884/2884 1835/2885/2885
f 1835/2885/2885 43/2884/2884 42/2886/2886
f 1835/2885/2885 42/2886/2886 41/2887/2887
f 1835/2885/2885 41/2887/2887 1836/2888/2888
f 1836/2888/2888 41/2887/2887 40/2889/2889
f 1836/2888/2888 40/2889/2889 1837/2890/2890
f 1837/2890/2890 40/2889/2889 39/2891/2891
f 1837/2890/2890 39/2891/2891 1838/2892/2892
f 1838/2892/2892 39/2891/2891 38/2893/2893
f 1838/2892/2892 38/2893/2893 1839/2894/2894
f 1839/2894/2894 38/2893/2893 37/2895/2895
f 1839/2894/2894 37/2895/2895 1840/2896/2896
f 1840/2896/2896 37/2895/2895 36/2897/2897
f 1840/2896/2896 36/2897/2897 1841/2898/2898
f 1841/2898/2898 36/2897/2897 1842/2899/2899
f 1842/2899/2899 36/2897/2897 35/2900/2900
f 1842/2899/2899 35/2900/2900 1843/2901/2901
f 1843/2901/2901 35/2900/2900 34/2902/2902
f 1843/2901/2901 34/2902/2902 1844/2903/2903
f 1844/2903/2903 34/2902/2902 33/2904/2904
f 1844/2903/2903 33/2904/2904 1845/2905/2905
f 1845/2905/2905 33/2904/2904 32/2906/2906
f 1845/2905/2905 32/2906/2906 1846/2907/2907
f 1846/2907/2907 32/2906/2906 31/2908/2908
f 1846/2907/2907 31/2908/2908 1847/2909/2909
f 1847/2909/2909 31/2908/2908 1848/2910/2910
f 1848/2910/2910 31/2908/2908 30/2911/2911
f 1848/2910/2910 30/2911/2911 1849/2912/2912
f 1849/2912/2912 30/2911/2911 29/2913/2913
f 1849/2912/2912 29/2913/2913 1850/2914/2914
f 1850/2914/2914 29/2913/2913 28/2915/2915
f 1850/2914/2914 28/2915/2915 1851/2916/2916
f 1851/2916/2916 28/2915/2915 27/2917/2917
f 1851/2916/2916 27/2917/2917 1852/2918/2918
f 1852/2918/2918 27/2917/2917 26/2919/2919
f 1852/2918/2918 26/2919/2919 1853/2553/2553
f 1853/2553/2553 26/2919/2919 25/2551/2551
f 2051/2920/2920 2052/2921/2921 2080/2922/2922
f 2080/2922/2922 2052/2921/2921 2079/2923/2923
f 2079/2923/2923 2052/2921/2921 2053/2924/2924
f 2079/2923/2923 2053/2924/2924 2078/2925/2925
f 2078/2925/2925 2053/2924/2924 2054/2926/2926
f 2078/2925/2925 2054/2926/2926 2077/2927/2927
f 2077/2927/2927 2054/2926/2926 2055/2928/2928
f 2077/2927/2927 2055/2928/2928 2076/2929/2929
f 2076/2929/2929 2055/2928/2928 2056/2930/2930
f 2076/2929/2929 2056/2930/2930 2075/2931/2931
f 2075/2931/2931 2056/2930/2930 2057/2932/2932
f 2075/2931/2931 2057/2932/2932 2074/2933/2933
f 2074/2933/2933 2057/2932/2932 2058/2934/2934
f 2074/2933/2933 2058/2934/2934 2073/2935/2935
f 2073/2935/2935 2058/2934/2934 2059/2936/2936
f 2073/2935/2935 2059/2936/2936 2072/2937/2937
f 2072/2937/2937 2059/2936/2936 2060/2938/2938
f 2072/2937/2937 2060/2938/2938 2071/2939/2939
f 2071/2939/2939 2060/2938/2938 2061/2940/2940
f 2071/2939/2939 2061/2940/2940 2070/2941/2941
f 2070/2941/2941 2061/2940/2940 2062/2942/2942
f 2070/2941/2941 2062/2942/2942 2069/2943/2943
f 2069/2943/2943 2062/2942/2942 2063/2944/2944
f 2069/2943/2943 2063/2944/2944 2068/2945/2945
f 2068/2945/2945 2063/2944/2944 2064/2946/2946
f 2068/2945/2945 2064/2946/2946 2067/2947/2947
f 2067/2947/2947 2064/2946/2946 2065/2948/2948
f 2067/2947/2947 2065/2948/2948 2066/2949/2949
f 2081/2950/2950 2082/2951/2951 2098/2952/2952
f 2098/2952/2952 2082/2951/2951 2097/2953/2953
f 2097/2953/2953 2082/2951/2951 2083/2954/2954
f 2097/2953/2953 2083/2954/2954 2096/2955/2955
f 2096/2955/2955 2083/2954/2954 2084/2956/2956
f 2096/2955/2955 2084/2956/2956 2095/2957/2957
f 2095/2957/2957 2084/2956/2956 2085/2958/2958
f 2095/2957/2957 2085/2958/2958 2094/2959/2959
f 2094/2959/2959 2085/2958/2958 2086/2960/2960
f 2094/2959/2959 2086/2960/2960 2093/2961/2961
f 2093/2961/2961 2086/2960/2960 2087/2962/2962
f 2093/2961/2961 2087/2962/2962 2092/2963/2963
f 2092/2963/2963 2087/2962/2962 2088/2964/2964
f 2092/2963/2963 2088/2964/2964 2091/2965/2965
f 2091/2965/2965 2088/2964/2964 2089/2966/2966
f 2091/2965/2965 2089/2966/2966 2090/2967/2967
f 2090/2967/2967 2089/2966/2966 2051/2968/2968
f 2090/2967/2967 2051/2968/2968 2080/2969/2969
f 2099/2970/2970 2100/2971/2971 2106/2972/2972
f 2106/2972/2972 2100/2971/2971 2105/2973/2973
f 2105/2973/2973 2100/2971/2971 2101/2974/2974
f 2105/2973/2973 2101/2974/2974 2104/2975/2975
f 2104/2975/2975 2101/2974/2974 2102/2976/2976
f 2104/2975/2975 2102/2976/2976 2103/2977/2977
f 2103/2977/2977 2102/2976/2976 2081/2978/2978
f 2103/2977/2977 2081/2978/2978 2098/2979/2979
f 2107/2980/2980 2108/2981/2981 2218/2982/2982
f 2218/2982/2982 2108/2981/2981 2217/2983/2983
f 2217/2983/2983 2108/2981/2981 2109/2984/2984
f 2217/2983/2983 2109/2984/2984 2216/2985/2985
f 2216/2985/2985 2109/2984/2984 2110/2986/2986
f 2216/2985/2985 2110/2986/2986 2215/2987/2987
f 2215/2987/2987 2110/2986/2986 2111/2988/2988
f 2215/2987/2987 2111/2988/2988 2214/2989/2989
f 2214/2989/2989 2111/2988/2988 2112/2990/2990
f 2214/2989/2989 2112/2990/2990 2213/2991/2991
f 2213/2991/2991 2112/2990/2990 2113/2992/2992
f 2213/2991/2991 2113/2992/2992 2212/2993/2993
f 2212/2993/2993 2113/2992/2992 2114/2994/2994
f 2212/2993/2993 2114/2994/2994 2211/2995/2995
f 2211/2995/2995 2114/2994/2994 2115/2996/2996
f 2211/2995/2995 2115/2996/2996 2210/2997/2997
f 2210/2997/2997 2115/2996/2996 2116/2998/2998
f 2210/2997/2997 2116/2998/2998 2209/2999/2999
f 2209/2999/2999 2116/2998/2998 2117/3000/3000
f 2209/2999/2999 2117/3000/3000 2208/3001/3001
f 2208/3001/3001 2117/3000/3000 2118/3002/3002
f 2208/3001/3001 2118/3002/3002 2207/3003/3003
f 2207/3003/3003 2118/3002/3002 2119/3004/3004
f 2207/3003/3003 2119/3004/3004 2206/3005/3005
f 2206/3005/3005 2119/3004/3004 2120/3006/3006
f 2206/3005/3005 2120/3006/3006 2205/3007/3007
f 2205/3007/3007 2120/3006/3006 2121/3008/3008
f 2205/3007/3007 2121/3008/3008 2204/3009/3009
f 2204/3009/3009 2121/3008/3008 2122/3010/3010
f 2204/3009/3009 2122/3010/3010 2203/3011/3011
f 2203/3011/3011 2122/3010/3010 2123/3012/3012
f 2203/3011/3011 2123/3012/3012 2202/3013/3013
f 2202/3013/3013 2123/3012/3012 2124/3014/3014
f 2202/3013/3013 2124/3014/3014 2201/3015/3015
f 2201/3015/3015 2124/3014/3014 2125/3016/3016
f 2201/3015/3015 2125/3016/3016 2200/3017/3017
f 2200/3017/3017 2125/3016/3016 2126/3018/3018
f 2200/3017/3017 2126/3018/3018 2199/3019/3019
f 2199/3019/3019 2126/3018/3018 2127/3020/3020
f 2199/3019/3019 2127/3020/3020 2198/3021/3021
f 2198/3021/3021 2127/3020/3020 2128/3022/3022
f 2198/3021/3021 2128/3022/3022 2197/3023/3023
f 2197/3023/3023 2128/3022/3022 2129/3024/3024
f 2197/3023/3023 2129/3024/3024 2196/3025/3025
f 2196/3025/3025 2129/3024/3024 2130/3026/3026
f 2196/3025/3025 2130/3026/3026 2195/3027/3027
f 2195/3027/3027 2130/3026/3026 2131/3028/3028
f 2195/3027/3027 2131/3028/3028 2194/3029/3029
f 2194/3029/3029 2131/3028/3028 2132/3030/3030
f 2194/3029/3029 2132/3030/3030 2193/3031/3031
f 2193/3031/3031 2132/3030/3030 2133/3032/3032
f 2193/3031/3031 2133/3032/3032 2192/3033/3033
f 2192/3033/3033 2133/3032/3032 2134/3034/3034
f 2192/3033/3033 2134/3034/3034 2191/3035/3035
f 2191/3035/3035 2134/3034/3034 2135/3036/3036
f 2191/3035/3035 2135/3036/3036 2190/3037/3037
f 2190/3037/3037 2135/3036/3036 2136/3038/3038
f 2190/3037/3037 2136/3038/3038 2189/3039/3039
f 2189/3039/3039 2136/3038/3038 2137/3040/3040
f 2189/3039/3039 2137/3040/3040 2188/3041/3041
f 2188/3041/3041 2137/3040/3040 2138/3042/3042
f 2188/3041/3041 2138/3042/3042 2187/3043/3043
f 2187/3043/3043 2138/3042/3042 2139/3044/3044
f 2187/3043/3043 2139/3044/3044 2140/3045/3045
f 2140/3045/3045 2141/3046/3046 2187/3043/3043
f 2187/3043/3043 2141/3046/3046 2142/3047/3047
f 2187/3043/3043 2142/3047/3047 2143/3048/3048
f 2144/3049/3049 2182/3050/3050 2143/3048/3048
f 2143/3048/3048 2182/3050/3050 2183/3051/3051
f 2143/3048/3048 2183/3051/3051 2184/3052/3052
f 2182/3050/3050 2144/3049/3049 2181/3053/3053
f 2181/3053/3053 2144/3049/3049 2145/3054/3054
f 2181/3053/3053 2145/3054/3054 2180/3055/3055
f 2180/3055/3055 2145/3054/3054 2146/3056/3056
f 2180/3055/3055 2146/3056/3056 2179/3057/3057
f 2179/3057/3057 2146/3056/3056 2147/3058/3058
f 2179/3057/3057 2147/3058/3058 2178/3059/3059
f 2178/3059/3059 2147/3058/3058 2148/3060/3060
f 2178/3059/3059 2148/3060/3060 2177/3061/3061
f 2177/3061/3061 2148/3060/3060 2149/3062/3062
f 2177/3061/3061 2149/3062/3062 2176/3063/3063
f 2176/3063/3063 2149/3062/3062 2150/3064/3064
f 2176/3063/3063 2150/3064/3064 2175/3065/3065
f 2175/3065/3065 2150/3064/3064 2151/3066/3066
f 2175/3065/3065 2151/3066/3066 2174/3067/3067
f 2174/3067/3067 2151/3066/3066 2152/3068/3068
f 2174/3067/3067 2152/3068/3068 2173/3069/3069
f 2173/3069/3069 2152/3068/3068 2153/3070/3070
f 2173/3069/3069 2153/3070/3070 2172/3071/3071
f 2172/3071/3071 2153/3070/3070 2154/3072/3072
f 2172/3071/3071 2154/3072/3072 2171/3073/3073
f 2171/3073/3073 2154/3072/3072 2155/3074/3074
f 2171/3073/3073 2155/3074/3074 2170/3075/3075
f 2170/3075/3075 2155/3074/3074 2156/3076/3076
f 2170/3075/3075 2156/3076/3076 2169/3077/3077
f 2169/3077/3077 2156/3076/3076 2157/3078/3078
f 2169/3077/3077 2157/3078/3078 2168/3079/3079
f 2168/3079/3079 2157/3078/3078 2158/3080/3080
f 2168/3079/3079 2158/3080/3080 2167/3081/3081
f 2167/3081/3081 2158/3080/3080 2159/3082/3082
f 2167/3081/3081 2159/3082/3082 2166/3083/3083
f 2166/3083/3083 2159/3082/3082 2160/3084/3084
f 2166/3083/3083 2160/3084/3084 2165/3085/3085
f 2165/3085/3085 2160/3084/3084 2161/3086/3086
f 2165/3085/3085 2161/3086/3086 2164/3087/3087
f 2164/3087/3087 2161/3086/3086 2162/3088/3088
f 2164/3087/3087 2162/3088/3088 2163/3089/3089
f 2163/3089/3089 2162/3088/3088 2099/3090/3090
f 2163/3089/3089 2099/3090/3090 2106/3091/3091
f 2184/3052/3052 2185/3092/3092 2143/3048/3048
f 2143/3048/3048 2185/3092/3092 2186/3093/3093
f 2143/3048/3048 2186/3093/3093 2187/3043/3043
f 2219/3094/3094 2220/3095/3095 2310/3096/3096
f 2310/3096/3096 2220/3095/3095 2309/3097/3097
f 2309/3097/3097 2220/3095/3095 2221/3098/3098
f 2309/3097/3097 2221/3098/3098 2308/3099/3099
f 2308/3099/3099 2221/3098/3098 2222/3100/3100
f 2308/3099/3099 2222/3100/3100 2307/3101/3101
f 2307/3101/3101 2222/3100/3100 2223/3102/3102
f 2307/3101/3101 2223/3102/3102 2306/3103/3103
f 2306/3103/3103 2223/3102/3102 2224/3104/3104
f 2306/3103/3103 2224/3104/3104 2305/3105/3105
f 2305/3105/3105 2224/3104/3104 2225/3106/3106
f 2305/3105/3105 2225/3106/3106 2304/3107/3107
f 2304/3107/3107 2225/3106/3106 2226/3108/3108
f 2304/3107/3107 2226/3108/3108 2303/3109/3109
f 2303/3109/3109 2226/3108/3108 2227/3110/3110
f 2303/3109/3109 2227/3110/3110 2302/3111/3111
f 2302/3111/3111 2227/3110/3110 2228/3112/3112
f 2302/3111/3111 2228/3112/3112 2301/3113/3113
f 2301/3113/3113 2228/3112/3112 2229/3114/3114
f 2301/3113/3113 2229/3114/3114 2300/3115/3115
f 2300/3115/3115 2229/3114/3114 2230/3116/3116
f 2300/3115/3115 2230/3116/3116 2299/3117/3117
f 2299/3117/3117 2230/3116/3116 2231/3118/3118
f 2299/3117/3117 2231/3118/3118 2298/3119/3119
f 2298/3119/3119 2231/3118/3118 2232/3120/3120
f 2298/3119/3119 2232/3120/3120 2297/3121/3121
f 2297/3121/3121 2232/3120/3120 2233/3122/3122
f 2297/3121/3121 2233/3122/3122 2296/3123/3123
f 2296/3123/3123 2233/3122/3122 2234/3124/3124
f 2296/3123/3123 2234/3124/3124 2295/3125/3125
f 2295/3125/3125 2234/3124/3124 2235/3126/3126
f 2295/3125/3125 2235/3126/3126 2294/3127/3127
f 2294/3127/3127 2235/3126/3126 2236/3128/3128
f 2294/3127/3127 2236/3128/3128 2293/3129/3129
f 2293/3129/3129 2236/3128/3128 2237/3130/3130
f 2293/3129/3129 2237/3130/3130 2292/3131/3131
f 2292/3131/3131 2237/3130/3130 2238/3132/3132
f 2292/3131/3131 2238/3132/3132 2291/3133/3133
f 2291/3133/3133 2238/3132/3132 2239/3134/3134
f 2291/3133/3133 2239/3134/3134 2290/3135/3135
f 2290/3135/3135 2239/3134/3134 2240/3136/3136
f 2290/3135/3135 2240/3136/3136 2289/3137/3137
f 2289/3137/3137 2240/3136/3136 2241/3138/3138
f 2289/3137/3137 2241/3138/3138 2288/3139/3139
f 2288/3139/3139 2241/3138/3138 2242/3140/3140
f 2288/3139/3139 2242/3140/3140 2287/3141/3141
f 2287/3141/3141 2242/3140/3140 2243/3142/3142
f 2287/3141/3141 2243/3142/3142 2286/3143/3143
f 2286/3143/3143 2243/3142/3142 2244/3144/3144
f 2286/3143/3143 2244/3144/3144 2285/3145/3145
f 2285/3145/3145 2244/3144/3144 2245/3146/3146
f 2285/3145/3145 2245/3146/3146 2284/3147/3147
f 2284/3147/3147 2245/3146/3146 2246/3148/3148
f 2284/3147/3147 2246/3148/3148 2283/3149/3149
f 2283/3149/3149 2246/3148/3148 2247/3150/3150
f 2283/3149/3149 2247/3150/3150 2282/3151/3151
f 2282/3151/3151 2247/3150/3150 2248/3152/3152
f 2282/3151/3151 2248/3152/3152 2281/3153/3153
f 2281/3153/3153 2248/3152/3152 2249/3154/3154
f 2281/3153/3153 2249/3154/3154 2280/3155/3155
f 2280/3155/3155 2249/3154/3154 2250/3156/3156
f 2280/3155/3155 2250/3156/3156 2279/3157/3157
f 2279/3157/3157 2250/3156/3156 2251/3158/3158
f 2279/3157/3157 2251/3158/3158 2278/3159/3159
f 2278/3159/3159 2251/3158/3158 2252/3160/3160
f 2278/3159/3159 2252/3160/3160 2277/3161/3161
f 2277/3161/3161 2252/3160/3160 2253/3162/3162
f 2277/3161/3161 2253/3162/3162 2276/3163/3163
f 2276/3163/3163 2253/3162/3162 2254/3164/3164
f 2276/3163/3163 2254/3164/3164 2275/3165/3165
f 2275/3165/3165 2254/3164/3164 2255/3166/3166
f 2275/3165/3165 2255/3166/3166 2274/3167/3167
f 2274/3167/3167 2255/3166/3166 2256/3168/3168
f 2274/3167/3167 2256/3168/3168 2273/3169/3169
f 2273/3169/3169 2256/3168/3168 2257/3170/3170
f 2273/3169/3169 2257/3170/3170 2272/3171/3171
f 2272/3171/3171 2257/3170/3170 2258/3172/3172
f 2272/3171/3171 2258/3172/3172 2271/3173/3173
f 2271/3173/3173 2258/3172/3172 2259/3174/3174
f 2271/3173/3173 2259/3174/3174 2270/3175/3175
f 2270/3175/3175 2259/3174/3174 2260/3176/3176
f 2270/3175/3175 2260/3176/3176 2269/3177/3177
f 2269/3177/3177 2260/3176/3176 2261/3178/3178
f 2269/3177/3177 2261/3178/3178 2268/3179/3179
f 2268/3179/3179 2261/3178/3178 2262/3180/3180
f 2268/3179/3179 2262/3180/3180 2267/3181/3181
f 2267/3181/3181 2262/3180/3180 2263/3182/3182
f 2267/3181/3181 2263/3182/3182 2266/3183/3183
f 2266/3183/3183 2263/3182/3182 2264/3184/3184
f 2266/3183/3183 2264/3184/3184 2265/3185/3185
f 2265/3185/3185 2264/3184/3184 2107/3186/3186
f 2265/3185/3185 2107/3186/3186 2218/3187/3187
f 2311/3188/3188 2312/3189/3189 2390/3190/3190
f 2390/3190/3190 2312/3189/3189 2389/3191/3191
f 2389/3191/3191 2312/3189/3189 2313/3192/3192
f 2389/3191/3191 2313/3192/3192 2388/3193/3193
f 2388/3193/3193 2313/3192/3192 2314/3194/3194
f 2388/3193/3193 2314/3194/3194 2387/3195/3195
f 2387/3195/3195 2314/3194/3194 2315/3196/3196
f 2387/3195/3195 2315/3196/3196 2386/3197/3197
f 2386/3197/3197 2315/3196/3196 2316/3198/3198
f 2386/3197/3197 2316/3198/3198 2385/3199/3199
f 2385/3199/3199 2316/3198/3198 2317/3200/3200
f 2385/3199/3199 2317/3200/3200 2384/3201/3201
f 2384/3201/3201 2317/3200/3200 2318/3202/3202
f 2384/3201/3201 2318/3202/3202 2383/3203/3203
f 2383/3203/3203 2318/3202/3202 2319/3204/3204
f 2383/3203/3203 2319/3204/3204 2382/3205/3205
f 2382/3205/3205 2319/3204/3204 2320/3206/3206
f 2382/3205/3205 2320/3206/3206 2381/3207/3207
f 2381/3207/3207 2320/3206/3206 2321/3208/3208
f 2381/3207/3207 2321/3208/3208 2380/3209/3209
f 2380/3209/3209 2321/3208/3208 2322/3210/3210
f 2380/3209/3209 2322/3210/3210 2379/3211/3211
f 2379/3211/3211 2322/3210/3210 2323/3212/3212
f 2379/3211/3211 2323/3212/3212 2378/3213/3213
f 2378/3213/3213 2323/3212/3212 2324/3214/3214
f 2378/3213/3213 2324/3214/3214 2377/3215/3215
f 2377/3215/3215 2324/3214/3214 2325/3216/3216
f 2377/3215/3215 2325/3216/3216 2376/3217/3217
f 2376/3217/3217 2325/3216/3216 2326/3218/3218
f 2376/3217/3217 2326/3218/3218 2375/3219/3219
f 2375/3219/3219 2326/3218/3218 2327/3220/3220
f 2375/3219/3219 2327/3220/3220 2374/3221/3221
f 2374/3221/3221 2327/3220/3220 2328/3222/3222
f 2374/3221/3221 2328/3222/3222 2373/3223/3223
f 2373/3223/3223 2328/3222/3222 2329/3224/3224
f 2373/3223/3223 2329/3224/3224 2372/3225/3225
f 2372/3225/3225 2329/3224/3224 2330/3226/3226
f 2372/3225/3225 2330/3226/3226 2371/3227/3227
f 2371/3227/3227 2330/3226/3226 2331/3228/3228
f 2371/3227/3227 2331/3228/3228 2370/3229/3229
f 2370/3229/3229 2331/3228/3228 2332/3230/3230
f 2370/3229/3229 2332/3230/3230 2369/3231/3231
f 2369/3231/3231 2332/3230/3230 2333/3232/3232
f 2369/3231/3231 2333/3232/3232 2368/3233/3233
f 2368/3233/3233 2333/3232/3232 2334/3234/3234
f 2368/3233/3233 2334/3234/3234 2367/3235/3235
f 2367/3235/3235 2334/3234/3234 2335/3236/3236
f 2367/3235/3235 2335/3236/3236 2366/3237/3237
f 2366/3237/3237 2335/3236/3236 2336/3238/3238
f 2366/3237/3237 2336/3238/3238 2365/3239/3239
f 2365/3239/3239 2336/3238/3238 2337/3240/3240
f 2365/3239/3239 2337/3240/3240 2364/3241/3241
f 2364/3241/3241 2337/3240/3240 2338/3242/3242
f 2364/3241/3241 2338/3242/3242 2363/3243/3243
f 2363/3243/3243 2338/3242/3242 2339/3244/3244
f 2363/3243/3243 2339/3244/3244 2362/3245/3245
f 2362/3245/3245 2339/3244/3244 2340/3246/3246
f 2362/3245/3245 2340/3246/3246 2361/3247/3247
f 2361/3247/3247 2340/3246/3246 2341/3248/3248
f 2361/3247/3247 2341/3248/3248 2360/3249/3249
f 2360/3249/3249 2341/3248/3248 2342/3250/3250
f 2360/3249/3249 2342/3250/3250 2359/3251/3251
f 2359/3251/3251 2342/3250/3250 2343/3252/3252
f 2359/3251/3251 2343/3252/3252 2358/3253/3253
f 2358/3253/3253 2343/3252/3252 2344/3254/3254
f 2358/3253/3253 2344/3254/3254 2357/3255/3255
f 2357/3255/3255 2344/3254/3254 2345/3256/3256
f 2357/3255/3255 2345/3256/3256 2356/3257/3257
f 2356/3257/3257 2345/3256/3256 2346/3258/3258
f 2356/3257/3257 2346/3258/3258 2355/3259/3259
f 2355/3259/3259 2346/3258/3258 2347/3260/3260
f 2355/3259/3259 2347/3260/3260 2354/3261/3261
f 2354/3261/3261 2347/3260/3260 2348/3262/3262
f 2354/3261/3261 2348/3262/3262 2353/3263/3263
f 2353/3263/3263 2348/3262/3262 2349/3264/3264
f 2353/3263/3263 2349/3264/3264 2352/3265/3265
f 2352/3265/3265 2349/3264/3264 2350/3266/3266
f 2352/3265/3265 2350/3266/3266 2351/3267/3267
f 2351/3267/3267 2350/3266/3266 2219/3268/3268
f 2351/3267/3267 2219/3268/3268 2310/3269/3269
f 2391/3270/3270 2392/3271/3271 2400/3272/3272
f 2400/3272/3272 2392/3271/3271 2399/3273/3273
f 2399/3273/3273 2392/3271/3271 2393/3274/3274
f 2399/3273/3273 2393/3274/3274 2398/3275/3275
f 2398/3275/3275 2393/3274/3274 2394/3276/3276
f 2398/3275/3275 2394/3276/3276 2397/3277/3277
f 2397/3277/3277 2394/3276/3276 2395/3278/3278
f 2397/3277/3277 2395/3278/3278 2396/3279/3279
f 2396/3279/3279 2395/3278/3278 2311/3280/3280
f 2396/3279/3279 2311/3280/3280 2390/3281/3281
f 2065/3282/3282 2401/3283/3283 2066/3284/3284
f 2066/3284/3284 2401/3283/3283 2406/3285/3285
f 2406/3285/3285 2401/3283/3283 2402/3286/3286
f 2406/3285/3285 2402/3286/3286 2405/3287/3287
f 2405/3287/3287 2402/3286/3286 2403/3288/3288
f 2405/3287/3287 2403/3288/3288 2404/3289/3289
f 2404/3289/3289 2403/3288/3288 2391/3290/3290
f 2404/3289/3289 2391/3290/3290 2400/3291/3291
f 1698/3292/3292 1697/3293/3293 1879/3294/3294
f 1879/3294/3294 1697/3293/3293 1696/3295/3295
f 1879/3294/3294 1696/3295/3295 1695/3296/3296
f 1694/3297/3297 1881/3298/3298 1695/3296/3296
f 1695/3296/3296 1881/3298/3298 1880/3299/3299
f 1695/3296/3296 1880/3299/3299 1879/3294/3294
f 1693/3300/3300 1883/3301/3301 1694/3297/3297
f 1694/3297/3297 1883/3301/3301 1882/3302/3302
f 1694/3297/3297 1882/3302/3302 1881/3298/3298
f 1692/3303/3303 1885/3304/3304 1693/3300/3300
f 1693/3300/3300 1885/3304/3304 1884/3305/3305
f 1693/3300/3300 1884/3305/3305 1883/3301/3301
f 1691/3306/3306 2218/3307/3307 1692/3303/3303
f 1692/3303/3303 2218/3307/3307 1887/3308/3308
f 1692/3303/3303 1887/3308/3308 1886/3309/3309
f 2218/3307/3307 1691/3306/3306 2265/3310/3310
f 2265/3310/3310 1691/3306/3306 1690/3311/3311
f 2265/3310/3310 1690/3311/3311 2266/3312/3312
f 2266/3312/3312 1690/3311/3311 1689/3313/3313
f 2266/3312/3312 1689/3313/3313 2267/3314/3314
f 2267/3314/3314 1689/3313/3313 1688/3315/3315
f 2267/3314/3314 1688/3315/3315 2268/3316/3316
f 2268/3316/3316 1688/3315/3315 1687/3317/3317
f 2268/3316/3316 1687/3317/3317 2269/3318/3318
f 2269/3318/3318 1687/3317/3317 1686/3319/3319
f 2269/3318/3318 1686/3319/3319 2270/3320/3320
f 2270/3320/3320 1686/3319/3319 1685/3321/3321
f 2270/3320/3320 1685/3321/3321 2271/3322/3322
f 2271/3322/3322 1685/3321/3321 2272/3323/3323
f 2272/3323/3323 1685/3321/3321 1684/3324/3324
f 2272/3323/3323 1684/3324/3324 2273/3325/3325
f 2273/3325/3325 1684/3324/3324 1683/3326/3326
f 2273/3325/3325 1683/3326/3326 2274/3327/3327
f 2274/3327/3327 1683/3326/3326 2275/3328/3328
f 2275/3328/3328 1683/3326/3326 1682/3329/3329
f 2275/3328/3328 1682/3329/3329 1681/3330/3330
f 2275/3328/3328 1681/3330/3330 2276/3331/3331
f 2276/3331/3331 1681/3330/3330 1680/3332/3332
f 2276/3331/3331 1680/3332/3332 2277/3333/3333
f 2277/3333/3333 1680/3332/3332 1679/3334/3334
f 2277/3333/3333 1679/3334/3334 1678/3335/3335
f 2277/3333/3333 1678/3335/3335 2278/3336/3336
f 2278/3336/3336 1678/3335/3335 1677/3337/3337
f 2278/3336/3336 1677/3337/3337 1676/3338/3338
f 2278/3336/3336 1676/3338/3338 2279/3339/3339
f 2279/3339/3339 1676/3338/3338 1675/3340/3340
f 2279/3339/3339 1675/3340/3340 2280/3341/3341
f 2280/3341/3341 1675/3340/3340 1674/3342/3342
f 2280/3341/3341 1674/3342/3342 2281/3343/3343
f 2281/3343/3343 1674/3342/3342 1673/3344/3344
f 2281/3343/3343 1673/3344/3344 2282/3345/3345
f 2282/3345/3345 1673/3344/3344 1672/3346/3346
f 2282/3345/3345 1672/3346/3346 2283/3347/3347
f 2283/3347/3347 1672/3346/3346 1671/3348/3348
f 2283/3347/3347 1671/3348/3348 2284/3349/3349
f 2284/3349/3349 1671/3348/3348 1670/3350/3350
f 2284/3349/3349 1670/3350/3350 2285/3351/3351
f 2285/3351/3351 1670/3350/3350 1669/3352/3352
f 2285/3351/3351 1669/3352/3352 2286/3353/3353
f 2286/3353/3353 1669/3352/3352 1668/3354/3354
f 2286/3353/3353 1668/3354/3354 2287/3355/3355
f 2287/3355/3355 1668/3354/3354 1667/3356/3356
f 2287/3355/3355 1667/3356/3356 2288/3357/3357
f 2288/3357/3357 1667/3356/3356 2289/3358/3358
f 2289/3358/3358 1667/3356/3356 1666/3359/3359
f 2289/3358/3358 1666/3359/3359 2290/3360/3360
f 2290/3360/3360 1666/3359/3359 1665/3361/3361
f 2290/3360/3360 1665/3361/3361 2291/3362/3362
f 2291/3362/3362 1665/3361/3361 1664/3363/3363
f 2291/3362/3362 1664/3363/3363 2292/3364/3364
f 2292/3364/3364 1664/3363/3363 1663/3365/3365
f 2292/3364/3364 1663/3365/3365 2293/3366/3366
f 2293/3366/3366 1663/3365/3365 1662/3367/3367
f 2293/3366/3366 1662/3367/3367 2294/3368/3368
f 2294/3368/3368 1662/3367/3367 1661/3369/3369
f 2294/3368/3368 1661/3369/3369 1660/3370/3370
f 1659/3371/3371 2296/3372/3372 1660/3370/3370
f 1660/3370/3370 2296/3372/3372 2295/3373/3373
f 1660/3370/3370 2295/3373/3373 2294/3368/3368
f 2296/3372/3372 1659/3371/3371 2297/3374/3374
f 2297/3374/3374 1659/3371/3371 1658/3375/3375
f 2297/3374/3374 1658/3375/3375 2298/3376/3376
f 2298/3376/3376 1658/3375/3375 1657/3377/3377
f 2298/3376/3376 1657/3377/3377 2299/3378/3378
f 2299/3378/3378 1657/3377/3377 1656/3379/3379
f 2299/3378/3378 1656/3379/3379 2300/3380/3380
f 2300/3380/3380 1656/3379/3379 1655/3381/3381
f 2300/3380/3380 1655/3381/3381 2301/3382/3382
f 2301/3382/3382 1655/3381/3381 1654/3383/3383
f 2301/3382/3382 1654/3383/3383 2302/3384/3384
f 2302/3384/3384 1654/3383/3383 2303/3385/3385
f 2303/3385/3385 1654/3383/3383 1653/3386/3386
f 2303/3385/3385 1653/3386/3386 2304/3387/3387
f 2304/3387/3387 1653/3386/3386 1652/3388/3388
f 2304/3387/3387 1652/3388/3388 2305/3389/3389
f 2305/3389/3389 1652/3388/3388 1651/3390/3390
f 2305/3389/3389 1651/3390/3390 1650/3391/3391
f 1649/3392/3392 2307/3393/3393 1650/3391/3391
f 1650/3391/3391 2307/3393/3393 2306/3394/3394
f 1650/3391/3391 2306/3394/3394 2305/3389/3389
f 2307/3393/3393 1649/3392/3392 2308/3395/3395
f 2308/3395/3395 1649/3392/3392 1648/3396/3396
f 2308/3395/3395 1648/3396/3396 2309/3397/3397
f 2309/3397/3397 1648/3396/3396 2310/3398/3398
f 2310/3398/3398 1648/3396/3396 1647/3399/3399
f 2310/3398/3398 1647/3399/3399 2351/3400/3400
f 2351/3400/3400 1647/3399/3399 1814/3401/3401
f 2351/3400/3400 1814/3401/3401 2352/3402/3402
f 2352/3402/3402 1814/3401/3401 1813/3403/3403
f 2352/3402/3402 1813/3403/3403 2353/3404/3404
f 2353/3404/3404 1813/3403/3403 2354/3405/3405
f 2354/3405/3405 1813/3403/3403 1812/3406/3406
f 2354/3405/3405 1812/3406/3406 1811/3407/3407
f 2354/3405/3405 1811/3407/3407 2355/3408/3408
f 2355/3408/3408 1811/3407/3407 1810/3409/3409
f 2355/3408/3408 1810/3409/3409 1809/3410/3410
f 2355/3408/3408 1809/3410/3410 2356/3411/3411
f 2356/3411/3411 1809/3410/3410 1808/3412/3412
f 2356/3411/3411 1808/3412/3412 2357/3413/3413
f 2357/3413/3413 1808/3412/3412 2358/3414/3414
f 2358/3414/3414 1808/3412/3412 1807/3415/3415
f 2358/3414/3414 1807/3415/3415 2359/3416/3416
f 2359/3416/3416 1807/3415/3415 1806/3417/3417
f 2359/3416/3416 1806/3417/3417 2360/3418/3418
f 2360/3418/3418 1806/3417/3417 1805/3419/3419
f 2360/3418/3418 1805/3419/3419 2361/3420/3420
f 2361/3420/3420 1805/3419/3419 2362/3421/3421
f 2362/3421/3421 1805/3419/3419 1804/3422/3422
f 2362/3421/3421 1804/3422/3422 2363/3423/3423
f 2363/3423/3423 1804/3422/3422 1803/3424/3424
f 2363/3423/3423 1803/3424/3424 2364/3425/3425
f 2364/3425/3425 1803/3424/3424 1802/3426/3426
f 2364/3425/3425 1802/3426/3426 2365/3427/3427
f 2365/3427/3427 1802/3426/3426 1801/3428/3428
f 2365/3427/3427 1801/3428/3428 2366/3429/3429
f 2366/3429/3429 1801/3428/3428 1800/3430/3430
f 2366/3429/3429 1800/3430/3430 2367/3431/3431
f 2367/3431/3431 1800/3430/3430 1799/3432/3432
f 2367/3431/3431 1799/3432/3432 2368/3433/3433
f 2368/3433/3433 1799/3432/3432 1798/3434/3434
f 2368/3433/3433 1798/3434/3434 2369/3435/3435
f 2369/3435/3435 1798/3434/3434 1797/3436/3436
f 2369/3435/3435 1797/3436/3436 2370/3437/3437
f 2370/3437/3437 1797/3436/3436 1796/3438/3438
f 2370/3437/3437 1796/3438/3438 2371/3439/3439
f 2371/3439/3439 1796/3438/3438 2372/3440/3440
f 2372/3440/3440 1796/3438/3438 1795/3441/3441
f 2372/3440/3440 1795/3441/3441 2373/3442/3442
f 2373/3442/3442 1795/3441/3441 1794/3443/3443
f 2373/3442/3442 1794/3443/3443 2374/3444/3444
f 2374/3444/3444 1794/3443/3443 2375/3445/3445
f 2375/3445/3445 1794/3443/3443 2376/3446/3446
f 2376/3446/3446 1794/3443/3443 1793/3447/3447
f 2376/3446/3446 1793/3447/3447 2377/3448/3448
f 2377/3448/3448 1793/3447/3447 2378/3449/3449
f 2378/3449/3449 1793/3447/3447 1792/3450/3450
f 2378/3449/3449 1792/3450/3450 2379/3451/3451
f 2379/3451/3451 1792/3450/3450 2380/3452/3452
f 2380/3452/3452 1792/3450/3450 1791/3453/3453
f 2380/3452/3452 1791/3453/3453 2381/3454/3454
f 2381/3454/3454 1791/3453/3453 1790/3455/3455
f 2381/3454/3454 1790/3455/3455 2382/3456/3456
f 2382/3456/3456 1790/3455/3455 1789/3457/3457
f 2382/3456/3456 1789/3457/3457 2383/3458/3458
f 2383/3458/3458 1789/3457/3457 1788/3459/3459
f 2383/3458/3458 1788/3459/3459 2384/3460/3460
f 2384/3460/3460 1788/3459/3459 1787/3461/3461
f 2384/3460/3460 1787/3461/3461 2385/3462/3462
f 2385/3462/3462 1787/3461/3461 2386/3463/3463
f 2386/3463/3463 1787/3461/3461 2387/3464/3464
f 2387/3464/3464 1787/3461/3461 2388/3465/3465
f 2388/3465/3465 1787/3461/3461 1786/3466/3466
f 2388/3465/3465 1786/3466/3466 2389/3467/3467
f 2389/3467/3467 1786/3466/3466 1785/3468/3468
f 2389/3467/3467 1785/3468/3468 2390/3469/3469
f 2390/3469/3469 1785/3468/3468 1784/3470/3470
f 2390/3469/3469 1784/3470/3470 1783/3471/3471
f 1783/3471/3471 1782/3472/3472 2390/3469/3469
f 2390/3469/3469 1782/3472/3472 2396/3473/3473
f 2396/3473/3473 1782/3472/3472 2397/3474/3474
f 2397/3474/3474 1782/3472/3472 1781/3475/3475
f 2397/3474/3474 1781/3475/3475 2398/3476/3476
f 2398/3476/3476 1781/3475/3475 1780/3477/3477
f 2398/3476/3476 1780/3477/3477 1779/3478/3478
f 2398/3476/3476 1779/3478/3478 2399/3479/3479
f 2399/3479/3479 1779/3478/3478 1778/3480/3480
f 2399/3479/3479 1778/3480/3480 2400/3481/3481
f 2400/3481/3481 1778/3480/3480 1777/3482/3482
f 2400/3481/3481 1777/3482/3482 1776/3483/3483
f 2400/3481/3481 1776/3483/3483 1773/3484/3484
f 1773/3484/3484 1776/3483/3483 1775/3485/3485
f 1773/3484/3484 1775/3485/3485 1774/3486/3486
f 1773/3484/3484 1772/3487/3487 2400/3481/3481
f 2400/3481/3481 1772/3487/3487 1771/3488/3488
f 2400/3481/3481 1771/3488/3488 2404/3489/3489
f 2404/3489/3489 1771/3488/3488 1770/3490/3490
f 2404/3489/3489 1770/3490/3490 2405/3491/3491
f 2405/3491/3491 1770/3490/3490 1769/3492/3492
f 2405/3491/3491 1769/3492/3492 2406/3493/3493
f 2406/3493/3493 1769/3492/3492 1768/3494/3494
f 2406/3493/3493 1768/3494/3494 2066/3495/3495
f 2066/3495/3495 1768/3494/3494 1767/3496/3496
f 2066/3495/3495 1767/3496/3496 1766/3497/3497
f 1765/3498/3498 1764/3499/3499 1766/3497/3497
f 1766/3497/3497 1764/3499/3499 2066/3495/3495
f 1764/3499/3499 1763/3500/3500 2066/3495/3495
f 2066/3495/3495 1763/3500/3500 1762/3501/3501
f 2066/3495/3495 1762/3501/3501 2067/3502/3502
f 2067/3502/3502 1762/3501/3501 1761/3503/3503
f 2067/3502/3502 1761/3503/3503 2068/3504/3504
f 2068/3504/3504 1761/3503/3503 2069/3505/3505
f 2069/3505/3505 1761/3503/3503 2070/3506/3506
f 2070/3506/3506 1761/3503/3503 1760/3507/3507
f 2070/3506/3506 1760/3507/3507 2071/3508/3508
f 2071/3508/3508 1760/3507/3507 1759/3509/3509
f 2071/3508/3508 1759/3509/3509 2072/3510/3510
f 2072/3510/3510 1759/3509/3509 1758/3511/3511
f 2072/3510/3510 1758/3511/3511 2073/3512/3512
f 2073/3512/3512 1758/3511/3511 2074/3513/3513
f 2074/3513/3513 1758/3511/3511 1757/3514/3514
f 2074/3513/3513 1757/3514/3514 2075/3515/3515
f 2075/3515/3515 1757/3514/3514 1756/3516/3516
f 2075/3515/3515 1756/3516/3516 2076/3517/3517
f 2076/3517/3517 1756/3516/3516 1755/3518/3518
f 2076/3517/3517 1755/3518/3518 2077/3519/3519
f 2077/3519/3519 1755/3518/3518 1754/3520/3520
f 2077/3519/3519 1754/3520/3520 1753/3521/3521
f 2077/3519/3519 1753/3521/3521 2078/3522/3522
f 2078/3522/3522 1753/3521/3521 1752/3523/3523
f 2078/3522/3522 1752/3523/3523 1751/3524/3524
f 2078/3522/3522 1751/3524/3524 2079/3525/3525
f 2079/3525/3525 1751/3524/3524 1964/3526/3526
f 2079/3525/3525 1964/3526/3526 2080/3527/3527
f 2080/3527/3527 1964/3526/3526 1963/3528/3528
f 2080/3527/3527 1963/3528/3528 2090/3529/3529
f 2090/3529/3529 1963/3528/3528 1962/3530/3530
f 2090/3529/3529 1962/3530/3530 2091/3531/3531
f 2091/3531/3531 1962/3530/3530 1961/3532/3532
f 2091/3531/3531 1961/3532/3532 2092/3533/3533
f 2092/3533/3533 1961/3532/3532 2093/3534/3534
f 2093/3534/3534 1961/3532/3532 1960/3535/3535
f 2093/3534/3534 1960/3535/3535 2094/3536/3536
f 2094/3536/3536 1960/3535/3535 2095/3537/3537
f 2095/3537/3537 1960/3535/3535 1959/3538/3538
f 2095/3537/3537 1959/3538/3538 2096/3539/3539
f 2096/3539/3539 1959/3538/3538 1958/3540/3540
f 2096/3539/3539 1958/3540/3540 2097/3541/3541
f 2097/3541/3541 1958/3540/3540 1957/3542/3542
f 2097/3541/3541 1957/3542/3542 2098/3543/3543
f 2098/3543/3543 1957/3542/3542 1956/3544/3544
f 2098/3543/3543 1956/3544/3544 1955/3545/3545
f 2098/3543/3543 1955/3545/3545 1948/3546/3546
f 1948/3546/3546 1955/3545/3545 1954/3547/3547
f 1948/3546/3546 1954/3547/3547 1949/3548/3548
f 1949/3548/3548 1954/3547/3547 1953/3549/3549
f 1949/3548/3548 1953/3549/3549 1950/3550/3550
f 1950/3550/3550 1953/3549/3549 1951/3551/3551
f 1951/3551/3551 1953/3549/3549 1952/3552/3552
f 1948/3546/3546 1947/3553/3553 2098/3543/3543
f 2098/3543/3543 1947/3553/3553 1946/3554/3554
f 2098/3543/3543 1946/3554/3554 2103/3555/3555
f 2103/3555/3555 1946/3554/3554 2104/3556/3556
f 2104/3556/3556 1946/3554/3554 1945/3557/3557
f 2104/3556/3556 1945/3557/3557 2105/3558/3558
f 2105/3558/3558 1945/3557/3557 1944/3559/3559
f 2105/3558/3558 1944/3559/3559 2106/3560/3560
f 2106/3560/3560 1944/3559/3559 1943/3561/3561
f 2106/3560/3560 1943/3561/3561 1942/3562/3562
f 1942/3562/3562 1941/3563/3563 2106/3560/3560
f 2106/3560/3560 1941/3563/3563 1940/3564/3564
f 2106/3560/3560 1940/3564/3564 1939/3565/3565
f 1939/3565/3565 1938/3566/3566 2106/3560/3560
f 2106/3560/3560 1938/3566/3566 1937/3567/3567
f 2106/3560/3560 1937/3567/3567 1936/3568/3568
f 2106/3560/3560 1936/3568/3568 2163/3569/3569
f 2163/3569/3569 1936/3568/3568 1935/3570/3570
f 2163/3569/3569 1935/3570/3570 2164/3571/3571
f 2164/3571/3571 1935/3570/3570 1934/3572/3572
f 2164/3571/3571 1934/3572/3572 2165/3573/3573
f 2165/3573/3573 1934/3572/3572 1933/3574/3574
f 2165/3573/3573 1933/3574/3574 2166/3575/3575
f 2166/3575/3575 1933/3574/3574 1932/3576/3576
f 2166/3575/3575 1932/3576/3576 2167/3577/3577
f 2167/3577/3577 1932/3576/3576 1931/3578/3578
f 2167/3577/3577 1931/3578/3578 2168/3579/3579
f 2168/3579/3579 1931/3578/3578 1930/3580/3580
f 2168/3579/3579 1930/3580/3580 1929/3581/3581
f 2168/3579/3579 1929/3581/3581 2169/3582/3582
f 2169/3582/3582 1929/3581/3581 1928/3583/3583
f 2169/3582/3582 1928/3583/3583 2170/3584/3584
f 2170/3584/3584 1928/3583/3583 1927/3585/3585
f 2170/3584/3584 1927/3585/3585 2171/3586/3586
f 2171/3586/3586 1927/3585/3585 1926/3587/3587
f 2171/3586/3586 1926/3587/3587 2172/3588/3588
f 2172/3588/3588 1926/3587/3587 2173/3589/3589
f 2173/3589/3589 1926/3587/3587 1925/3590/3590
f 2173/3589/3589 1925/3590/3590 2174/3591/3591
f 2174/3591/3591 1925/3590/3590 1924/3592/3592
f 2174/3591/3591 1924/3592/3592 2175/3593/3593
f 2175/3593/3593 1924/3592/3592 1923/3594/3594
f 2175/3593/3593 1923/3594/3594 2176/3595/3595
f 2176/3595/3595 1923/3594/3594 1922/3596/3596
f 2176/3595/3595 1922/3596/3596 2177/3597/3597
f 2177/3597/3597 1922/3596/3596 1921/3598/3598
f 2177/3597/3597 1921/3598/3598 2178/3599/3599
f 2178/3599/3599 1921/3598/3598 1920/3600/3600
f 2178/3599/3599 1920/3600/3600 2179/3601/3601
f 2179/3601/3601 1920/3600/3600 1919/3602/3602
f 2179/3601/3601 1919/3602/3602 2180/3603/3603
f 2180/3603/3603 1919/3602/3602 2181/3604/3604
f 2181/3604/3604 1919/3602/3602 1918/3605/3605
f 2181/3604/3604 1918/3605/3605 2182/3606/3606
f 2182/3606/3606 1918/3605/3605 1917/3607/3607
f 2182/3606/3606 1917/3607/3607 1916/3608/3608
f 2182/3606/3606 1916/3608/3608 2183/3609/3609
f 2183/3609/3609 1916/3608/3608 1915/3610/3610
f 2183/3609/3609 1915/3610/3610 2184/3611/3611
f 2184/3611/3611 1915/3610/3610 1914/3612/3612
f 2184/3611/3611 1914/3612/3612 2185/3613/3613
f 2185/3613/3613 1914/3612/3612 1913/3614/3614
f 2185/3613/3613 1913/3614/3614 2186/3615/3615
f 2186/3615/3615 1913/3614/3614 1912/3616/3616
f 2186/3615/3615 1912/3616/3616 2187/3617/3617
f 2187/3617/3617 1912/3616/3616 1911/3618/3618
f 2187/3617/3617 1911/3618/3618 2188/3619/3619
f 2188/3619/3619 1911/3618/3618 1910/3620/3620
f 2188/3619/3619 1910/3620/3620 2189/3621/3621
f 2189/3621/3621 1910/3620/3620 2190/3622/3622
f 2190/3622/3622 1910/3620/3620 1909/3623/3623
f 2190/3622/3622 1909/3623/3623 2191/3624/3624
f 2191/3624/3624 1909/3623/3623 1908/3625/3625
f 2191/3624/3624 1908/3625/3625 2192/3626/3626
f 2192/3626/3626 1908/3625/3625 1907/3627/3627
f 2192/3626/3626 1907/3627/3627 2193/3628/3628
f 2193/3628/3628 1907/3627/3627 2194/3629/3629
f 2194/3629/3629 1907/3627/3627 1906/3630/3630
f 2194/3629/3629 1906/3630/3630 2195/3631/3631
f 2195/3631/3631 1906/3630/3630 1905/3632/3632
f 2195/3631/3631 1905/3632/3632 2196/3633/3633
f 2196/3633/3633 1905/3632/3632 1904/3634/3634
f 2196/3633/3633 1904/3634/3634 2197/3635/3635
f 2197/3635/3635 1904/3634/3634 2198/3636/3636
f 2198/3636/3636 1904/3634/3634 1903/3637/3637
f 2198/3636/3636 1903/3637/3637 2199/3638/3638
f 2199/3638/3638 1903/3637/3637 1902/3639/3639
f 2199/3638/3638 1902/3639/3639 2200/3640/3640
f 2200/3640/3640 1902/3639/3639 2201/3641/3641
f 2201/3641/3641 1902/3639/3639 1901/3642/3642
f 2201/3641/3641 1901/3642/3642 2202/3643/3643
f 2202/3643/3643 1901/3642/3642 1900/3644/3644
f 2202/3643/3643 1900/3644/3644 2203/3645/3645
f 2203/3645/3645 1900/3644/3644 1899/3646/3646
f 2203/3645/3645 1899/3646/3646 2204/3647/3647
f 2204/3647/3647 1899/3646/3646 1898/3648/3648
f 2204/3647/3647 1898/3648/3648 2205/3649/3649
f 2205/3649/3649 1898/3648/3648 2206/3650/3650
f 2206/3650/3650 1898/3648/3648 1897/3651/3651
f 2206/3650/3650 1897/3651/3651 2207/3652/3652
f 2207/3652/3652 1897/3651/3651 1896/3653/3653
f 2207/3652/3652 1896/3653/3653 2208/3654/3654
f 2208/3654/3654 1896/3653/3653 1895/3655/3655
f 2208/3654/3654 1895/3655/3655 2209/3656/3656
f 2209/3656/3656 1895/3655/3655 1894/3657/3657
f 2209/3656/3656 1894/3657/3657 2210/3658/3658
f 2210/3658/3658 1894/3657/3657 2211/3659/3659
f 2211/3659/3659 1894/3657/3657 1893/3660/3660
f 2211/3659/3659 1893/3660/3660 2212/3661/3661
f 2212/3661/3661 1893/3660/3660 1892/3662/3662
f 2212/3661/3661 1892/3662/3662 2213/3663/3663
f 2213/3663/3663 1892/3662/3662 1891/3664/3664
f 2213/3663/3663 1891/3664/3664 2214/3665/3665
f 2214/3665/3665 1891/3664/3664 1890/3666/3666
f 2214/3665/3665 1890/3666/3666 2215/3667/3667
f 2215/3667/3667 1890/3666/3666 2216/3668/3668
f 2216/3668/3668 1890/3666/3666 1889/3669/3669
f 2216/3668/3668 1889/3669/3669 2217/3670/3670
f 2217/3670/3670 1889/3669/3669 1888/3671/3671
f 2217/3670/3670 1888/3671/3671 2218/3307/3307
f 2218/3307/3307 1888/3671/3671 1887/3308/3308
f 1886/3309/3309 1885/3304/3304 1692/3303/3303
f 127/3672/3672 722/3673/3673 128/3674/3674
f 128/3674/3674 722/3673/3673 2219/3675/3675
f 128/3674/3674 2219/3675/3675 2350/3676/3676
f 2219/3675/3675 722/3673/3673 2220/3677/3677
f 2220/3677/3677 722/3673/3673 721/3678/3678
f 2220/3677/3677 721/3678/3678 2221/3679/3679
f 2221/3679/3679 721/3678/3678 2222/3680/3680
f 2222/3680/3680 721/3678/3678 720/3681/3681
f 2222/3680/3680 720/3681/3681 2223/3682/3682
f 2223/3682/3682 720/3681/3681 719/3683/3683
f 2223/3682/3682 719/3683/3683 2224/3684/3684
f 2224/3684/3684 719/3683/3683 718/3685/3685
f 2224/3684/3684 718/3685/3685 2225/3686/3686
f 2225/3686/3686 718/3685/3685 717/3687/3687
f 2225/3686/3686 717/3687/3687 2226/3688/3688
f 2226/3688/3688 717/3687/3687 2227/3689/3689
f 2227/3689/3689 717/3687/3687 716/3690/3690
f 2227/3689/3689 716/3690/3690 2228/3691/3691
f 2228/3691/3691 716/3690/3690 715/3692/3692
f 2228/3691/3691 715/3692/3692 2229/3693/3693
f 2229/3693/3693 715/3692/3692 2230/3694/3694
f 2230/3694/3694 715/3692/3692 714/3695/3695
f 2230/3694/3694 714/3695/3695 2231/3696/3696
f 2231/3696/3696 714/3695/3695 713/3697/3697
f 2231/3696/3696 713/3697/3697 712/3698/3698
f 711/3699/3699 2233/3700/3700 712/3698/3698
f 712/3698/3698 2233/3700/3700 2232/3701/3701
f 712/3698/3698 2232/3701/3701 2231/3696/3696
f 2233/3700/3700 711/3699/3699 2234/3702/3702
f 2234/3702/3702 711/3699/3699 710/3703/3703
f 2234/3702/3702 710/3703/3703 2235/3704/3704
f 2235/3704/3704 710/3703/3703 709/3705/3705
f 2235/3704/3704 709/3705/3705 2236/3706/3706
f 2236/3706/3706 709/3705/3705 708/3707/3707
f 2236/3706/3706 708/3707/3707 2237/3708/3708
f 2237/3708/3708 708/3707/3707 707/3709/3709
f 2237/3708/3708 707/3709/3709 2238/3710/3710
f 2238/3710/3710 707/3709/3709 706/3711/3711
f 2238/3710/3710 706/3711/3711 705/3712/3712
f 2238/3710/3710 705/3712/3712 2239/3713/3713
f 2239/3713/3713 705/3712/3712 704/3714/3714
f 2239/3713/3713 704/3714/3714 2240/3715/3715
f 2240/3715/3715 704/3714/3714 2241/3716/3716
f 2241/3716/3716 704/3714/3714 703/3717/3717
f 2241/3716/3716 703/3717/3717 2242/3718/3718
f 2242/3718/3718 703/3717/3717 702/3719/3719
f 2242/3718/3718 702/3719/3719 2243/3720/3720
f 2243/3720/3720 702/3719/3719 701/3721/3721
f 2243/3720/3720 701/3721/3721 2244/3722/3722
f 2244/3722/3722 701/3721/3721 2245/3723/3723
f 2245/3723/3723 701/3721/3721 700/3724/3724
f 2245/3723/3723 700/3724/3724 2246/3725/3725
f 2246/3725/3725 700/3724/3724 699/3726/3726
f 2246/3725/3725 699/3726/3726 2247/3727/3727
f 2247/3727/3727 699/3726/3726 698/3728/3728
f 2247/3727/3727 698/3728/3728 2248/3729/3729
f 2248/3729/3729 698/3728/3728 697/3730/3730
f 2248/3729/3729 697/3730/3730 2249/3731/3731
f 2249/3731/3731 697/3730/3730 696/3732/3732
f 2249/3731/3731 696/3732/3732 695/3733/3733
f 2249/3731/3731 695/3733/3733 2250/3734/3734
f 2250/3734/3734 695/3733/3733 694/3735/3735
f 2250/3734/3734 694/3735/3735 693/3736/3736
f 2250/3734/3734 693/3736/3736 2251/3737/3737
f 2251/3737/3737 693/3736/3736 692/3738/3738
f 2251/3737/3737 692/3738/3738 691/3739/3739
f 2251/3737/3737 691/3739/3739 2252/3740/3740
f 2252/3740/3740 691/3739/3739 690/3741/3741
f 2252/3740/3740 690/3741/3741 2253/3742/3742
f 2253/3742/3742 690/3741/3741 689/3743/3743
f 2253/3742/3742 689/3743/3743 2254/3744/3744
f 2254/3744/3744 689/3743/3743 688/3745/3745
f 2254/3744/3744 688/3745/3745 2255/3746/3746
f 2255/3746/3746 688/3745/3745 687/3747/3747
f 2255/3746/3746 687/3747/3747 2256/3748/3748
f 2256/3748/3748 687/3747/3747 686/3749/3749
f 2256/3748/3748 686/3749/3749 2257/3750/3750
f 2257/3750/3750 686/3749/3749 685/3751/3751
f 2257/3750/3750 685/3751/3751 2258/3752/3752
f 2258/3752/3752 685/3751/3751 2259/3753/3753
f 2259/3753/3753 685/3751/3751 684/3754/3754
f 2259/3753/3753 684/3754/3754 2260/3755/3755
f 2260/3755/3755 684/3754/3754 683/3756/3756
f 2260/3755/3755 683/3756/3756 2261/3757/3757
f 2261/3757/3757 683/3756/3756 2262/3758/3758
f 2262/3758/3758 683/3756/3756 682/3759/3759
f 2262/3758/3758 682/3759/3759 2263/3760/3760
f 2263/3760/3760 682/3759/3759 681/3761/3761
f 2263/3760/3760 681/3761/3761 680/3762/3762
f 2263/3760/3760 680/3762/3762 2264/3763/3763
f 2264/3763/3763 680/3762/3762 679/3764/3764
f 2264/3763/3763 679/3764/3764 2107/3765/3765
f 2107/3765/3765 679/3764/3764 678/3766/3766
f 2107/3765/3765 678/3766/3766 677/3767/3767
f 676/3768/3768 645/3769/3769 677/3767/3767
f 677/3767/3767 645/3769/3769 644/3770/3770
f 677/3767/3767 644/3770/3770 2107/3765/3765
f 2107/3765/3765 644/3770/3770 643/3771/3771
f 2107/3765/3765 643/3771/3771 2108/3772/3772
f 2108/3772/3772 643/3771/3771 2109/3773/3773
f 2109/3773/3773 643/3771/3771 2110/3774/3774
f 2110/3774/3774 643/3771/3771 642/3775/3775
f 2110/3774/3774 642/3775/3775 2111/3776/3776
f 2111/3776/3776 642/3775/3775 2112/3777/3777
f 2112/3777/3777 642/3775/3775 641/3778/3778
f 2112/3777/3777 641/3778/3778 2113/3779/3779
f 2113/3779/3779 641/3778/3778 640/3780/3780
f 2113/3779/3779 640/3780/3780 639/3781/3781
f 645/3769/3769 676/3768/3768 646/3782/3782
f 646/3782/3782 676/3768/3768 675/3783/3783
f 646/3782/3782 675/3783/3783 647/3784/3784
f 647/3784/3784 675/3783/3783 674/3785/3785
f 647/3784/3784 674/3785/3785 648/3786/3786
f 648/3786/3786 674/3785/3785 673/3787/3787
f 648/3786/3786 673/3787/3787 649/3788/3788
f 649/3788/3788 673/3787/3787 672/3789/3789
f 649/3788/3788 672/3789/3789 650/3790/3790
f 650/3790/3790 672/3789/3789 671/3791/3791
f 650/3790/3790 671/3791/3791 651/3792/3792
f 651/3792/3792 671/3791/3791 670/3793/3793
f 651/3792/3792 670/3793/3793 652/3794/3794
f 652/3794/3794 670/3793/3793 669/3795/3795
f 652/3794/3794 669/3795/3795 653/3796/3796
f 653/3796/3796 669/3795/3795 654/3797/3797
f 654/3797/3797 669/3795/3795 668/3798/3798
f 654/3797/3797 668/3798/3798 655/3799/3799
f 655/3799/3799 668/3798/3798 656/3800/3800
f 656/3800/3800 668/3798/3798 657/3801/3801
f 657/3801/3801 668/3798/3798 667/3802/3802
f 657/3801/3801 667/3802/3802 658/3803/3803
f 658/3803/3803 667/3802/3802 659/3804/3804
f 659/3804/3804 667/3802/3802 660/3805/3805
f 660/3805/3805 667/3802/3802 661/3806/3806
f 661/3806/3806 667/3802/3802 662/3807/3807
f 662/3807/3807 667/3802/3802 663/3808/3808
f 663/3808/3808 667/3802/3802 664/3809/3809
f 664/3809/3809 667/3802/3802 665/3810/3810
f 665/3810/3810 667/3802/3802 666/3811/3811
f 2113/3779/3779 639/3781/3781 2114/3812/3812
f 2114/3812/3812 639/3781/3781 638/3813/3813
f 2114/3812/3812 638/3813/3813 2115/3814/3814
f 2115/3814/3814 638/3813/3813 637/3815/3815
f 2115/3814/3814 637/3815/3815 2116/3816/3816
f 2116/3816/3816 637/3815/3815 2117/3817/3817
f 2117/3817/3817 637/3815/3815 636/3818/3818
f 2117/3817/3817 636/3818/3818 2118/3819/3819
f 2118/3819/3819 636/3818/3818 635/3820/3820
f 2118/3819/3819 635/3820/3820 2119/3821/3821
f 2119/3821/3821 635/3820/3820 634/3822/3822
f 2119/3821/3821 634/3822/3822 2120/3823/3823
f 2120/3823/3823 634/3822/3822 633/3824/3824
f 2120/3823/3823 633/3824/3824 2121/3825/3825
f 2121/3825/3825 633/3824/3824 632/3826/3826
f 2121/3825/3825 632/3826/3826 2122/3827/3827
f 2122/3827/3827 632/3826/3826 631/3828/3828
f 2122/3827/3827 631/3828/3828 2123/3829/3829
f 2123/3829/3829 631/3828/3828 630/3830/3830
f 2123/3829/3829 630/3830/3830 2124/3831/3831
f 2124/3831/3831 630/3830/3830 629/3832/3832
f 2124/3831/3831 629/3832/3832 2125/3833/3833
f 2125/3833/3833 629/3832/3832 628/3834/3834
f 2125/3833/3833 628/3834/3834 2126/3835/3835
f 2126/3835/3835 628/3834/3834 627/3836/3836
f 2126/3835/3835 627/3836/3836 2127/3837/3837
f 2127/3837/3837 627/3836/3836 2128/3838/3838
f 2128/3838/3838 627/3836/3836 626/3839/3839
f 2128/3838/3838 626/3839/3839 2129/3840/3840
f 2129/3840/3840 626/3839/3839 2130/3841/3841
f 2130/3841/3841 626/3839/3839 625/3842/3842
f 2130/3841/3841 625/3842/3842 2131/3843/3843
f 2131/3843/3843 625/3842/3842 624/3844/3844
f 2131/3843/3843 624/3844/3844 2132/3845/3845
f 2132/3845/3845 624/3844/3844 623/3846/3846
f 2132/3845/3845 623/3846/3846 2133/3847/3847
f 2133/3847/3847 623/3846/3846 622/3848/3848
f 2133/3847/3847 622/3848/3848 2134/3849/3849
f 2134/3849/3849 622/3848/3848 621/3850/3850
f 2134/3849/3849 621/3850/3850 2135/3851/3851
f 2135/3851/3851 621/3850/3850 2136/3852/3852
f 2136/3852/3852 621/3850/3850 620/3853/3853
f 2136/3852/3852 620/3853/3853 2137/3854/3854
f 2137/3854/3854 620/3853/3853 619/3855/3855
f 2137/3854/3854 619/3855/3855 2138/3856/3856
f 2138/3856/3856 619/3855/3855 618/3857/3857
f 2138/3856/3856 618/3857/3857 617/3858/3858
f 2138/3856/3856 617/3858/3858 2139/3859/3859
f 2139/3859/3859 617/3858/3858 616/3860/3860
f 2139/3859/3859 616/3860/3860 2140/3861/3861
f 2140/3861/3861 616/3860/3860 2141/3862/3862
f 2141/3862/3862 616/3860/3860 615/3863/3863
f 2141/3862/3862 615/3863/3863 614/3864/3864
f 2141/3862/3862 614/3864/3864 2142/3865/3865
f 2142/3865/3865 614/3864/3864 613/3866/3866
f 2142/3865/3865 613/3866/3866 612/3867/3867
f 2142/3865/3865 612/3867/3867 2143/3868/3868
f 2143/3868/3868 612/3867/3867 611/3869/3869
f 2143/3868/3868 611/3869/3869 2144/3870/3870
f 2144/3870/3870 611/3869/3869 610/3871/3871
f 2144/3870/3870 610/3871/3871 2145/3872/3872
f 2145/3872/3872 610/3871/3871 2146/3873/3873
f 2146/3873/3873 610/3871/3871 609/3874/3874
f 2146/3873/3873 609/3874/3874 2147/3875/3875
f 2147/3875/3875 609/3874/3874 608/3876/3876
f 2147/3875/3875 608/3876/3876 607/3877/3877
f 2147/3875/3875 607/3877/3877 2148/3878/3878
f 2148/3878/3878 607/3877/3877 606/3879/3879
f 2148/3878/3878 606/3879/3879 2149/3880/3880
f 2149/3880/3880 606/3879/3879 2150/3881/3881
f 2150/3881/3881 606/3879/3879 605/3882/3882
f 2150/3881/3881 605/3882/3882 2151/3883/3883
f 2151/3883/3883 605/3882/3882 2152/3884/3884
f 2152/3884/3884 605/3882/3882 604/3885/3885
f 2152/3884/3884 604/3885/3885 2153/3886/3886
f 2153/3886/3886 604/3885/3885 2154/3887/3887
f 2154/3887/3887 604/3885/3885 603/3888/3888
f 2154/3887/3887 603/3888/3888 2155/3889/3889
f 2155/3889/3889 603/3888/3888 602/3890/3890
f 2155/3889/3889 602/3890/3890 2156/3891/3891
f 2156/3891/3891 602/3890/3890 601/3892/3892
f 2156/3891/3891 601/3892/3892 2157/3893/3893
f 2157/3893/3893 601/3892/3892 600/3894/3894
f 2157/3893/3893 600/3894/3894 599/3895/3895
f 2157/3893/3893 599/3895/3895 2158/3896/3896
f 2158/3896/3896 599/3895/3895 598/3897/3897
f 2158/3896/3896 598/3897/3897 2159/3898/3898
f 2159/3898/3898 598/3897/3897 597/3899/3899
f 2159/3898/3898 597/3899/3899 2160/3900/3900
f 2160/3900/3900 597/3899/3899 596/3901/3901
f 2160/3900/3900 596/3901/3901 2161/3902/3902
f 2161/3902/3902 596/3901/3901 595/3903/3903
f 2161/3902/3902 595/3903/3903 2162/3904/3904
f 2162/3904/3904 595/3903/3903 594/3905/3905
f 2162/3904/3904 594/3905/3905 2099/3906/3906
f 2099/3906/3906 594/3905/3905 593/3907/3907
f 2099/3906/3906 593/3907/3907 592/3908/3908
f 592/3908/3908 591/3909/3909 2099/3906/3906
f 2099/3906/3906 591/3909/3909 590/3910/3910
f 2099/3906/3906 590/3910/3910 589/3911/3911
f 2099/3906/3906 589/3911/3911 2100/3912/3912
f 2100/3912/3912 589/3911/3911 588/3913/3913
f 2100/3912/3912 588/3913/3913 2101/3914/3914
f 2101/3914/3914 588/3913/3913 2102/3915/3915
f 2102/3915/3915 588/3913/3913 587/3916/3916
f 2102/3915/3915 587/3916/3916 2081/3917/3917
f 2081/3917/3917 587/3916/3916 586/3918/3918
f 2081/3917/3917 586/3918/3918 578/3919/3919
f 578/3919/3919 586/3918/3918 579/3920/3920
f 579/3920/3920 586/3918/3918 585/3921/3921
f 579/3920/3920 585/3921/3921 580/3922/3922
f 580/3922/3922 585/3921/3921 584/3923/3923
f 580/3922/3922 584/3923/3923 581/3924/3924
f 581/3924/3924 584/3923/3923 582/3925/3925
f 582/3925/3925 584/3923/3923 583/3926/3926
f 578/3919/3919 577/3927/3927 2081/3917/3917
f 2081/3917/3917 577/3927/3927 576/3928/3928
f 2081/3917/3917 576/3928/3928 2082/3929/3929
f 2082/3929/3929 576/3928/3928 575/3930/3930
f 2082/3929/3929 575/3930/3930 2083/3931/3931
f 2083/3931/3931 575/3930/3930 574/3932/3932
f 2083/3931/3931 574/3932/3932 573/3933/3933
f 2083/3931/3931 573/3933/3933 2084/3934/3934
f 2084/3934/3934 573/3933/3933 572/3935/3935
f 2084/3934/3934 572/3935/3935 2085/3936/3936
f 2085/3936/3936 572/3935/3935 2086/3937/3937
f 2086/3937/3937 572/3935/3935 2087/3938/3938
f 2087/3938/3938 572/3935/3935 571/3939/3939
f 2087/3938/3938 571/3939/3939 2088/3940/3940
f 2088/3940/3940 571/3939/3939 2089/3941/3941
f 2089/3941/3941 571/3939/3939 570/3942/3942
f 2089/3941/3941 570/3942/3942 2051/3943/3943
f 2051/3943/3943 570/3942/3942 569/3944/3944
f 2051/3943/3943 569/3944/3944 2052/3945/3945
f 2052/3945/3945 569/3944/3944 568/3946/3946
f 2052/3945/3945 568/3946/3946 2053/3947/3947
f 2053/3947/3947 568/3946/3946 567/3948/3948
f 2053/3947/3947 567/3948/3948 190/3949/3949
f 190/3949/3949 567/3948/3948 191/3950/3950
f 190/3949/3949 189/3951/3951 2053/3947/3947
f 2053/3947/3947 189/3951/3951 2054/3952/3952
f 2054/3952/3952 189/3951/3951 188/3953/3953
f 2054/3952/3952 188/3953/3953 187/3954/3954
f 187/3954/3954 186/3955/3955 2054/3952/3952
f 2054/3952/3952 186/3955/3955 2055/3956/3956
f 2055/3956/3956 186/3955/3955 185/3957/3957
f 2055/3956/3956 185/3957/3957 2056/3958/3958
f 2056/3958/3958 185/3957/3957 184/3959/3959
f 2056/3958/3958 184/3959/3959 2057/3960/3960
f 2057/3960/3960 184/3959/3959 183/3961/3961
f 2057/3960/3960 183/3961/3961 2058/3962/3962
f 2058/3962/3962 183/3961/3961 182/3963/3963
f 2058/3962/3962 182/3963/3963 2059/3964/3964
f 2059/3964/3964 182/3963/3963 181/3965/3965
f 2059/3964/3964 181/3965/3965 2060/3966/3966
f 2060/3966/3966 181/3965/3965 180/3967/3967
f 2060/3966/3966 180/3967/3967 2061/3968/3968
f 2061/3968/3968 180/3967/3967 179/3969/3969
f 2061/3968/3968 179/3969/3969 2062/3970/3970
f 2062/3970/3970 179/3969/3969 2063/3971/3971
f 2063/3971/3971 179/3969/3969 2064/3972/3972
f 2064/3972/3972 179/3969/3969 178/3973/3973
f 2064/3972/3972 178/3973/3973 2065/3974/3974
f 2065/3974/3974 178/3973/3973 177/3975/3975
f 2065/3974/3974 177/3975/3975 176/3976/3976
f 176/3976/3976 175/3977/3977 2065/3974/3974
f 2065/3974/3974 175/3977/3977 174/3978/3978
f 2065/3974/3974 174/3978/3978 2401/3979/3979
f 2401/3979/3979 174/3978/3978 173/3980/3980
f 2401/3979/3979 173/3980/3980 2402/3981/3981
f 2402/3981/3981 173/3980/3980 172/3982/3982
f 2402/3981/3981 172/3982/3982 2403/3983/3983
f 2403/3983/3983 172/3982/3982 171/3984/3984
f 2403/3983/3983 171/3984/3984 2391/3985/3985
f 2391/3985/3985 171/3984/3984 170/3986/3986
f 2391/3985/3985 170/3986/3986 169/3987/3987
f 169/3987/3987 168/3988/3988 2391/3985/3985
f 2391/3985/3985 168/3988/3988 167/3989/3989
f 2391/3985/3985 167/3989/3989 166/3990/3990
f 166/3990/3990 165/3991/3991 2391/3985/3985
f 2391/3985/3985 165/3991/3991 2392/3992/3992
f 2392/3992/3992 165/3991/3991 164/3993/3993
f 2392/3992/3992 164/3993/3993 2393/3994/3994
f 2393/3994/3994 164/3993/3993 163/3995/3995
f 2393/3994/3994 163/3995/3995 162/3996/3996
f 2393/3994/3994 162/3996/3996 2394/3997/3997
f 2394/3997/3997 162/3996/3996 161/3998/3998
f 2394/3997/3997 161/3998/3998 2395/3999/3999
f 2395/3999/3999 161/3998/3998 2311/4000/4000
f 2311/4000/4000 161/3998/3998 160/4001/4001
f 2311/4000/4000 160/4001/4001 159/4002/4002
f 159/4002/4002 158/4003/4003 2311/4000/4000
f 2311/4000/4000 158/4003/4003 2312/4004/4004
f 2312/4004/4004 158/4003/4003 157/4005/4005
f 2312/4004/4004 157/4005/4005 2313/4006/4006
f 2313/4006/4006 157/4005/4005 2314/4007/4007
f 2314/4007/4007 157/4005/4005 2315/4008/4008
f 2315/4008/4008 157/4005/4005 156/4009/4009
f 2315/4008/4008 156/4009/4009 2316/4010/4010
f 2316/4010/4010 156/4009/4009 2317/4011/4011
f 2317/4011/4011 156/4009/4009 2318/4012/4012
f 2318/4012/4012 156/4009/4009 155/4013/4013
f 2318/4012/4012 155/4013/4013 2319/4014/4014
f 2319/4014/4014 155/4013/4013 154/4015/4015
f 2319/4014/4014 154/4015/4015 2320/4016/4016
f 2320/4016/4016 154/4015/4015 153/4017/4017
f 2320/4016/4016 153/4017/4017 2321/4018/4018
f 2321/4018/4018 153/4017/4017 152/4019/4019
f 2321/4018/4018 152/4019/4019 2322/4020/4020
f 2322/4020/4020 152/4019/4019 2323/4021/4021
f 2323/4021/4021 152/4019/4019 151/4022/4022
f 2323/4021/4021 151/4022/4022 150/4023/4023
f 149/4024/4024 2325/4025/4025 150/4023/4023
f 150/4023/4023 2325/4025/4025 2324/4026/4026
f 150/4023/4023 2324/4026/4026 2323/4021/4021
f 148/4027/4027 2327/4028/4028 149/4024/4024
f 149/4024/4024 2327/4028/4028 2326/4029/4029
f 149/4024/4024 2326/4029/4029 2325/4025/4025
f 2327/4028/4028 148/4027/4027 2328/4030/4030
f 2328/4030/4030 148/4027/4027 147/4031/4031
f 2328/4030/4030 147/4031/4031 2329/4032/4032
f 2329/4032/4032 147/4031/4031 146/4033/4033
f 2329/4032/4032 146/4033/4033 2330/4034/4034
f 2330/4034/4034 146/4033/4033 2331/4035/4035
f 2331/4035/4035 146/4033/4033 145/4036/4036
f 2331/4035/4035 145/4036/4036 2332/4037/4037
f 2332/4037/4037 145/4036/4036 144/4038/4038
f 2332/4037/4037 144/4038/4038 2333/4039/4039
f 2333/4039/4039 144/4038/4038 143/4040/4040
f 2333/4039/4039 143/4040/4040 2334/4041/4041
f 2334/4041/4041 143/4040/4040 142/4042/4042
f 2334/4041/4041 142/4042/4042 2335/4043/4043
f 2335/4043/4043 142/4042/4042 141/4044/4044
f 2335/4043/4043 141/4044/4044 2336/4045/4045
f 2336/4045/4045 141/4044/4044 140/4046/4046
f 2336/4045/4045 140/4046/4046 2337/4047/4047
f 2337/4047/4047 140/4046/4046 139/4048/4048
f 2337/4047/4047 139/4048/4048 2338/4049/4049
f 2338/4049/4049 139/4048/4048 138/4050/4050
f 2338/4049/4049 138/4050/4050 2339/4051/4051
f 2339/4051/4051 138/4050/4050 137/4052/4052
f 2339/4051/4051 137/4052/4052 2340/4053/4053
f 2340/4053/4053 137/4052/4052 2341/4054/4054
f 2341/4054/4054 137/4052/4052 136/4055/4055
f 2341/4054/4054 136/4055/4055 2342/4056/4056
f 2342/4056/4056 136/4055/4055 135/4057/4057
f 2342/4056/4056 135/4057/4057 2343/4058/4058
f 2343/4058/4058 135/4057/4057 134/4059/4059
f 2343/4058/4058 134/4059/4059 2344/4060/4060
f 2344/4060/4060 134/4059/4059 2345/4061/4061
f 2345/4061/4061 134/4059/4059 133/4062/4062
f 2345/4061/4061 133/4062/4062 2346/4063/4063
f 2346/4063/4063 133/4062/4062 132/4064/4064
f 2346/4063/4063 132/4064/4064 2347/4065/4065
f 2347/4065/4065 132/4064/4064 131/4066/4066
f 2347/4065/4065 131/4066/4066 130/4067/4067
f 129/4068/4068 2349/4069/4069 130/4067/4067
f 130/4067/4067 2349/4069/4069 2348/4070/4070
f 130/4067/4067 2348/4070/4070 2347/4065/4065
f 2349/4069/4069 129/4068/4068 2350/3676/3676
f 2350/3676/3676 129/4068/4068 128/3674/3674
# 2406 vertices
# 4070 texture params
# 4070 normals
# 4812 facets

# 1 groups
